[304月2026 15:44:51.481] [main/INFO] [cpw.mods.modlauncher.Launcher/MODLAUNCHER]: ModLauncher running: args [--launchTarget, forgeclientdev, --version, 21.1.219, --assetIndex, 17, --assetsDir, C:\\Users\\User\\.gradle\\caches\\neoformruntime\\assets, --gameDir, ., --fml.fmlVersion, 4.0.42, --fml.mcVersion, 1.21.1, --fml.neoForgeVersion, 21.1.219, --fml.neoFormVersion, 20240808.144430]
[304月2026 15:44:51.491] [main/INFO] [cpw.mods.modlauncher.Launcher/MODLAUNCHER]: JVM identified as Eclipse Adoptium OpenJDK 64-Bit Server VM 21.0.8+9-LTS
[304月2026 15:44:51.493] [main/INFO] [cpw.mods.modlauncher.Launcher/MODLAUNCHER]: ModLauncher 11.0.5+main.901c6ea8 starting: java version 21.0.8 by Eclipse Adoptium; OS Windows 11 arch amd64 version 10.0
[304月2026 15:44:51.527] [main/DEBUG] [cpw.mods.modlauncher.LaunchServiceHandler/MODLAUNCHER]: Found launch services [minecraft,forgeclient,forgedatauserdev,testharness,forgeserverdev,forgeserveruserdev,forgejunitdev,forgeclientdev,forgeclientuserdev,forgeserver,forgejunituserdev,forgedatadev]
[304月2026 15:44:51.552] [main/DEBUG] [cpw.mods.modlauncher.LaunchPluginHandler/MODLAUNCHER]: Found launch plugins: [mixin,slf4jfixer,runtime_enum_extender,accesstransformer,runtimedistcleaner]
[304月2026 15:44:51.567] [main/DEBUG] [cpw.mods.modlauncher.TransformationServicesHandler/MODLAUNCHER]: Discovering transformation services
[304月2026 15:44:51.573] [main/DEBUG] [net.neoforged.fml.loading.FMLPaths/CORE]: Path GAMEDIR is D:\chemistry_mod_xample\Chemistrial\run
[304月2026 15:44:51.574] [main/DEBUG] [net.neoforged.fml.loading.FMLPaths/CORE]: Path MODSDIR is D:\chemistry_mod_xample\Chemistrial\run\mods
[304月2026 15:44:51.574] [main/DEBUG] [net.neoforged.fml.loading.FMLPaths/CORE]: Path CONFIGDIR is D:\chemistry_mod_xample\Chemistrial\run\config
[304月2026 15:44:51.574] [main/DEBUG] [net.neoforged.fml.loading.FMLPaths/CORE]: Path FMLCONFIG is D:\chemistry_mod_xample\Chemistrial\run\config\fml.toml
[304月2026 15:44:51.661] [main/DEBUG] [net.neoforged.fml.loading.targets.CommonLaunchHandler/CORE]: Got mod coordinates chemistrial%%D:\chemistry_mod_xample\Chemistrial\build\classes\java\main;chemistrial%%D:\chemistry_mod_xample\Chemistrial\build\resources\main from env
[304月2026 15:44:51.666] [main/DEBUG] [net.neoforged.fml.loading.targets.CommonLaunchHandler/CORE]: Found supplied mod coordinates [{chemistrial=[D:\chemistry_mod_xample\Chemistrial\build\classes\java\main, D:\chemistry_mod_xample\Chemistrial\build\resources\main]}]
[304月2026 15:44:51.670] [main/DEBUG] [cpw.mods.modlauncher.TransformationServicesHandler/MODLAUNCHER]: Found additional transformation services from discovery services: 
[304月2026 15:44:51.681] [main/INFO] [net.neoforged.fml.loading.ImmediateWindowHandler/]: Loading ImmediateWindowProvider fmlearlywindow
[304月2026 15:44:51.869] [main/INFO] [EARLYDISPLAY/]: Trying GL version 4.6
[304月2026 15:44:52.173] [main/INFO] [EARLYDISPLAY/]: Requested GL version 4.6 got version 4.6
[304月2026 15:44:52.304] [main/DEBUG] [cpw.mods.modlauncher.TransformationServicesHandler/MODLAUNCHER]: Found transformer services : [mixin,fml]
[304月2026 15:44:52.305] [main/DEBUG] [cpw.mods.modlauncher.TransformationServicesHandler/MODLAUNCHER]: Transformation services loading
[304月2026 15:44:52.306] [main/DEBUG] [cpw.mods.modlauncher.TransformationServiceDecorator/MODLAUNCHER]: Loading service mixin
[304月2026 15:44:52.306] [main/DEBUG] [cpw.mods.modlauncher.TransformationServiceDecorator/MODLAUNCHER]: Loaded service mixin
[304月2026 15:44:52.306] [main/DEBUG] [cpw.mods.modlauncher.TransformationServiceDecorator/MODLAUNCHER]: Loading service fml
[304月2026 15:44:52.307] [main/DEBUG] [net.neoforged.fml.loading.FMLLoader/CORE]: FML 4.0.42 loading
[304月2026 15:44:52.308] [main/DEBUG] [net.neoforged.fml.loading.FMLLoader/CORE]: FML found ModLauncher version : 11.0.5+main.901c6ea8
[304月2026 15:44:52.308] [main/DEBUG] [net.neoforged.fml.loading.FMLLoader/CORE]: FML found AccessTransformer version : 10.0.1+139da711
[304月2026 15:44:52.309] [main/DEBUG] [net.neoforged.fml.loading.FMLLoader/CORE]: FML found EventBus version : null
[304月2026 15:44:52.310] [main/DEBUG] [net.neoforged.fml.loading.FMLLoader/CORE]: Found Runtime Dist Cleaner
[304月2026 15:44:52.310] [main/DEBUG] [cpw.mods.modlauncher.TransformationServiceDecorator/MODLAUNCHER]: Loaded service fml
[304月2026 15:44:52.312] [main/DEBUG] [cpw.mods.modlauncher.TransformationServicesHandler/MODLAUNCHER]: Configuring option handling for services
[304月2026 15:44:52.369] [main/DEBUG] [net.neoforged.fml.loading.FMLServiceProvider/CORE]: Received command line version data  : VersionInfo[neoForgeVersion=21.1.219, fmlVersion=4.0.42, mcVersion=1.21.1, neoFormVersion=20240808.144430]
[304月2026 15:44:52.369] [main/DEBUG] [cpw.mods.modlauncher.TransformationServicesHandler/MODLAUNCHER]: Transformation services initializing
[304月2026 15:44:52.370] [main/DEBUG] [cpw.mods.modlauncher.TransformationServiceDecorator/MODLAUNCHER]: Initializing transformation service mixin
[304月2026 15:44:52.406] [main/DEBUG] [mixin/]: MixinService [ModLauncher] was successfully booted in cpw.mods.cl.ModuleClassLoader@18bf3d14
[304月2026 15:44:52.435] [main/INFO] [mixin/]: SpongePowered MIXIN Subsystem Version=0.8.7 Source=union:/C:/Users/User/.gradle/caches/modules-2/files-2.1/net.fabricmc/sponge-mixin/0.15.2+mixin.0.8.7/2af2f021d8e02a0220dc27a7a72b4666d66d44ca/sponge-mixin-0.15.2+mixin.0.8.7.jar%23138!/ Service=ModLauncher Env=CLIENT
[304月2026 15:44:52.443] [main/DEBUG] [mixin/]: Initialising Mixin Platform Manager
[304月2026 15:44:52.443] [main/DEBUG] [mixin/]: Adding mixin platform agents for container ModLauncher Root Container(ModLauncher:4f56a0a2)
[304月2026 15:44:52.445] [main/DEBUG] [mixin/]: Instancing new MixinPlatformAgentMinecraftForge for ModLauncher Root Container(ModLauncher:4f56a0a2)
[304月2026 15:44:52.446] [main/DEBUG] [mixin/]: MixinPlatformAgentMinecraftForge rejected container ModLauncher Root Container(ModLauncher:4f56a0a2)
[304月2026 15:44:52.447] [main/DEBUG] [mixin/]: Instancing new MixinPlatformAgentDefault for ModLauncher Root Container(ModLauncher:4f56a0a2)
[304月2026 15:44:52.448] [main/DEBUG] [mixin/]: MixinPlatformAgentDefault accepted container ModLauncher Root Container(ModLauncher:4f56a0a2)
[304月2026 15:44:52.452] [main/DEBUG] [cpw.mods.modlauncher.TransformationServiceDecorator/MODLAUNCHER]: Initialized transformation service mixin
[304月2026 15:44:52.453] [main/DEBUG] [cpw.mods.modlauncher.TransformationServiceDecorator/MODLAUNCHER]: Initializing transformation service fml
[304月2026 15:44:52.453] [main/DEBUG] [net.neoforged.fml.loading.FMLServiceProvider/CORE]: Setting up basic FML game directories
[304月2026 15:44:52.454] [main/DEBUG] [net.neoforged.fml.loading.FMLPaths/CORE]: Path GAMEDIR is D:\chemistry_mod_xample\Chemistrial\run
[304月2026 15:44:52.455] [main/DEBUG] [net.neoforged.fml.loading.FMLPaths/CORE]: Path MODSDIR is D:\chemistry_mod_xample\Chemistrial\run\mods
[304月2026 15:44:52.455] [main/DEBUG] [net.neoforged.fml.loading.FMLPaths/CORE]: Path CONFIGDIR is D:\chemistry_mod_xample\Chemistrial\run\config
[304月2026 15:44:52.455] [main/DEBUG] [net.neoforged.fml.loading.FMLPaths/CORE]: Path FMLCONFIG is D:\chemistry_mod_xample\Chemistrial\run\config\fml.toml
[304月2026 15:44:52.456] [main/DEBUG] [net.neoforged.fml.loading.FMLServiceProvider/CORE]: Loading configuration
[304月2026 15:44:52.462] [main/DEBUG] [net.neoforged.fml.loading.FMLServiceProvider/CORE]: Preparing launch handler
[304月2026 15:44:52.464] [main/DEBUG] [net.neoforged.fml.loading.FMLLoader/CORE]: Using forgeclientdev as launch service
[304月2026 15:44:52.471] [main/DEBUG] [cpw.mods.modlauncher.TransformationServiceDecorator/MODLAUNCHER]: Initialized transformation service fml
[304月2026 15:44:52.472] [main/DEBUG] [cpw.mods.modlauncher.TransformationServicesHandler/MODLAUNCHER]: Transformation services begin scanning
[304月2026 15:44:52.474] [main/DEBUG] [cpw.mods.modlauncher.TransformationServiceDecorator/MODLAUNCHER]: Beginning scan trigger - transformation service mixin
[304月2026 15:44:52.474] [main/DEBUG] [cpw.mods.modlauncher.TransformationServiceDecorator/MODLAUNCHER]: End scan trigger - transformation service mixin
[304月2026 15:44:52.475] [main/DEBUG] [cpw.mods.modlauncher.TransformationServiceDecorator/MODLAUNCHER]: Beginning scan trigger - transformation service fml
[304月2026 15:44:52.475] [main/DEBUG] [net.neoforged.fml.loading.FMLServiceProvider/CORE]: Initiating mod scan
[304月2026 15:44:52.476] [main/DEBUG] [net.neoforged.fml.loading.targets.CommonLaunchHandler/CORE]: Got mod coordinates chemistrial%%D:\chemistry_mod_xample\Chemistrial\build\classes\java\main;chemistrial%%D:\chemistry_mod_xample\Chemistrial\build\resources\main from env
[304月2026 15:44:52.477] [main/DEBUG] [net.neoforged.fml.loading.targets.CommonLaunchHandler/CORE]: Found supplied mod coordinates [{chemistrial=[D:\chemistry_mod_xample\Chemistrial\build\classes\java\main, D:\chemistry_mod_xample\Chemistrial\build\resources\main]}]
[304月2026 15:44:52.483] [main/DEBUG] [net.neoforged.fml.loading.targets.CommonDevLaunchHandler/]: Launching with NeoForge from D:\chemistry_mod_xample\Chemistrial\build\moddev\artifacts\neoforge-21.1.219.jar
[304月2026 15:44:52.521] [main/DEBUG] [net.neoforged.fml.util.ServiceLoaderUtil/CORE]: Found 4 implementations of IModFileCandidateLocator:
[304月2026 15:44:52.522] [main/DEBUG] [net.neoforged.fml.util.ServiceLoaderUtil/CORE]: 	       0 - [built-in] net.neoforged.fml.loading.moddiscovery.locators.NeoForgeDevProvider from loader-4.0.42.jar
[304月2026 15:44:52.523] [main/DEBUG] [net.neoforged.fml.util.ServiceLoaderUtil/CORE]: 	       0 - net.neoforged.fml.loading.moddiscovery.locators.ModsFolderLocator from loader-4.0.42.jar
[304月2026 15:44:52.523] [main/DEBUG] [net.neoforged.fml.util.ServiceLoaderUtil/CORE]: 	       0 - net.neoforged.fml.loading.moddiscovery.locators.MavenDirectoryLocator from loader-4.0.42.jar
[304月2026 15:44:52.525] [main/DEBUG] [net.neoforged.fml.util.ServiceLoaderUtil/CORE]: 	   -1000 - [built-in] net.neoforged.fml.loading.moddiscovery.locators.UserdevLocator from loader-4.0.42.jar
[304月2026 15:44:52.530] [main/DEBUG] [net.neoforged.fml.util.ServiceLoaderUtil/CORE]: Found 2 implementations of IModFileReader:
[304月2026 15:44:52.531] [main/DEBUG] [net.neoforged.fml.util.ServiceLoaderUtil/CORE]: 	       0 - net.neoforged.fml.loading.moddiscovery.readers.JarModsDotTomlModFileReader from loader-4.0.42.jar
[304月2026 15:44:52.532] [main/DEBUG] [net.neoforged.fml.util.ServiceLoaderUtil/CORE]: 	   -1000 - net.neoforged.fml.loading.moddiscovery.readers.NestedLibraryModReader from loader-4.0.42.jar
[304月2026 15:44:52.534] [main/DEBUG] [net.neoforged.fml.util.ServiceLoaderUtil/CORE]: Found 1 implementations of IDependencyLocator:
[304月2026 15:44:52.535] [main/DEBUG] [net.neoforged.fml.util.ServiceLoaderUtil/CORE]: 	       0 - net.neoforged.fml.loading.moddiscovery.locators.JarInJarDependencyLocator from loader-4.0.42.jar
[304月2026 15:44:52.704] [main/DEBUG] [net.neoforged.fml.loading.moddiscovery.ModFileInfo/LOADING]: Found valid mod file neoforge-21.1.219.jar with {minecraft} mods - versions {1.21.1}
[304月2026 15:44:52.738] [main/DEBUG] [net.neoforged.fml.loading.moddiscovery.ModFileParser/LOADING]: Considering mod file candidate D:\chemistry_mod_xample\Chemistrial\build\moddev\artifacts\neoforge-21.1.219.jar
[304月2026 15:44:52.796] [main/DEBUG] [net.neoforged.fml.loading.moddiscovery.ModFileInfo/LOADING]: Found valid mod file neoforge-21.1.219.jar with {neoforge} mods - versions {21.1.219}
[304月2026 15:44:52.812] [main/DEBUG] [net.neoforged.fml.loading.moddiscovery.ModFileParser/LOADING]: Considering mod file candidate D:\chemistry_mod_xample\Chemistrial\run\mods\cloth-config-15.0.140-neoforge.jar
[304月2026 15:44:52.831] [main/DEBUG] [net.neoforged.fml.loading.moddiscovery.ModFileInfo/LOADING]: Found valid mod file cloth-config-15.0.140-neoforge.jar with {cloth_config} mods - versions {15.0.140}
[304月2026 15:44:52.838] [main/DEBUG] [net.neoforged.fml.loading.moddiscovery.ModListHandler/CORE]: Found mod coordinates from lists: []
[304月2026 15:44:52.841] [main/DEBUG] [net.neoforged.fml.loading.moddiscovery.ModFileParser/LOADING]: Considering mod file candidate D:\chemistry_mod_xample\Chemistrial\build\classes\java\main
[304月2026 15:44:52.849] [main/DEBUG] [net.neoforged.fml.loading.moddiscovery.ModFileInfo/LOADING]: Found valid mod file main with {chemistrial} mods - versions {1.0}
[304月2026 15:44:52.875] [main/DEBUG] [net.neoforged.fml.loading.moddiscovery.ModFileParser/LOADING]: Considering mod file candidate D:\chemistry_mod_xample\Chemistrial\libs\tfmg-1.2.0.jar
[304月2026 15:44:52.883] [main/DEBUG] [net.neoforged.fml.loading.moddiscovery.ModFileInfo/LOADING]: Found valid mod file tfmg-1.2.0.jar with {tfmg} mods - versions {1.2.0}
[304月2026 15:44:52.888] [main/DEBUG] [net.neoforged.fml.loading.moddiscovery.ModFileParser/LOADING]: Considering mod file candidate D:\chemistry_mod_xample\Chemistrial\libs\Chemica-0.5.1.jar
[304月2026 15:44:52.895] [main/DEBUG] [net.neoforged.fml.loading.moddiscovery.ModFileInfo/LOADING]: Found valid mod file Chemica-0.5.1.jar with {chemica} mods - versions {0.5.1}
[304月2026 15:44:52.945] [main/DEBUG] [net.neoforged.fml.loading.moddiscovery.ModFileParser/LOADING]: Considering mod file candidate D:\chemistry_mod_xample\Chemistrial\build\moddev\artifacts\neoforge-21.1.219.jar
[304月2026 15:44:52.972] [main/DEBUG] [net.neoforged.fml.loading.moddiscovery.ModFileInfo/LOADING]: Found valid mod file neoforge-21.1.219.jar with {neoforge} mods - versions {21.1.219}
[304月2026 15:44:53.010] [pool-2-thread-1/INFO] [EARLYDISPLAY/]: GL info: AMD Radeon 740M Graphics GL version 4.6.0 Core Profile Context 24.30.58.250511, ATI Technologies Inc.
[304月2026 15:44:53.024] [main/DEBUG] [net.neoforged.fml.loading.moddiscovery.ModFileParser/LOADING]: Considering mod file candidate C:\Users\User\.gradle\caches\modules-2\files-2.1\com.simibubi.create\create-1.21.1\6.0.9-215\fb5df63dd9992d768cb2693d65bad74c3bab93c0\create-1.21.1-6.0.9-215-slim.jar
[304月2026 15:44:53.060] [main/DEBUG] [net.neoforged.fml.loading.moddiscovery.ModFileInfo/LOADING]: Found valid mod file create-1.21.1-6.0.9-215-slim.jar with {create} mods - versions {6.0.9}
[304月2026 15:44:53.079] [main/DEBUG] [net.neoforged.fml.loading.moddiscovery.ModFileParser/LOADING]: Considering mod file candidate C:\Users\User\.gradle\caches\modules-2\files-2.1\net.createmod.ponder\ponder-neoforge\1.0.81+mc1.21.1\33d5fda0be2726256eb4722f1da2dad5d073d08d\ponder-neoforge-1.0.81+mc1.21.1.jar
[304月2026 15:44:53.083] [main/DEBUG] [net.neoforged.fml.loading.moddiscovery.ModFileInfo/LOADING]: Found valid mod file ponder-neoforge-1.0.81+mc1.21.1.jar with {ponder} mods - versions {1.0.81+mc1.21.1}
[304月2026 15:44:53.089] [main/DEBUG] [net.neoforged.fml.loading.moddiscovery.ModFileParser/LOADING]: Considering mod file candidate C:\Users\User\.gradle\caches\modules-2\files-2.1\dev.engine-room.flywheel\flywheel-neoforge-1.21.1\1.0.6\a943872ad0bdd4458d818d8d7dc123fb250eb744\flywheel-neoforge-1.21.1-1.0.6.jar
[304月2026 15:44:53.092] [main/DEBUG] [net.neoforged.fml.loading.moddiscovery.ModFileInfo/LOADING]: Found valid mod file flywheel-neoforge-1.21.1-1.0.6.jar with {flywheel} mods - versions {1.0.6}
[304月2026 15:44:53.173] [main/DEBUG] [net.neoforged.fml.loading.moddiscovery.ModDiscoverer/]: Skipping C:\Users\User\.gradle\caches\modules-2\files-2.1\net.neoforged.fancymodloader\earlydisplay\4.0.42\46555dbfff14e9e052f1f693aed14d542a74e111\earlydisplay-4.0.42.jar because it was already located earlier
[304月2026 15:44:53.174] [main/DEBUG] [net.neoforged.fml.loading.moddiscovery.ModDiscoverer/]: Skipping C:\Users\User\.gradle\caches\modules-2\files-2.1\net.neoforged.fancymodloader\loader\4.0.42\76e15f98bf676fb44b36c5e776f52a55581ec43a\loader-4.0.42.jar because it was already located earlier
[304月2026 15:44:53.174] [main/DEBUG] [net.neoforged.fml.loading.moddiscovery.ModDiscoverer/]: Skipping C:\Users\User\.gradle\caches\modules-2\files-2.1\net.neoforged.accesstransformers\at-modlauncher\10.0.1\5aba50202aceead086bc09fbc2751c9f05cb4890\at-modlauncher-10.0.1.jar because it was already located earlier
[304月2026 15:44:53.174] [main/DEBUG] [net.neoforged.fml.loading.moddiscovery.ModDiscoverer/]: Skipping C:\Users\User\.gradle\caches\modules-2\files-2.1\net.neoforged\accesstransformers\10.0.1\fd83b5725f76eae9115e9355fa1c456a6a441400\accesstransformers-10.0.1.jar because it was already located earlier
[304月2026 15:44:53.175] [main/DEBUG] [net.neoforged.fml.loading.moddiscovery.ModDiscoverer/]: Skipping C:\Users\User\.gradle\caches\modules-2\files-2.1\net.neoforged\bus\8.0.5\5b2d33285ab5d1554e9798ad98c40d6ea3868bd5\bus-8.0.5.jar because it was already located earlier
[304月2026 15:44:53.175] [main/DEBUG] [net.neoforged.fml.loading.moddiscovery.ModDiscoverer/]: Skipping C:\Users\User\.gradle\caches\modules-2\files-2.1\net.neoforged\coremods\7.0.3\9147e6f638b4272b3bd5fc8f92ad37802512c6c\coremods-7.0.3.jar because it was already located earlier
[304月2026 15:44:53.175] [main/DEBUG] [net.neoforged.fml.loading.moddiscovery.ModDiscoverer/]: Skipping C:\Users\User\.gradle\caches\modules-2\files-2.1\cpw.mods\modlauncher\11.0.5\b8f0d49294f733fdb6173931b263553e943dc950\modlauncher-11.0.5.jar because it was already located earlier
[304月2026 15:44:53.175] [main/DEBUG] [net.neoforged.fml.loading.moddiscovery.ModDiscoverer/]: Skipping C:\Users\User\.gradle\caches\modules-2\files-2.1\net.neoforged\mergetool\2.0.0\52fe1949be64e3303aabaaa21e315f551db9c9f4\mergetool-2.0.0-api.jar because it was already located earlier
[304月2026 15:44:53.175] [main/DEBUG] [net.neoforged.fml.loading.moddiscovery.ModDiscoverer/]: Skipping C:\Users\User\.gradle\caches\modules-2\files-2.1\com.electronwill.night-config\toml\3.8.3\90b2fd6efcb4a7d5b9810cf78f9d824994d717f2\toml-3.8.3.jar because it was already located earlier
[304月2026 15:44:53.176] [main/DEBUG] [net.neoforged.fml.loading.moddiscovery.ModDiscoverer/]: Skipping C:\Users\User\.gradle\caches\modules-2\files-2.1\com.electronwill.night-config\core\3.8.3\b442a95f09e349927f5a945ecb594455870fcf4f\core-3.8.3.jar because it was already located earlier
[304月2026 15:44:53.176] [main/DEBUG] [net.neoforged.fml.loading.moddiscovery.ModDiscoverer/]: Skipping C:\Users\User\.gradle\caches\modules-2\files-2.1\net.neoforged\JarJarSelector\0.4.1\fb3cc7a58af22ad2880adb98af6d518128c47dae\JarJarSelector-0.4.1.jar because it was already located earlier
[304月2026 15:44:53.176] [main/DEBUG] [net.neoforged.fml.loading.moddiscovery.ModDiscoverer/]: Skipping C:\Users\User\.gradle\caches\modules-2\files-2.1\net.neoforged\JarJarMetadata\0.4.1\f8da03683dc81694556dc3e177c5e3bb77ae6fcb\JarJarMetadata-0.4.1.jar because it was already located earlier
[304月2026 15:44:53.176] [main/DEBUG] [net.neoforged.fml.loading.moddiscovery.ModDiscoverer/]: Skipping C:\Users\User\.gradle\caches\modules-2\files-2.1\org.apache.maven\maven-artifact\3.8.5\4433f50c07debefaed0553bd0068f4f48d449313\maven-artifact-3.8.5.jar because it was already located earlier
[304月2026 15:44:53.176] [main/DEBUG] [net.neoforged.fml.loading.moddiscovery.ModDiscoverer/]: Skipping C:\Users\User\.gradle\caches\modules-2\files-2.1\net.jodah\typetools\0.6.3\a01aaa6ddaea9ec07ec4f209487b7a46a526283a\typetools-0.6.3.jar because it was already located earlier
[304月2026 15:44:53.176] [main/DEBUG] [net.neoforged.fml.loading.moddiscovery.ModDiscoverer/]: Skipping C:\Users\User\.gradle\caches\modules-2\files-2.1\net.minecrell\terminalconsoleappender\1.3.0\b562e9bb61235c9520e26282cdee71f8f802d1fc\terminalconsoleappender-1.3.0.jar because it was already located earlier
[304月2026 15:44:53.176] [main/DEBUG] [net.neoforged.fml.loading.moddiscovery.ModDiscoverer/]: Skipping C:\Users\User\.gradle\caches\modules-2\files-2.1\net.fabricmc\sponge-mixin\0.15.2+mixin.0.8.7\2af2f021d8e02a0220dc27a7a72b4666d66d44ca\sponge-mixin-0.15.2+mixin.0.8.7.jar because it was already located earlier
[304月2026 15:44:53.176] [main/DEBUG] [net.neoforged.fml.loading.moddiscovery.ModDiscoverer/]: Skipping C:\Users\User\.gradle\caches\modules-2\files-2.1\org.openjdk.nashorn\nashorn-core\15.4\f67f5ffaa5f5130cf6fb9b133da00c7df3b532a5\nashorn-core-15.4.jar because it was already located earlier
[304月2026 15:44:53.176] [main/DEBUG] [net.neoforged.fml.loading.moddiscovery.ModDiscoverer/]: Skipping C:\Users\User\.gradle\caches\modules-2\files-2.1\org.apache.commons\commons-lang3\3.14.0\1ed471194b02f2c6cb734a0cd6f6f107c673afae\commons-lang3-3.14.0.jar because it was already located earlier
[304月2026 15:44:53.176] [main/DEBUG] [net.neoforged.fml.loading.moddiscovery.ModDiscoverer/]: Skipping C:\Users\User\.gradle\caches\modules-2\files-2.1\net.sf.jopt-simple\jopt-simple\5.0.4\4fdac2fbe92dfad86aa6e9301736f6b4342a3f5c\jopt-simple-5.0.4.jar because it was already located earlier
[304月2026 15:44:53.177] [main/DEBUG] [net.neoforged.fml.loading.moddiscovery.ModDiscoverer/]: Skipping C:\Users\User\.gradle\caches\modules-2\files-2.1\commons-io\commons-io\2.15.1\f11560da189ab563a5c8e351941415430e9304ea\commons-io-2.15.1.jar because it was already located earlier
[304月2026 15:44:53.177] [main/DEBUG] [net.neoforged.fml.loading.moddiscovery.ModDiscoverer/]: Skipping C:\Users\User\.gradle\caches\modules-2\files-2.1\com.mojang\logging\1.2.7\24cb95ffb0e3433fd6e844c04e68009e504ca1c0\logging-1.2.7.jar because it was already located earlier
[304月2026 15:44:53.177] [main/DEBUG] [net.neoforged.fml.loading.moddiscovery.ModDiscoverer/]: Skipping C:\Users\User\.gradle\caches\modules-2\files-2.1\org.apache.logging.log4j\log4j-slf4j2-impl\2.22.1\d7e6693c2606cb7e7335047d7bb96dec52db5665\log4j-slf4j2-impl-2.22.1.jar because it was already located earlier
[304月2026 15:44:53.177] [main/DEBUG] [net.neoforged.fml.loading.moddiscovery.ModDiscoverer/]: Skipping C:\Users\User\.gradle\caches\modules-2\files-2.1\org.apache.logging.log4j\log4j-core\2.22.1\7183a25510a02ad00cc6a95d3b3d2a7d3c5a8dc4\log4j-core-2.22.1.jar because it was already located earlier
[304月2026 15:44:53.177] [main/DEBUG] [net.neoforged.fml.loading.moddiscovery.ModDiscoverer/]: Skipping C:\Users\User\.gradle\caches\modules-2\files-2.1\org.apache.logging.log4j\log4j-api\2.22.1\bea6fede6328fabafd7e68363161a7ea6605abd1\log4j-api-2.22.1.jar because it was already located earlier
[304月2026 15:44:53.177] [main/DEBUG] [net.neoforged.fml.loading.moddiscovery.ModDiscoverer/]: Skipping C:\Users\User\.gradle\caches\modules-2\files-2.1\com.google.guava\guava\32.1.2-jre\5e64ec7e056456bef3a4bc4c6fdaef71e8ab6318\guava-32.1.2-jre.jar because it was already located earlier
[304月2026 15:44:53.178] [main/DEBUG] [net.neoforged.fml.loading.moddiscovery.ModDiscoverer/]: Skipping C:\Users\User\.gradle\caches\modules-2\files-2.1\com.google.code.gson\gson\2.10.1\b3add478d4382b78ea20b1671390a858002feb6c\gson-2.10.1.jar because it was already located earlier
[304月2026 15:44:53.178] [main/DEBUG] [net.neoforged.fml.loading.moddiscovery.ModDiscoverer/]: Skipping C:\Users\User\.gradle\caches\modules-2\files-2.1\org.slf4j\slf4j-api\2.0.9\7cf2726fdcfbc8610f9a71fb3ed639871f315340\slf4j-api-2.0.9.jar because it was already located earlier
[304月2026 15:44:53.178] [main/DEBUG] [net.neoforged.fml.loading.moddiscovery.ModDiscoverer/]: Skipping C:\Users\User\.gradle\caches\modules-2\files-2.1\org.antlr\antlr4-runtime\4.13.1\17125bae1d965624e265ef49552f6465a2bfa307\antlr4-runtime-4.13.1.jar because it was already located earlier
[304月2026 15:44:53.179] [main/DEBUG] [net.neoforged.fml.loading.moddiscovery.ModDiscoverer/]: Skipping C:\Users\User\.gradle\caches\modules-2\files-2.1\net.minecraftforge\srgutils\0.4.15\ca408b131759478f164e010fae0d73997e125fb5\srgutils-0.4.15.jar because it was already located earlier
[304月2026 15:44:53.179] [main/DEBUG] [net.neoforged.fml.loading.moddiscovery.ModDiscoverer/]: Skipping C:\Users\User\.gradle\caches\modules-2\files-2.1\org.codehaus.plexus\plexus-utils\3.3.0\cf43b5391de623b36fe066a21127baef82c64022\plexus-utils-3.3.0.jar because it was already located earlier
[304月2026 15:44:53.180] [main/DEBUG] [net.neoforged.fml.loading.moddiscovery.ModDiscoverer/]: Skipping C:\Users\User\.gradle\caches\modules-2\files-2.1\org.jline\jline-reader\3.20.0\8f15415b022a25b473e8e16c28ae913186ffb9c4\jline-reader-3.20.0.jar because it was already located earlier
[304月2026 15:44:53.180] [main/DEBUG] [net.neoforged.fml.loading.moddiscovery.ModDiscoverer/]: Skipping C:\Users\User\.gradle\caches\modules-2\files-2.1\com.machinezoo.noexception\noexception\1.7.1\b65330c98e38a1f915fa54a6e5eca496505e3f0a\noexception-1.7.1.jar because it was already located earlier
[304月2026 15:44:53.180] [main/DEBUG] [net.neoforged.fml.loading.moddiscovery.ModDiscoverer/]: Skipping C:\Users\User\.gradle\caches\modules-2\files-2.1\com.github.oshi\oshi-core\6.4.10\b1d8ab82d11d92fd639b56d639f8f46f739dd5fa\oshi-core-6.4.10.jar because it was already located earlier
[304月2026 15:44:53.181] [main/DEBUG] [net.neoforged.fml.loading.moddiscovery.ModDiscoverer/]: Skipping C:\Users\User\.gradle\caches\modules-2\files-2.1\com.google.guava\failureaccess\1.0.1\1dcf1de382a0bf95a3d8b0849546c88bac1292c9\failureaccess-1.0.1.jar because it was already located earlier
[304月2026 15:44:53.181] [main/DEBUG] [net.neoforged.fml.loading.moddiscovery.ModDiscoverer/]: Skipping C:\Users\User\.gradle\caches\modules-2\files-2.1\com.ibm.icu\icu4j\73.2\61ad4ef7f9131fcf6d25c34b817f90d6da06c9e9\icu4j-73.2.jar because it was already located earlier
[304月2026 15:44:53.181] [main/DEBUG] [net.neoforged.fml.loading.moddiscovery.ModDiscoverer/]: Skipping C:\Users\User\.gradle\caches\modules-2\files-2.1\com.mojang\authlib\6.0.54\de8bc95660e1b2fe8793fd427a7a10dcec5b3ea7\authlib-6.0.54.jar because it was already located earlier
[304月2026 15:44:53.181] [main/DEBUG] [net.neoforged.fml.loading.moddiscovery.ModDiscoverer/]: Skipping C:\Users\User\.gradle\caches\modules-2\files-2.1\com.mojang\blocklist\1.0.10\5c685c5ffa94c4cd39496c7184c1d122e515ecef\blocklist-1.0.10.jar because it was already located earlier
[304月2026 15:44:53.182] [main/DEBUG] [net.neoforged.fml.loading.moddiscovery.ModDiscoverer/]: Skipping C:\Users\User\.gradle\caches\modules-2\files-2.1\com.mojang\brigadier\1.3.10\d15b53a14cf20fdcaa98f731af5dda654452c010\brigadier-1.3.10.jar because it was already located earlier
[304月2026 15:44:53.182] [main/DEBUG] [net.neoforged.fml.loading.moddiscovery.ModDiscoverer/]: Skipping C:\Users\User\.gradle\caches\modules-2\files-2.1\com.mojang\datafixerupper\8.0.16\67d4de6d7f95d89bcf5862995fb854ebaec02a34\datafixerupper-8.0.16.jar because it was already located earlier
[304月2026 15:44:53.182] [main/DEBUG] [net.neoforged.fml.loading.moddiscovery.ModDiscoverer/]: Skipping C:\Users\User\.gradle\caches\modules-2\files-2.1\com.mojang\patchy\2.2.10\da05971b07cbb379d002cf7eaec6a2048211fefc\patchy-2.2.10.jar because it was already located earlier
[304月2026 15:44:53.182] [main/DEBUG] [net.neoforged.fml.loading.moddiscovery.ModDiscoverer/]: Skipping C:\Users\User\.gradle\caches\modules-2\files-2.1\com.mojang\text2speech\1.17.9\3cad216e3a7f0c19b4b394388bc9ffc446f13b14\text2speech-1.17.9.jar because it was already located earlier
[304月2026 15:44:53.183] [main/DEBUG] [net.neoforged.fml.loading.moddiscovery.ModDiscoverer/]: Skipping C:\Users\User\.gradle\caches\modules-2\files-2.1\commons-codec\commons-codec\1.16.0\4e3eb3d79888d76b54e28b350915b5dc3919c9de\commons-codec-1.16.0.jar because it was already located earlier
[304月2026 15:44:53.183] [main/DEBUG] [net.neoforged.fml.loading.moddiscovery.ModDiscoverer/]: Skipping C:\Users\User\.gradle\caches\modules-2\files-2.1\commons-logging\commons-logging\1.2\4bfc12adfe4842bf07b657f0369c4cb522955686\commons-logging-1.2.jar because it was already located earlier
[304月2026 15:44:53.183] [main/DEBUG] [net.neoforged.fml.loading.moddiscovery.ModDiscoverer/]: Skipping C:\Users\User\.gradle\caches\modules-2\files-2.1\io.netty\netty-buffer\4.1.97.Final\f8f3d8644afa5e6e1a40a3a6aeb9d9aa970ecb4f\netty-buffer-4.1.97.Final.jar because it was already located earlier
[304月2026 15:44:53.183] [main/DEBUG] [net.neoforged.fml.loading.moddiscovery.ModDiscoverer/]: Skipping C:\Users\User\.gradle\caches\modules-2\files-2.1\io.netty\netty-codec\4.1.97.Final\384ba4d75670befbedb45c4d3b497a93639c206d\netty-codec-4.1.97.Final.jar because it was already located earlier
[304月2026 15:44:53.183] [main/DEBUG] [net.neoforged.fml.loading.moddiscovery.ModDiscoverer/]: Skipping C:\Users\User\.gradle\caches\modules-2\files-2.1\io.netty\netty-common\4.1.97.Final\7cceacaf11df8dc63f23d0fb58e9d4640fc88404\netty-common-4.1.97.Final.jar because it was already located earlier
[304月2026 15:44:53.183] [main/DEBUG] [net.neoforged.fml.loading.moddiscovery.ModDiscoverer/]: Skipping C:\Users\User\.gradle\caches\modules-2\files-2.1\io.netty\netty-handler\4.1.97.Final\abb86c6906bf512bf2b797a41cd7d2e8d3cd7c36\netty-handler-4.1.97.Final.jar because it was already located earlier
[304月2026 15:44:53.183] [main/DEBUG] [net.neoforged.fml.loading.moddiscovery.ModDiscoverer/]: Skipping C:\Users\User\.gradle\caches\modules-2\files-2.1\io.netty\netty-resolver\4.1.97.Final\cec8348108dc76c47cf87c669d514be52c922144\netty-resolver-4.1.97.Final.jar because it was already located earlier
[304月2026 15:44:53.183] [main/DEBUG] [net.neoforged.fml.loading.moddiscovery.ModDiscoverer/]: Skipping C:\Users\User\.gradle\caches\modules-2\files-2.1\io.netty\netty-transport-classes-epoll\4.1.97.Final\795da37ded759e862457a82d9d92c4d39ce8ecee\netty-transport-classes-epoll-4.1.97.Final.jar because it was already located earlier
[304月2026 15:44:53.183] [main/DEBUG] [net.neoforged.fml.loading.moddiscovery.ModDiscoverer/]: Skipping C:\Users\User\.gradle\caches\modules-2\files-2.1\io.netty\netty-transport-native-unix-common\4.1.97.Final\d469d84265ab70095b01b40886cabdd433b6e664\netty-transport-native-unix-common-4.1.97.Final.jar because it was already located earlier
[304月2026 15:44:53.183] [main/DEBUG] [net.neoforged.fml.loading.moddiscovery.ModDiscoverer/]: Skipping C:\Users\User\.gradle\caches\modules-2\files-2.1\io.netty\netty-transport\4.1.97.Final\f37380d23c9bb079bc702910833b2fd532c9abd0\netty-transport-4.1.97.Final.jar because it was already located earlier
[304月2026 15:44:53.185] [main/DEBUG] [net.neoforged.fml.loading.moddiscovery.ModDiscoverer/]: Skipping C:\Users\User\.gradle\caches\modules-2\files-2.1\it.unimi.dsi\fastutil\8.5.12\c24946d46824bd528054bface3231d2ecb7e95e8\fastutil-8.5.12.jar because it was already located earlier
[304月2026 15:44:53.185] [main/DEBUG] [net.neoforged.fml.loading.moddiscovery.ModDiscoverer/]: Skipping C:\Users\User\.gradle\caches\modules-2\files-2.1\net.java.dev.jna\jna-platform\5.14.0\28934d48aed814f11e4c584da55c49fa7032b31b\jna-platform-5.14.0.jar because it was already located earlier
[304月2026 15:44:53.185] [main/DEBUG] [net.neoforged.fml.loading.moddiscovery.ModDiscoverer/]: Skipping C:\Users\User\.gradle\caches\modules-2\files-2.1\net.java.dev.jna\jna\5.14.0\67bf3eaea4f0718cb376a181a629e5f88fa1c9dd\jna-5.14.0.jar because it was already located earlier
[304月2026 15:44:53.187] [main/DEBUG] [net.neoforged.fml.loading.moddiscovery.ModDiscoverer/]: Skipping C:\Users\User\.gradle\caches\modules-2\files-2.1\org.apache.commons\commons-compress\1.26.0\659feffdd12280201c8aacb8f7be94f9a883c824\commons-compress-1.26.0.jar because it was already located earlier
[304月2026 15:44:53.187] [main/DEBUG] [net.neoforged.fml.loading.moddiscovery.ModDiscoverer/]: Skipping C:\Users\User\.gradle\caches\modules-2\files-2.1\org.apache.httpcomponents\httpclient\4.5.13\e5f6cae5ca7ecaac1ec2827a9e2d65ae2869cada\httpclient-4.5.13.jar because it was already located earlier
[304月2026 15:44:53.187] [main/DEBUG] [net.neoforged.fml.loading.moddiscovery.ModDiscoverer/]: Skipping C:\Users\User\.gradle\caches\modules-2\files-2.1\org.apache.httpcomponents\httpcore\4.4.16\51cf043c87253c9f58b539c9f7e44c8894223850\httpcore-4.4.16.jar because it was already located earlier
[304月2026 15:44:53.187] [main/DEBUG] [net.neoforged.fml.loading.moddiscovery.ModDiscoverer/]: Skipping C:\Users\User\.gradle\caches\modules-2\files-2.1\org.jcraft\jorbis\0.0.17\8872d22b293e8f5d7d56ff92be966e6dc28ebdc6\jorbis-0.0.17.jar because it was already located earlier
[304月2026 15:44:53.187] [main/DEBUG] [net.neoforged.fml.loading.moddiscovery.ModDiscoverer/]: Skipping C:\Users\User\.gradle\caches\modules-2\files-2.1\org.joml\joml\1.10.5\22566d58af70ad3d72308bab63b8339906deb649\joml-1.10.5.jar because it was already located earlier
[304月2026 15:44:53.188] [main/DEBUG] [net.neoforged.fml.loading.moddiscovery.ModDiscoverer/]: Skipping C:\Users\User\.gradle\caches\modules-2\files-2.1\org.lwjgl\lwjgl-freetype\3.3.3\a0db6c84a8becc8ca05f9dbfa985edc348a824c7\lwjgl-freetype-3.3.3.jar because it was already located earlier
[304月2026 15:44:53.200] [main/DEBUG] [net.neoforged.fml.loading.moddiscovery.ModDiscoverer/]: Skipping C:\Users\User\.gradle\caches\modules-2\files-2.1\org.lwjgl\lwjgl-freetype\3.3.3\15a8c1de7f51d07a92eae7ce1222557073a0c0c3\lwjgl-freetype-3.3.3-natives-windows-x86.jar because it was already located earlier
[304月2026 15:44:53.200] [main/DEBUG] [net.neoforged.fml.loading.moddiscovery.ModDiscoverer/]: Skipping C:\Users\User\.gradle\caches\modules-2\files-2.1\org.lwjgl\lwjgl-glfw\3.3.3\efa1eb78c5ccd840e9f329717109b5e892d72f8e\lwjgl-glfw-3.3.3.jar because it was already located earlier
[304月2026 15:44:53.210] [main/DEBUG] [net.neoforged.fml.loading.moddiscovery.ModDiscoverer/]: Skipping C:\Users\User\.gradle\caches\modules-2\files-2.1\org.lwjgl\lwjgl-glfw\3.3.3\32334f3fd5270a59bad9939a93115acb6de36dcf\lwjgl-glfw-3.3.3-natives-windows-x86.jar because it was already located earlier
[304月2026 15:44:53.211] [main/DEBUG] [net.neoforged.fml.loading.moddiscovery.ModDiscoverer/]: Skipping C:\Users\User\.gradle\caches\modules-2\files-2.1\org.lwjgl\lwjgl-jemalloc\3.3.3\b543467b7ff3c6920539a88ee602d34098628be5\lwjgl-jemalloc-3.3.3.jar because it was already located earlier
[304月2026 15:44:53.211] [main/DEBUG] [net.neoforged.fml.loading.moddiscovery.ModDiscoverer/]: Skipping C:\Users\User\.gradle\caches\modules-2\files-2.1\org.lwjgl\lwjgl-jemalloc\3.3.3\426222fc027602a5f21b9c0fe79cde6a4c7a011f\lwjgl-jemalloc-3.3.3-natives-windows.jar because it was already located earlier
[304月2026 15:44:53.223] [main/DEBUG] [net.neoforged.fml.loading.moddiscovery.ModDiscoverer/]: Skipping C:\Users\User\.gradle\caches\modules-2\files-2.1\org.lwjgl\lwjgl-openal\3.3.3\daada81ceb5fc0c291fbfdd4433cb8d9423577f2\lwjgl-openal-3.3.3.jar because it was already located earlier
[304月2026 15:44:53.237] [main/DEBUG] [net.neoforged.fml.loading.moddiscovery.ModDiscoverer/]: Skipping C:\Users\User\.gradle\caches\modules-2\files-2.1\org.lwjgl\lwjgl-openal\3.3.3\87b8d5050e3adb46bb58fe1cb2669a4a48fce10d\lwjgl-openal-3.3.3-natives-windows-x86.jar because it was already located earlier
[304月2026 15:44:53.237] [main/DEBUG] [net.neoforged.fml.loading.moddiscovery.ModDiscoverer/]: Skipping C:\Users\User\.gradle\caches\modules-2\files-2.1\org.lwjgl\lwjgl-opengl\3.3.3\2f6b0147078396a58979125a4c947664e98293a\lwjgl-opengl-3.3.3.jar because it was already located earlier
[304月2026 15:44:53.243] [main/DEBUG] [net.neoforged.fml.loading.moddiscovery.ModDiscoverer/]: Skipping C:\Users\User\.gradle\caches\modules-2\files-2.1\org.lwjgl\lwjgl-opengl\3.3.3\65e956d3735a1abdc82eff4baec1b61174697d4b\lwjgl-opengl-3.3.3-natives-windows-arm64.jar because it was already located earlier
[304月2026 15:44:53.247] [main/DEBUG] [net.neoforged.fml.loading.moddiscovery.ModDiscoverer/]: Skipping C:\Users\User\.gradle\caches\modules-2\files-2.1\org.lwjgl\lwjgl-stb\3.3.3\25dd6161988d7e65f71d5065c99902402ee32746\lwjgl-stb-3.3.3.jar because it was already located earlier
[304月2026 15:44:53.248] [main/DEBUG] [net.neoforged.fml.loading.moddiscovery.ModDiscoverer/]: Skipping C:\Users\User\.gradle\caches\modules-2\files-2.1\org.lwjgl\lwjgl-stb\3.3.3\1d9facdf6541de114b0f963be33505b7679c78cb\lwjgl-stb-3.3.3-natives-windows.jar because it was already located earlier
[304月2026 15:44:53.260] [main/DEBUG] [net.neoforged.fml.loading.moddiscovery.ModDiscoverer/]: Skipping C:\Users\User\.gradle\caches\modules-2\files-2.1\org.lwjgl\lwjgl-tinyfd\3.3.3\82d755ca94b102e9ca77283b9e2dc46d1b15fbe5\lwjgl-tinyfd-3.3.3.jar because it was already located earlier
[304月2026 15:44:53.260] [main/DEBUG] [net.neoforged.fml.loading.moddiscovery.ModDiscoverer/]: Skipping C:\Users\User\.gradle\caches\modules-2\files-2.1\org.lwjgl\lwjgl-tinyfd\3.3.3\a6697981b0449a5087c1d546fc08b4f73e8f98c9\lwjgl-tinyfd-3.3.3-natives-windows.jar because it was already located earlier
[304月2026 15:44:53.270] [main/DEBUG] [net.neoforged.fml.loading.moddiscovery.ModDiscoverer/]: Skipping C:\Users\User\.gradle\caches\modules-2\files-2.1\org.lwjgl\lwjgl\3.3.3\29589b5f87ed335a6c7e7ee6a5775f81f97ecb84\lwjgl-3.3.3.jar because it was already located earlier
[304月2026 15:44:53.279] [main/DEBUG] [net.neoforged.fml.loading.moddiscovery.ModDiscoverer/]: Skipping C:\Users\User\.gradle\caches\modules-2\files-2.1\org.lwjgl\lwjgl\3.3.3\9e670718e050aeaeea0c2d5b907cffb142f2e58f\lwjgl-3.3.3-natives-windows-x86.jar because it was already located earlier
[304月2026 15:44:53.279] [main/DEBUG] [net.neoforged.fml.loading.moddiscovery.ModDiscoverer/]: Skipping C:\Users\User\.gradle\caches\modules-2\files-2.1\org.lz4\lz4-java\1.8.0\4b986a99445e49ea5fbf5d149c4b63f6ed6c6780\lz4-java-1.8.0.jar because it was already located earlier
[304月2026 15:44:53.280] [main/DEBUG] [net.neoforged.fml.loading.moddiscovery.ModDiscoverer/]: Skipping C:\Users\User\.gradle\caches\modules-2\files-2.1\org.jline\jline-terminal\3.20.0\d0ddcc708ddf527a3454c941b7b9225cc83a15ff\jline-terminal-3.20.0.jar because it was already located earlier
[304月2026 15:44:53.280] [main/DEBUG] [net.neoforged.fml.loading.moddiscovery.ModDiscoverer/]: Skipping C:\Users\User\.gradle\caches\modules-2\files-2.1\com.google.guava\listenablefuture\9999.0-empty-to-avoid-conflict-with-guava\b421526c5f297295adef1c886e5246c39d4ac629\listenablefuture-9999.0-empty-to-avoid-conflict-with-guava.jar because it was already located earlier
[304月2026 15:44:53.280] [main/DEBUG] [net.neoforged.fml.loading.moddiscovery.ModDiscoverer/]: Skipping C:\Users\User\.gradle\caches\modules-2\files-2.1\com.google.code.findbugs\jsr305\3.0.2\25ea2e8b0c338a877313bd4672d3fe056ea78f0d\jsr305-3.0.2.jar because it was already located earlier
[304月2026 15:44:53.280] [main/DEBUG] [net.neoforged.fml.loading.moddiscovery.ModDiscoverer/]: Skipping C:\Users\User\.gradle\caches\modules-2\files-2.1\org.checkerframework\checker-qual\3.33.0\de2b60b62da487644fc11f734e73c8b0b431238f\checker-qual-3.33.0.jar because it was already located earlier
[304月2026 15:44:53.280] [main/DEBUG] [net.neoforged.fml.loading.moddiscovery.ModDiscoverer/]: Skipping C:\Users\User\.gradle\caches\modules-2\files-2.1\com.google.errorprone\error_prone_annotations\2.18.0\89b684257096f548fa39a7df9fdaa409d4d4df91\error_prone_annotations-2.18.0.jar because it was already located earlier
[304月2026 15:44:53.280] [main/DEBUG] [net.neoforged.fml.loading.moddiscovery.ModDiscoverer/]: Skipping C:\Users\User\.gradle\caches\modules-2\files-2.1\com.google.j2objc\j2objc-annotations\2.8\c85270e307e7b822f1086b93689124b89768e273\j2objc-annotations-2.8.jar because it was already located earlier
[304月2026 15:44:53.283] [main/DEBUG] [net.neoforged.fml.loading.UniqueModListBuilder/]: Found 2 mods for first modid neoforge, selecting most recent based on version data
[304月2026 15:44:53.284] [main/DEBUG] [net.neoforged.fml.loading.UniqueModListBuilder/]: Selected file neoforge-21.1.219.jar for modid neoforge with version 21.1.219
[304月2026 15:44:53.537] [main/INFO] [net.neoforged.fml.loading.moddiscovery.locators.JarInJarDependencyLocator/]: Found 2 dependencies adding them to mods collection
[304月2026 15:44:53.541] [main/INFO] [net.neoforged.fml.loading.moddiscovery.ModDiscoverer/]: 
     Mod List:
		Name Version (Mod Id)

		Chemica 0.5.1 (chemica)
		Chemistrial 1.0 (chemistrial)
		Cloth Config v15 API 15.0.140 (cloth_config)
		Create 6.0.9 (create)
		Create: The Factory Must Grow 1.2.0 (tfmg)
		Flywheel 1.0.6 (flywheel)
		Minecraft 1.21.1 (minecraft)
		NeoForge 21.1.219 (neoforge)
		Ponder 1.0.81+mc1.21.1 (ponder)
[304月2026 15:44:53.544] [main/DEBUG] [net.neoforged.fml.loading.moddiscovery.ModFileInfo/LOADING]: Found valid mod file neoforge-21.1.219.jar with {minecraft} mods - versions {1.21.1}
[304月2026 15:44:53.549] [main/DEBUG] [net.neoforged.fml.loading.moddiscovery.ModFile/LOADING]: Loading mod file D:\chemistry_mod_xample\Chemistrial\build\moddev\artifacts\neoforge-21.1.219.jar with languages [LanguageSpec[languageName=minecraft, acceptedVersions=1]]
[304月2026 15:44:53.551] [main/DEBUG] [net.neoforged.fml.loading.moddiscovery.ModFileParser/LOADING]: Considering mod file candidate D:\chemistry_mod_xample\Chemistrial\run\mods\cloth-config-15.0.140-neoforge.jar
[304月2026 15:44:53.554] [main/DEBUG] [net.neoforged.fml.loading.moddiscovery.ModFileInfo/LOADING]: Found valid mod file cloth-config-15.0.140-neoforge.jar with {cloth_config} mods - versions {15.0.140}
[304月2026 15:44:53.555] [main/DEBUG] [net.neoforged.fml.loading.moddiscovery.ModFile/LOADING]: Loading mod file D:\chemistry_mod_xample\Chemistrial\run\mods\cloth-config-15.0.140-neoforge.jar with languages [LanguageSpec[languageName=javafml, acceptedVersions=[1,)]]
[304月2026 15:44:53.555] [main/DEBUG] [net.neoforged.fml.loading.moddiscovery.ModFileParser/LOADING]: Considering mod file candidate D:\chemistry_mod_xample\Chemistrial\build\classes\java\main
[304月2026 15:44:53.558] [main/DEBUG] [net.neoforged.fml.loading.moddiscovery.ModFileInfo/LOADING]: Found valid mod file main with {chemistrial} mods - versions {1.0}
[304月2026 15:44:53.559] [main/DEBUG] [net.neoforged.fml.loading.moddiscovery.ModFile/LOADING]: Loading mod file D:\chemistry_mod_xample\Chemistrial\build\classes\java\main with languages [LanguageSpec[languageName=javafml, acceptedVersions=[4,)]]
[304月2026 15:44:53.561] [main/DEBUG] [net.neoforged.fml.loading.moddiscovery.ModFile/LOADING]: Found mixin config MixinConfig[config=chemistrial.mixins.json, requiredMods=[]]
[304月2026 15:44:53.561] [main/DEBUG] [net.neoforged.fml.loading.moddiscovery.ModFileParser/LOADING]: Considering mod file candidate C:\Users\User\.gradle\caches\modules-2\files-2.1\dev.engine-room.flywheel\flywheel-neoforge-1.21.1\1.0.6\a943872ad0bdd4458d818d8d7dc123fb250eb744\flywheel-neoforge-1.21.1-1.0.6.jar
[304月2026 15:44:53.563] [main/DEBUG] [net.neoforged.fml.loading.moddiscovery.ModFileInfo/LOADING]: Found valid mod file flywheel-neoforge-1.21.1-1.0.6.jar with {flywheel} mods - versions {1.0.6}
[304月2026 15:44:53.564] [main/DEBUG] [net.neoforged.fml.loading.moddiscovery.ModFile/LOADING]: Loading mod file C:\Users\User\.gradle\caches\modules-2\files-2.1\dev.engine-room.flywheel\flywheel-neoforge-1.21.1\1.0.6\a943872ad0bdd4458d818d8d7dc123fb250eb744\flywheel-neoforge-1.21.1-1.0.6.jar with languages [LanguageSpec[languageName=javafml, acceptedVersions=[0,)]]
[304月2026 15:44:53.564] [main/DEBUG] [net.neoforged.fml.loading.moddiscovery.ModFile/LOADING]: Found mixin config MixinConfig[config=flywheel.backend.mixins.json, requiredMods=[]]
[304月2026 15:44:53.564] [main/DEBUG] [net.neoforged.fml.loading.moddiscovery.ModFile/LOADING]: Found mixin config MixinConfig[config=flywheel.impl.mixins.json, requiredMods=[]]
[304月2026 15:44:53.564] [main/DEBUG] [net.neoforged.fml.loading.moddiscovery.ModFile/LOADING]: Found mixin config MixinConfig[config=flywheel.impl.neoforge.mixins.json, requiredMods=[]]
[304月2026 15:44:53.564] [main/DEBUG] [net.neoforged.fml.loading.moddiscovery.ModFileParser/LOADING]: Considering mod file candidate D:\chemistry_mod_xample\Chemistrial\libs\Chemica-0.5.1.jar
[304月2026 15:44:53.567] [main/DEBUG] [net.neoforged.fml.loading.moddiscovery.ModFileInfo/LOADING]: Found valid mod file Chemica-0.5.1.jar with {chemica} mods - versions {0.5.1}
[304月2026 15:44:53.567] [main/DEBUG] [net.neoforged.fml.loading.moddiscovery.ModFile/LOADING]: Loading mod file D:\chemistry_mod_xample\Chemistrial\libs\Chemica-0.5.1.jar with languages [LanguageSpec[languageName=javafml, acceptedVersions=[4,5)]]
[304月2026 15:44:53.568] [main/DEBUG] [net.neoforged.fml.loading.moddiscovery.ModFile/LOADING]: Found mixin config MixinConfig[config=chemica.mixins.json, requiredMods=[]]
[304月2026 15:44:53.568] [main/DEBUG] [net.neoforged.fml.loading.moddiscovery.ModFileParser/LOADING]: Considering mod file candidate C:\Users\User\.gradle\caches\modules-2\files-2.1\com.simibubi.create\create-1.21.1\6.0.9-215\fb5df63dd9992d768cb2693d65bad74c3bab93c0\create-1.21.1-6.0.9-215-slim.jar
[304月2026 15:44:53.571] [main/DEBUG] [net.neoforged.fml.loading.moddiscovery.ModFileInfo/LOADING]: Found valid mod file create-1.21.1-6.0.9-215-slim.jar with {create} mods - versions {6.0.9}
[304月2026 15:44:53.572] [main/DEBUG] [net.neoforged.fml.loading.moddiscovery.ModFile/LOADING]: Loading mod file C:\Users\User\.gradle\caches\modules-2\files-2.1\com.simibubi.create\create-1.21.1\6.0.9-215\fb5df63dd9992d768cb2693d65bad74c3bab93c0\create-1.21.1-6.0.9-215-slim.jar with languages [LanguageSpec[languageName=javafml, acceptedVersions=[0,)]]
[304月2026 15:44:53.572] [main/DEBUG] [net.neoforged.fml.loading.moddiscovery.ModFile/LOADING]: Found mixin config MixinConfig[config=create.mixins.json, requiredMods=[]]
[304月2026 15:44:53.572] [main/DEBUG] [net.neoforged.fml.loading.moddiscovery.ModFileParser/LOADING]: Considering mod file candidate D:\chemistry_mod_xample\Chemistrial\libs\tfmg-1.2.0.jar
[304月2026 15:44:53.575] [main/DEBUG] [net.neoforged.fml.loading.moddiscovery.ModFileInfo/LOADING]: Found valid mod file tfmg-1.2.0.jar with {tfmg} mods - versions {1.2.0}
[304月2026 15:44:53.576] [main/DEBUG] [net.neoforged.fml.loading.moddiscovery.ModFile/LOADING]: Loading mod file D:\chemistry_mod_xample\Chemistrial\libs\tfmg-1.2.0.jar with languages [LanguageSpec[languageName=javafml, acceptedVersions=[4,)]]
[304月2026 15:44:53.576] [main/DEBUG] [net.neoforged.fml.loading.moddiscovery.ModFile/LOADING]: Found mixin config MixinConfig[config=tfmg.mixins.json, requiredMods=[]]
[304月2026 15:44:53.576] [main/DEBUG] [net.neoforged.fml.loading.moddiscovery.ModFileParser/LOADING]: Considering mod file candidate C:\Users\User\.gradle\caches\modules-2\files-2.1\net.createmod.ponder\ponder-neoforge\1.0.81+mc1.21.1\33d5fda0be2726256eb4722f1da2dad5d073d08d\ponder-neoforge-1.0.81+mc1.21.1.jar
[304月2026 15:44:53.578] [main/DEBUG] [net.neoforged.fml.loading.moddiscovery.ModFileInfo/LOADING]: Found valid mod file ponder-neoforge-1.0.81+mc1.21.1.jar with {ponder} mods - versions {1.0.81+mc1.21.1}
[304月2026 15:44:53.579] [main/DEBUG] [net.neoforged.fml.loading.moddiscovery.ModFile/LOADING]: Loading mod file C:\Users\User\.gradle\caches\modules-2\files-2.1\net.createmod.ponder\ponder-neoforge\1.0.81+mc1.21.1\33d5fda0be2726256eb4722f1da2dad5d073d08d\ponder-neoforge-1.0.81+mc1.21.1.jar with languages [LanguageSpec[languageName=javafml, acceptedVersions=[0,)]]
[304月2026 15:44:53.580] [main/DEBUG] [net.neoforged.fml.loading.moddiscovery.ModFile/LOADING]: Found mixin config MixinConfig[config=ponder.mixins.json, requiredMods=[]]
[304月2026 15:44:53.580] [main/DEBUG] [net.neoforged.fml.loading.moddiscovery.ModFile/LOADING]: Found mixin config MixinConfig[config=ponder-common.mixins.json, requiredMods=[]]
[304月2026 15:44:53.580] [main/DEBUG] [net.neoforged.fml.loading.moddiscovery.ModFileParser/LOADING]: Considering mod file candidate D:\chemistry_mod_xample\Chemistrial\build\moddev\artifacts\neoforge-21.1.219.jar
[304月2026 15:44:53.583] [main/DEBUG] [net.neoforged.fml.loading.moddiscovery.ModFileInfo/LOADING]: Found valid mod file neoforge-21.1.219.jar with {neoforge} mods - versions {21.1.219}
[304月2026 15:44:53.583] [main/DEBUG] [net.neoforged.fml.loading.moddiscovery.ModFile/LOADING]: Loading mod file D:\chemistry_mod_xample\Chemistrial\build\moddev\artifacts\neoforge-21.1.219.jar with languages [LanguageSpec[languageName=javafml, acceptedVersions=[3,]]]
[304月2026 15:44:53.584] [main/DEBUG] [net.neoforged.fml.loading.moddiscovery.ModFile/LOADING]: Found mixin config MixinConfig[config=neoforge.mixins.json, requiredMods=[]]
[304月2026 15:44:53.584] [main/DEBUG] [net.neoforged.fml.loading.moddiscovery.ModFile/LOADING]: Loading mod file  with languages []
[304月2026 15:44:53.584] [main/DEBUG] [net.neoforged.fml.loading.moddiscovery.ModFile/LOADING]: Loading mod file C:\Users\User\.gradle\caches\modules-2\files-2.1\com.tterrag.registrate\Registrate\MC1.21-1.3.0+67\66ddc4cd56472fea1ea1a24182901e6c92a51c0a\Registrate-MC1.21-1.3.0+67.jar with languages []
[304月2026 15:44:53.586] [main/DEBUG] [cpw.mods.modlauncher.TransformationServiceDecorator/MODLAUNCHER]: End scan trigger - transformation service fml
[304月2026 15:44:53.602] [main/DEBUG] [net.neoforged.fml.util.ServiceLoaderUtil/CORE]: Found 3 implementations of IModLanguageLoader:
[304月2026 15:44:53.604] [main/DEBUG] [net.neoforged.fml.util.ServiceLoaderUtil/CORE]: 	net.neoforged.fml.javafmlmod.FMLJavaModLanguageProvider from loader-4.0.42.jar
[304月2026 15:44:53.605] [main/DEBUG] [net.neoforged.fml.util.ServiceLoaderUtil/CORE]: 	net.neoforged.fml.lowcodemod.LowCodeModLanguageProvider from loader-4.0.42.jar
[304月2026 15:44:53.605] [main/DEBUG] [net.neoforged.fml.util.ServiceLoaderUtil/CORE]: 	net.neoforged.fml.mclanguageprovider.MinecraftModLanguageProvider from loader-4.0.42.jar
[304月2026 15:44:53.605] [main/DEBUG] [net.neoforged.fml.loading.LanguageProviderLoader/CORE]: Found language provider javafml, version 4.0.42
[304月2026 15:44:53.607] [main/DEBUG] [net.neoforged.fml.loading.LanguageProviderLoader/CORE]: Found language provider lowcodefml, version 4.0.42
[304月2026 15:44:53.611] [main/DEBUG] [net.neoforged.fml.loading.LanguageProviderLoader/CORE]: Found language provider minecraft, version 4.0.42
[304月2026 15:44:53.628] [main/DEBUG] [net.neoforged.fml.loading.ModSorter/]: Configured system mods: [minecraft, neoforge]
[304月2026 15:44:53.629] [main/DEBUG] [net.neoforged.fml.loading.ModSorter/]: Found system mod: minecraft
[304月2026 15:44:53.629] [main/DEBUG] [net.neoforged.fml.loading.ModSorter/]: Found system mod: neoforge
[304月2026 15:44:53.632] [main/DEBUG] [net.neoforged.fml.loading.ModSorter/LOADING]: Found 30 mod requirements (22 mandatory, 8 optional)
[304月2026 15:44:53.636] [main/DEBUG] [net.neoforged.fml.loading.ModSorter/LOADING]: Found 0 mod requirements missing (0 mandatory, 0 optional)
[304月2026 15:44:53.873] [main/DEBUG] [mixin/]: Adding mixin platform agents for container net.neoforged.fml.loading.mixin.FMLMixinContainerHandle@47ec7422
[304月2026 15:44:53.873] [main/DEBUG] [mixin/]: Instancing new MixinPlatformAgentMinecraftForge for net.neoforged.fml.loading.mixin.FMLMixinContainerHandle@47ec7422
[304月2026 15:44:53.873] [main/DEBUG] [mixin/]: MixinPlatformAgentMinecraftForge rejected container net.neoforged.fml.loading.mixin.FMLMixinContainerHandle@47ec7422
[304月2026 15:44:53.873] [main/DEBUG] [mixin/]: Instancing new MixinPlatformAgentDefault for net.neoforged.fml.loading.mixin.FMLMixinContainerHandle@47ec7422
[304月2026 15:44:53.873] [main/DEBUG] [mixin/]: MixinPlatformAgentDefault accepted container net.neoforged.fml.loading.mixin.FMLMixinContainerHandle@47ec7422
[304月2026 15:44:53.873] [main/DEBUG] [mixin/]: Instancing new FMLMixinPlatformAgent for net.neoforged.fml.loading.mixin.FMLMixinContainerHandle@47ec7422
[304月2026 15:44:53.873] [main/DEBUG] [mixin/]: FMLMixinPlatformAgent accepted container net.neoforged.fml.loading.mixin.FMLMixinContainerHandle@47ec7422
[304月2026 15:44:53.895] [main/DEBUG] [cpw.mods.modlauncher.TransformationServicesHandler/MODLAUNCHER]: Transformation services loading transformers
[304月2026 15:44:53.896] [main/DEBUG] [cpw.mods.modlauncher.TransformationServiceDecorator/MODLAUNCHER]: Initializing transformers for transformation service mixin
[304月2026 15:44:53.897] [main/DEBUG] [cpw.mods.modlauncher.TransformationServiceDecorator/MODLAUNCHER]: Initialized transformers for transformation service mixin
[304月2026 15:44:53.897] [main/DEBUG] [cpw.mods.modlauncher.TransformationServiceDecorator/MODLAUNCHER]: Initializing transformers for transformation service fml
[304月2026 15:44:53.898] [main/DEBUG] [net.neoforged.fml.loading.FMLServiceProvider/LOADING]: Loading coremod transformers
[304月2026 15:44:53.900] [main/DEBUG] [net.neoforged.fml.loading.FMLServiceProvider/CORE]: Not loading coremod script-engine since no mod requested it
[304月2026 15:44:53.904] [main/DEBUG] [net.neoforged.fml.util.ServiceLoaderUtil/CORE]: Found 1 implementations of ICoreMod:
[304月2026 15:44:53.905] [main/DEBUG] [net.neoforged.fml.util.ServiceLoaderUtil/CORE]: 	net.neoforged.neoforge.coremods.NeoForgeCoreMod from neoforge-21.1.219.jar > net.neoforged.neoforge-coremods-21.1.219.jar
[304月2026 15:44:53.953] [main/DEBUG] [net.neoforged.fml.loading.FMLServiceProvider/CORE]: Adding [Target[className=net.minecraft.world.level.biome.Biome, elementName=, elementDescriptor=, targetType=cpw.mods.modlauncher.api.TargetType@34f7234e]] transformer from core-mod net.neoforged.neoforge.coremods.NeoForgeCoreMod@5cbd159f in neoforge-21.1.219.jar > net.neoforged.neoforge-coremods-21.1.219.jar
[304月2026 15:44:53.956] [main/DEBUG] [net.neoforged.fml.loading.FMLServiceProvider/CORE]: Adding [Target[className=net.minecraft.world.level.levelgen.structure.Structure, elementName=, elementDescriptor=, targetType=cpw.mods.modlauncher.api.TargetType@34f7234e]] transformer from core-mod net.neoforged.neoforge.coremods.NeoForgeCoreMod@5cbd159f in neoforge-21.1.219.jar > net.neoforged.neoforge-coremods-21.1.219.jar
[304月2026 15:44:53.956] [main/DEBUG] [net.neoforged.fml.loading.FMLServiceProvider/CORE]: Adding [Target[className=net.minecraft.world.level.block.FlowerPotBlock, elementName=, elementDescriptor=, targetType=cpw.mods.modlauncher.api.TargetType@34f7234e]] transformer from core-mod net.neoforged.neoforge.coremods.NeoForgeCoreMod@5cbd159f in neoforge-21.1.219.jar > net.neoforged.neoforge-coremods-21.1.219.jar
[304月2026 15:44:53.957] [main/DEBUG] [net.neoforged.fml.loading.FMLServiceProvider/CORE]: Adding [Target[className=net/minecraft/world/level/levelgen/PhantomSpawner, elementName=, elementDescriptor=, targetType=cpw.mods.modlauncher.api.TargetType@34f7234e], Target[className=net/minecraft/world/entity/npc/CatSpawner, elementName=, elementDescriptor=, targetType=cpw.mods.modlauncher.api.TargetType@34f7234e], Target[className=net/minecraft/world/entity/npc/Villager, elementName=, elementDescriptor=, targetType=cpw.mods.modlauncher.api.TargetType@34f7234e], Target[className=net/minecraft/world/level/levelgen/structure/structures/WoodlandMansionPieces$WoodlandMansionPiece, elementName=, elementDescriptor=, targetType=cpw.mods.modlauncher.api.TargetType@34f7234e], Target[className=net/minecraft/server/commands/SummonCommand, elementName=, elementDescriptor=, targetType=cpw.mods.modlauncher.api.TargetType@34f7234e], Target[className=net/minecraft/world/entity/raid/Raid, elementName=, elementDescriptor=, targetType=cpw.mods.modlauncher.api.TargetType@34f7234e], Target[className=net/minecraft/world/level/NaturalSpawner, elementName=, elementDescriptor=, targetType=cpw.mods.modlauncher.api.TargetType@34f7234e], Target[className=net/minecraft/world/entity/monster/Spider, elementName=, elementDescriptor=, targetType=cpw.mods.modlauncher.api.TargetType@34f7234e], Target[className=net/minecraft/world/entity/monster/Zombie, elementName=, elementDescriptor=, targetType=cpw.mods.modlauncher.api.TargetType@34f7234e], Target[className=net/minecraft/world/entity/monster/ZombieVillager, elementName=, elementDescriptor=, targetType=cpw.mods.modlauncher.api.TargetType@34f7234e], Target[className=net/minecraft/world/level/levelgen/structure/structures/OceanMonumentPieces$OceanMonumentPiece, elementName=, elementDescriptor=, targetType=cpw.mods.modlauncher.api.TargetType@34f7234e], Target[className=net/minecraft/world/entity/monster/Evoker$EvokerSummonSpellGoal, elementName=, elementDescriptor=, targetType=cpw.mods.modlauncher.api.TargetType@34f7234e], Target[className=net/minecraft/server/commands/RaidCommand, elementName=, elementDescriptor=, targetType=cpw.mods.modlauncher.api.TargetType@34f7234e], Target[className=net/minecraft/world/entity/animal/frog/Tadpole, elementName=, elementDescriptor=, targetType=cpw.mods.modlauncher.api.TargetType@34f7234e], Target[className=net/minecraft/world/level/levelgen/structure/templatesystem/StructureTemplate, elementName=, elementDescriptor=, targetType=cpw.mods.modlauncher.api.TargetType@34f7234e], Target[className=net/minecraft/world/entity/EntityType, elementName=, elementDescriptor=, targetType=cpw.mods.modlauncher.api.TargetType@34f7234e], Target[className=net/minecraft/world/entity/animal/horse/SkeletonTrapGoal, elementName=, elementDescriptor=, targetType=cpw.mods.modlauncher.api.TargetType@34f7234e], Target[className=net/minecraft/world/entity/ai/village/VillageSiege, elementName=, elementDescriptor=, targetType=cpw.mods.modlauncher.api.TargetType@34f7234e], Target[className=net/minecraft/world/entity/monster/Strider, elementName=, elementDescriptor=, targetType=cpw.mods.modlauncher.api.TargetType@34f7234e], Target[className=net/minecraft/world/level/levelgen/structure/structures/SwampHutPiece, elementName=, elementDescriptor=, targetType=cpw.mods.modlauncher.api.TargetType@34f7234e], Target[className=net/minecraft/world/level/levelgen/structure/structures/OceanRuinPieces$OceanRuinPiece, elementName=, elementDescriptor=, targetType=cpw.mods.modlauncher.api.TargetType@34f7234e], Target[className=net/minecraft/world/level/levelgen/PatrolSpawner, elementName=, elementDescriptor=, targetType=cpw.mods.modlauncher.api.TargetType@34f7234e]] transformer from core-mod net.neoforged.neoforge.coremods.NeoForgeCoreMod@5cbd159f in neoforge-21.1.219.jar > net.neoforged.neoforge-coremods-21.1.219.jar
[304月2026 15:44:53.968] [main/DEBUG] [cpw.mods.modlauncher.TransformStore/MODLAUNCHER]: Adding transformer net.neoforged.neoforge.coremods.ReplaceFieldWithGetterAccess@252f626c to Target : cpw.mods.modlauncher.api.TargetType@34f7234e {Lnet/minecraft/world/level/biome/Biome;} {} {V}
[304月2026 15:44:53.972] [main/DEBUG] [cpw.mods.modlauncher.TransformStore/MODLAUNCHER]: Adding transformer net.neoforged.neoforge.coremods.ReplaceFieldWithGetterAccess@7e4d2287 to Target : cpw.mods.modlauncher.api.TargetType@34f7234e {Lnet/minecraft/world/level/levelgen/structure/Structure;} {} {V}
[304月2026 15:44:53.973] [main/DEBUG] [cpw.mods.modlauncher.TransformStore/MODLAUNCHER]: Adding transformer net.neoforged.neoforge.coremods.ReplaceFieldWithGetterAccess@3f4b840d to Target : cpw.mods.modlauncher.api.TargetType@34f7234e {Lnet/minecraft/world/level/block/FlowerPotBlock;} {} {V}
[304月2026 15:44:53.973] [main/DEBUG] [cpw.mods.modlauncher.TransformStore/MODLAUNCHER]: Adding transformer net.neoforged.neoforge.coremods.MethodRedirector@31464a43 to Target : cpw.mods.modlauncher.api.TargetType@34f7234e {Lnet/minecraft/world/level/levelgen/PhantomSpawner;} {} {V}
[304月2026 15:44:53.973] [main/DEBUG] [cpw.mods.modlauncher.TransformStore/MODLAUNCHER]: Adding transformer net.neoforged.neoforge.coremods.MethodRedirector@31464a43 to Target : cpw.mods.modlauncher.api.TargetType@34f7234e {Lnet/minecraft/world/entity/npc/CatSpawner;} {} {V}
[304月2026 15:44:53.973] [main/DEBUG] [cpw.mods.modlauncher.TransformStore/MODLAUNCHER]: Adding transformer net.neoforged.neoforge.coremods.MethodRedirector@31464a43 to Target : cpw.mods.modlauncher.api.TargetType@34f7234e {Lnet/minecraft/world/entity/npc/Villager;} {} {V}
[304月2026 15:44:53.973] [main/DEBUG] [cpw.mods.modlauncher.TransformStore/MODLAUNCHER]: Adding transformer net.neoforged.neoforge.coremods.MethodRedirector@31464a43 to Target : cpw.mods.modlauncher.api.TargetType@34f7234e {Lnet/minecraft/world/level/levelgen/structure/structures/WoodlandMansionPieces$WoodlandMansionPiece;} {} {V}
[304月2026 15:44:53.974] [main/DEBUG] [cpw.mods.modlauncher.TransformStore/MODLAUNCHER]: Adding transformer net.neoforged.neoforge.coremods.MethodRedirector@31464a43 to Target : cpw.mods.modlauncher.api.TargetType@34f7234e {Lnet/minecraft/server/commands/SummonCommand;} {} {V}
[304月2026 15:44:53.974] [main/DEBUG] [cpw.mods.modlauncher.TransformStore/MODLAUNCHER]: Adding transformer net.neoforged.neoforge.coremods.MethodRedirector@31464a43 to Target : cpw.mods.modlauncher.api.TargetType@34f7234e {Lnet/minecraft/world/entity/raid/Raid;} {} {V}
[304月2026 15:44:53.974] [main/DEBUG] [cpw.mods.modlauncher.TransformStore/MODLAUNCHER]: Adding transformer net.neoforged.neoforge.coremods.MethodRedirector@31464a43 to Target : cpw.mods.modlauncher.api.TargetType@34f7234e {Lnet/minecraft/world/level/NaturalSpawner;} {} {V}
[304月2026 15:44:53.974] [main/DEBUG] [cpw.mods.modlauncher.TransformStore/MODLAUNCHER]: Adding transformer net.neoforged.neoforge.coremods.MethodRedirector@31464a43 to Target : cpw.mods.modlauncher.api.TargetType@34f7234e {Lnet/minecraft/world/entity/monster/Spider;} {} {V}
[304月2026 15:44:53.975] [main/DEBUG] [cpw.mods.modlauncher.TransformStore/MODLAUNCHER]: Adding transformer net.neoforged.neoforge.coremods.MethodRedirector@31464a43 to Target : cpw.mods.modlauncher.api.TargetType@34f7234e {Lnet/minecraft/world/entity/monster/Zombie;} {} {V}
[304月2026 15:44:53.975] [main/DEBUG] [cpw.mods.modlauncher.TransformStore/MODLAUNCHER]: Adding transformer net.neoforged.neoforge.coremods.MethodRedirector@31464a43 to Target : cpw.mods.modlauncher.api.TargetType@34f7234e {Lnet/minecraft/world/entity/monster/ZombieVillager;} {} {V}
[304月2026 15:44:53.975] [main/DEBUG] [cpw.mods.modlauncher.TransformStore/MODLAUNCHER]: Adding transformer net.neoforged.neoforge.coremods.MethodRedirector@31464a43 to Target : cpw.mods.modlauncher.api.TargetType@34f7234e {Lnet/minecraft/world/level/levelgen/structure/structures/OceanMonumentPieces$OceanMonumentPiece;} {} {V}
[304月2026 15:44:53.976] [main/DEBUG] [cpw.mods.modlauncher.TransformStore/MODLAUNCHER]: Adding transformer net.neoforged.neoforge.coremods.MethodRedirector@31464a43 to Target : cpw.mods.modlauncher.api.TargetType@34f7234e {Lnet/minecraft/world/entity/monster/Evoker$EvokerSummonSpellGoal;} {} {V}
[304月2026 15:44:53.977] [main/DEBUG] [cpw.mods.modlauncher.TransformStore/MODLAUNCHER]: Adding transformer net.neoforged.neoforge.coremods.MethodRedirector@31464a43 to Target : cpw.mods.modlauncher.api.TargetType@34f7234e {Lnet/minecraft/server/commands/RaidCommand;} {} {V}
[304月2026 15:44:53.977] [main/DEBUG] [cpw.mods.modlauncher.TransformStore/MODLAUNCHER]: Adding transformer net.neoforged.neoforge.coremods.MethodRedirector@31464a43 to Target : cpw.mods.modlauncher.api.TargetType@34f7234e {Lnet/minecraft/world/entity/animal/frog/Tadpole;} {} {V}
[304月2026 15:44:53.977] [main/DEBUG] [cpw.mods.modlauncher.TransformStore/MODLAUNCHER]: Adding transformer net.neoforged.neoforge.coremods.MethodRedirector@31464a43 to Target : cpw.mods.modlauncher.api.TargetType@34f7234e {Lnet/minecraft/world/level/levelgen/structure/templatesystem/StructureTemplate;} {} {V}
[304月2026 15:44:53.978] [main/DEBUG] [cpw.mods.modlauncher.TransformStore/MODLAUNCHER]: Adding transformer net.neoforged.neoforge.coremods.MethodRedirector@31464a43 to Target : cpw.mods.modlauncher.api.TargetType@34f7234e {Lnet/minecraft/world/entity/EntityType;} {} {V}
[304月2026 15:44:53.978] [main/DEBUG] [cpw.mods.modlauncher.TransformStore/MODLAUNCHER]: Adding transformer net.neoforged.neoforge.coremods.MethodRedirector@31464a43 to Target : cpw.mods.modlauncher.api.TargetType@34f7234e {Lnet/minecraft/world/entity/animal/horse/SkeletonTrapGoal;} {} {V}
[304月2026 15:44:53.978] [main/DEBUG] [cpw.mods.modlauncher.TransformStore/MODLAUNCHER]: Adding transformer net.neoforged.neoforge.coremods.MethodRedirector@31464a43 to Target : cpw.mods.modlauncher.api.TargetType@34f7234e {Lnet/minecraft/world/entity/ai/village/VillageSiege;} {} {V}
[304月2026 15:44:53.978] [main/DEBUG] [cpw.mods.modlauncher.TransformStore/MODLAUNCHER]: Adding transformer net.neoforged.neoforge.coremods.MethodRedirector@31464a43 to Target : cpw.mods.modlauncher.api.TargetType@34f7234e {Lnet/minecraft/world/entity/monster/Strider;} {} {V}
[304月2026 15:44:53.979] [main/DEBUG] [cpw.mods.modlauncher.TransformStore/MODLAUNCHER]: Adding transformer net.neoforged.neoforge.coremods.MethodRedirector@31464a43 to Target : cpw.mods.modlauncher.api.TargetType@34f7234e {Lnet/minecraft/world/level/levelgen/structure/structures/SwampHutPiece;} {} {V}
[304月2026 15:44:53.979] [main/DEBUG] [cpw.mods.modlauncher.TransformStore/MODLAUNCHER]: Adding transformer net.neoforged.neoforge.coremods.MethodRedirector@31464a43 to Target : cpw.mods.modlauncher.api.TargetType@34f7234e {Lnet/minecraft/world/level/levelgen/structure/structures/OceanRuinPieces$OceanRuinPiece;} {} {V}
[304月2026 15:44:53.979] [main/DEBUG] [cpw.mods.modlauncher.TransformStore/MODLAUNCHER]: Adding transformer net.neoforged.neoforge.coremods.MethodRedirector@31464a43 to Target : cpw.mods.modlauncher.api.TargetType@34f7234e {Lnet/minecraft/world/level/levelgen/PatrolSpawner;} {} {V}
[304月2026 15:44:53.979] [main/DEBUG] [cpw.mods.modlauncher.TransformationServiceDecorator/MODLAUNCHER]: Initialized transformers for transformation service fml
[304月2026 15:44:54.930] [main/DEBUG] [mixin/]: Processing prepare() for PlatformAgent[MixinPlatformAgentDefault:ModLauncher Root Container(ModLauncher:4f56a0a2)]
[304月2026 15:44:54.930] [main/DEBUG] [mixin/]: Processing prepare() for PlatformAgent[MixinPlatformAgentDefault:net.neoforged.fml.loading.mixin.FMLMixinContainerHandle@47ec7422]
[304月2026 15:44:54.931] [main/DEBUG] [mixin/]: Processing prepare() for PlatformAgent[FMLMixinPlatformAgent:null]
[304月2026 15:44:55.016] [main/DEBUG] [mixin/]: Compatibility level JAVA_21 specified by flywheel.backend.mixins.json is higher than the maximum level supported by this version of mixin (JAVA_13).
[304月2026 15:44:55.022] [main/INFO] [mixin/]: Compatibility level set to JAVA_21
[304月2026 15:44:55.028] [main/DEBUG] [mixin/]: Compatibility level JAVA_17 specified by flywheel.impl.neoforge.mixins.json is higher than the maximum level supported by this version of mixin (JAVA_13).
[304月2026 15:44:55.031] [main/DEBUG] [mixin/]: Compatibility level JAVA_8 specified by tfmg.mixins.json is lower than the default level supported by the current mixin service (JAVA_16).
[304月2026 15:44:55.033] [main/DEBUG] [mixin/]: Compatibility level JAVA_17 specified by ponder.mixins.json is higher than the maximum level supported by this version of mixin (JAVA_13).
[304月2026 15:44:55.036] [main/DEBUG] [mixin/]: Compatibility level JAVA_17 specified by ponder-common.mixins.json is higher than the maximum level supported by this version of mixin (JAVA_13).
[304月2026 15:44:55.043] [main/DEBUG] [mixin/]: Mixin config chemica.mixins.json does not specify "minVersion" or "requiredFeatures" property
[304月2026 15:44:55.044] [main/DEBUG] [mixin/]: Mixin config chemistrial.mixins.json does not specify "minVersion" or "requiredFeatures" property
[304月2026 15:44:55.047] [main/DEBUG] [mixin/]: Processing launch tasks for PlatformAgent[MixinPlatformAgentDefault:ModLauncher Root Container(ModLauncher:4f56a0a2)]
[304月2026 15:44:55.048] [main/DEBUG] [mixin/]: Adding mixin platform agents for container SecureJarResource(mixin_synthetic)
[304月2026 15:44:55.048] [main/DEBUG] [mixin/]: Instancing new MixinPlatformAgentMinecraftForge for SecureJarResource(mixin_synthetic)
[304月2026 15:44:55.048] [main/DEBUG] [mixin/]: MixinPlatformAgentMinecraftForge rejected container SecureJarResource(mixin_synthetic)
[304月2026 15:44:55.048] [main/DEBUG] [mixin/]: Instancing new MixinPlatformAgentDefault for SecureJarResource(mixin_synthetic)
[304月2026 15:44:55.048] [main/DEBUG] [mixin/]: MixinPlatformAgentDefault accepted container SecureJarResource(mixin_synthetic)
[304月2026 15:44:55.048] [main/DEBUG] [mixin/]: Instancing new FMLMixinPlatformAgent for SecureJarResource(mixin_synthetic)
[304月2026 15:44:55.048] [main/DEBUG] [mixin/]: FMLMixinPlatformAgent rejected container SecureJarResource(mixin_synthetic)
[304月2026 15:44:55.049] [main/DEBUG] [mixin/]: Processing prepare() for PlatformAgent[MixinPlatformAgentDefault:SecureJarResource(mixin_synthetic)]
[304月2026 15:44:55.049] [main/DEBUG] [mixin/]: Adding mixin platform agents for container SecureJarResource(minecraft)
[304月2026 15:44:55.049] [main/DEBUG] [mixin/]: Instancing new MixinPlatformAgentMinecraftForge for SecureJarResource(minecraft)
[304月2026 15:44:55.049] [main/DEBUG] [mixin/]: MixinPlatformAgentMinecraftForge rejected container SecureJarResource(minecraft)
[304月2026 15:44:55.049] [main/DEBUG] [mixin/]: Instancing new MixinPlatformAgentDefault for SecureJarResource(minecraft)
[304月2026 15:44:55.049] [main/DEBUG] [mixin/]: MixinPlatformAgentDefault accepted container SecureJarResource(minecraft)
[304月2026 15:44:55.049] [main/DEBUG] [mixin/]: Instancing new FMLMixinPlatformAgent for SecureJarResource(minecraft)
[304月2026 15:44:55.049] [main/DEBUG] [mixin/]: FMLMixinPlatformAgent rejected container SecureJarResource(minecraft)
[304月2026 15:44:55.049] [main/DEBUG] [mixin/]: Processing prepare() for PlatformAgent[MixinPlatformAgentDefault:SecureJarResource(minecraft)]
[304月2026 15:44:55.049] [main/DEBUG] [mixin/]: Adding mixin platform agents for container SecureJarResource(cloth_config)
[304月2026 15:44:55.050] [main/DEBUG] [mixin/]: Instancing new MixinPlatformAgentMinecraftForge for SecureJarResource(cloth_config)
[304月2026 15:44:55.050] [main/DEBUG] [mixin/]: MixinPlatformAgentMinecraftForge rejected container SecureJarResource(cloth_config)
[304月2026 15:44:55.050] [main/DEBUG] [mixin/]: Instancing new MixinPlatformAgentDefault for SecureJarResource(cloth_config)
[304月2026 15:44:55.050] [main/DEBUG] [mixin/]: MixinPlatformAgentDefault accepted container SecureJarResource(cloth_config)
[304月2026 15:44:55.050] [main/DEBUG] [mixin/]: Instancing new FMLMixinPlatformAgent for SecureJarResource(cloth_config)
[304月2026 15:44:55.050] [main/DEBUG] [mixin/]: FMLMixinPlatformAgent rejected container SecureJarResource(cloth_config)
[304月2026 15:44:55.051] [main/DEBUG] [mixin/]: Processing prepare() for PlatformAgent[MixinPlatformAgentDefault:SecureJarResource(cloth_config)]
[304月2026 15:44:55.051] [main/DEBUG] [mixin/]: Adding mixin platform agents for container SecureJarResource(flywheel)
[304月2026 15:44:55.051] [main/DEBUG] [mixin/]: Instancing new MixinPlatformAgentMinecraftForge for SecureJarResource(flywheel)
[304月2026 15:44:55.052] [main/DEBUG] [mixin/]: MixinPlatformAgentMinecraftForge rejected container SecureJarResource(flywheel)
[304月2026 15:44:55.052] [main/DEBUG] [mixin/]: Instancing new MixinPlatformAgentDefault for SecureJarResource(flywheel)
[304月2026 15:44:55.052] [main/DEBUG] [mixin/]: MixinPlatformAgentDefault accepted container SecureJarResource(flywheel)
[304月2026 15:44:55.052] [main/DEBUG] [mixin/]: Instancing new FMLMixinPlatformAgent for SecureJarResource(flywheel)
[304月2026 15:44:55.052] [main/DEBUG] [mixin/]: FMLMixinPlatformAgent rejected container SecureJarResource(flywheel)
[304月2026 15:44:55.052] [main/DEBUG] [mixin/]: Processing prepare() for PlatformAgent[MixinPlatformAgentDefault:SecureJarResource(flywheel)]
[304月2026 15:44:55.053] [main/DEBUG] [mixin/]: Adding mixin platform agents for container SecureJarResource(tfmg)
[304月2026 15:44:55.053] [main/DEBUG] [mixin/]: Instancing new MixinPlatformAgentMinecraftForge for SecureJarResource(tfmg)
[304月2026 15:44:55.053] [main/DEBUG] [mixin/]: MixinPlatformAgentMinecraftForge rejected container SecureJarResource(tfmg)
[304月2026 15:44:55.053] [main/DEBUG] [mixin/]: Instancing new MixinPlatformAgentDefault for SecureJarResource(tfmg)
[304月2026 15:44:55.053] [main/DEBUG] [mixin/]: MixinPlatformAgentDefault accepted container SecureJarResource(tfmg)
[304月2026 15:44:55.053] [main/DEBUG] [mixin/]: Instancing new FMLMixinPlatformAgent for SecureJarResource(tfmg)
[304月2026 15:44:55.053] [main/DEBUG] [mixin/]: FMLMixinPlatformAgent rejected container SecureJarResource(tfmg)
[304月2026 15:44:55.053] [main/DEBUG] [mixin/]: Processing prepare() for PlatformAgent[MixinPlatformAgentDefault:SecureJarResource(tfmg)]
[304月2026 15:44:55.054] [main/DEBUG] [mixin/]: Adding mixin platform agents for container SecureJarResource(ponder)
[304月2026 15:44:55.054] [main/DEBUG] [mixin/]: Instancing new MixinPlatformAgentMinecraftForge for SecureJarResource(ponder)
[304月2026 15:44:55.054] [main/DEBUG] [mixin/]: MixinPlatformAgentMinecraftForge rejected container SecureJarResource(ponder)
[304月2026 15:44:55.054] [main/DEBUG] [mixin/]: Instancing new MixinPlatformAgentDefault for SecureJarResource(ponder)
[304月2026 15:44:55.054] [main/DEBUG] [mixin/]: MixinPlatformAgentDefault accepted container SecureJarResource(ponder)
[304月2026 15:44:55.055] [main/DEBUG] [mixin/]: Instancing new FMLMixinPlatformAgent for SecureJarResource(ponder)
[304月2026 15:44:55.055] [main/DEBUG] [mixin/]: FMLMixinPlatformAgent rejected container SecureJarResource(ponder)
[304月2026 15:44:55.055] [main/DEBUG] [mixin/]: Processing prepare() for PlatformAgent[MixinPlatformAgentDefault:SecureJarResource(ponder)]
[304月2026 15:44:55.055] [main/DEBUG] [mixin/]: Adding mixin platform agents for container SecureJarResource(create)
[304月2026 15:44:55.055] [main/DEBUG] [mixin/]: Instancing new MixinPlatformAgentMinecraftForge for SecureJarResource(create)
[304月2026 15:44:55.055] [main/DEBUG] [mixin/]: MixinPlatformAgentMinecraftForge rejected container SecureJarResource(create)
[304月2026 15:44:55.055] [main/DEBUG] [mixin/]: Instancing new MixinPlatformAgentDefault for SecureJarResource(create)
[304月2026 15:44:55.055] [main/DEBUG] [mixin/]: MixinPlatformAgentDefault accepted container SecureJarResource(create)
[304月2026 15:44:55.055] [main/DEBUG] [mixin/]: Instancing new FMLMixinPlatformAgent for SecureJarResource(create)
[304月2026 15:44:55.055] [main/DEBUG] [mixin/]: FMLMixinPlatformAgent rejected container SecureJarResource(create)
[304月2026 15:44:55.055] [main/DEBUG] [mixin/]: Processing prepare() for PlatformAgent[MixinPlatformAgentDefault:SecureJarResource(create)]
[304月2026 15:44:55.055] [main/DEBUG] [mixin/]: Registering mixin config: create.mixins.json source=SecureJarResource(create)
[304月2026 15:44:55.057] [main/DEBUG] [mixin/]: Adding mixin platform agents for container SecureJarResource(chemica)
[304月2026 15:44:55.057] [main/DEBUG] [mixin/]: Instancing new MixinPlatformAgentMinecraftForge for SecureJarResource(chemica)
[304月2026 15:44:55.058] [main/DEBUG] [mixin/]: MixinPlatformAgentMinecraftForge rejected container SecureJarResource(chemica)
[304月2026 15:44:55.058] [main/DEBUG] [mixin/]: Instancing new MixinPlatformAgentDefault for SecureJarResource(chemica)
[304月2026 15:44:55.058] [main/DEBUG] [mixin/]: MixinPlatformAgentDefault accepted container SecureJarResource(chemica)
[304月2026 15:44:55.058] [main/DEBUG] [mixin/]: Instancing new FMLMixinPlatformAgent for SecureJarResource(chemica)
[304月2026 15:44:55.059] [main/DEBUG] [mixin/]: FMLMixinPlatformAgent rejected container SecureJarResource(chemica)
[304月2026 15:44:55.059] [main/DEBUG] [mixin/]: Processing prepare() for PlatformAgent[MixinPlatformAgentDefault:SecureJarResource(chemica)]
[304月2026 15:44:55.059] [main/DEBUG] [mixin/]: Adding mixin platform agents for container SecureJarResource(chemistrial)
[304月2026 15:44:55.059] [main/DEBUG] [mixin/]: Instancing new MixinPlatformAgentMinecraftForge for SecureJarResource(chemistrial)
[304月2026 15:44:55.060] [main/DEBUG] [mixin/]: MixinPlatformAgentMinecraftForge rejected container SecureJarResource(chemistrial)
[304月2026 15:44:55.060] [main/DEBUG] [mixin/]: Instancing new MixinPlatformAgentDefault for SecureJarResource(chemistrial)
[304月2026 15:44:55.060] [main/DEBUG] [mixin/]: MixinPlatformAgentDefault accepted container SecureJarResource(chemistrial)
[304月2026 15:44:55.060] [main/DEBUG] [mixin/]: Instancing new FMLMixinPlatformAgent for SecureJarResource(chemistrial)
[304月2026 15:44:55.060] [main/DEBUG] [mixin/]: FMLMixinPlatformAgent rejected container SecureJarResource(chemistrial)
[304月2026 15:44:55.060] [main/DEBUG] [mixin/]: Processing prepare() for PlatformAgent[MixinPlatformAgentDefault:SecureJarResource(chemistrial)]
[304月2026 15:44:55.060] [main/DEBUG] [mixin/]: Adding mixin platform agents for container SecureJarResource(mixinextras.neoforge)
[304月2026 15:44:55.061] [main/DEBUG] [mixin/]: Instancing new MixinPlatformAgentMinecraftForge for SecureJarResource(mixinextras.neoforge)
[304月2026 15:44:55.061] [main/DEBUG] [mixin/]: MixinPlatformAgentMinecraftForge rejected container SecureJarResource(mixinextras.neoforge)
[304月2026 15:44:55.061] [main/DEBUG] [mixin/]: Instancing new MixinPlatformAgentDefault for SecureJarResource(mixinextras.neoforge)
[304月2026 15:44:55.061] [main/DEBUG] [mixin/]: MixinPlatformAgentDefault accepted container SecureJarResource(mixinextras.neoforge)
[304月2026 15:44:55.061] [main/DEBUG] [mixin/]: Instancing new FMLMixinPlatformAgent for SecureJarResource(mixinextras.neoforge)
[304月2026 15:44:55.062] [main/DEBUG] [mixin/]: FMLMixinPlatformAgent rejected container SecureJarResource(mixinextras.neoforge)
[304月2026 15:44:55.062] [main/DEBUG] [mixin/]: Processing prepare() for PlatformAgent[MixinPlatformAgentDefault:SecureJarResource(mixinextras.neoforge)]
[304月2026 15:44:55.062] [main/DEBUG] [mixin/]: Registering mixin config: mixinextras.init.mixins.json source=SecureJarResource(mixinextras.neoforge)
[304月2026 15:44:55.064] [main/DEBUG] [mixin/]: Adding mixin platform agents for container SecureJarResource(Registrate.MC1._21._67)
[304月2026 15:44:55.064] [main/DEBUG] [mixin/]: Instancing new MixinPlatformAgentMinecraftForge for SecureJarResource(Registrate.MC1._21._67)
[304月2026 15:44:55.064] [main/DEBUG] [mixin/]: MixinPlatformAgentMinecraftForge rejected container SecureJarResource(Registrate.MC1._21._67)
[304月2026 15:44:55.064] [main/DEBUG] [mixin/]: Instancing new MixinPlatformAgentDefault for SecureJarResource(Registrate.MC1._21._67)
[304月2026 15:44:55.064] [main/DEBUG] [mixin/]: MixinPlatformAgentDefault accepted container SecureJarResource(Registrate.MC1._21._67)
[304月2026 15:44:55.065] [main/DEBUG] [mixin/]: Instancing new FMLMixinPlatformAgent for SecureJarResource(Registrate.MC1._21._67)
[304月2026 15:44:55.065] [main/DEBUG] [mixin/]: FMLMixinPlatformAgent rejected container SecureJarResource(Registrate.MC1._21._67)
[304月2026 15:44:55.065] [main/DEBUG] [mixin/]: Processing prepare() for PlatformAgent[MixinPlatformAgentDefault:SecureJarResource(Registrate.MC1._21._67)]
[304月2026 15:44:55.067] [main/DEBUG] [mixin/]: inject() running with 13 agents
[304月2026 15:44:55.067] [main/DEBUG] [mixin/]: Processing inject() for PlatformAgent[MixinPlatformAgentDefault:ModLauncher Root Container(ModLauncher:4f56a0a2)]
[304月2026 15:44:55.067] [main/DEBUG] [mixin/]: Processing inject() for PlatformAgent[MixinPlatformAgentDefault:net.neoforged.fml.loading.mixin.FMLMixinContainerHandle@47ec7422]
[304月2026 15:44:55.067] [main/DEBUG] [mixin/]: Processing inject() for PlatformAgent[FMLMixinPlatformAgent:null]
[304月2026 15:44:55.067] [main/DEBUG] [mixin/]: Processing inject() for PlatformAgent[MixinPlatformAgentDefault:SecureJarResource(mixin_synthetic)]
[304月2026 15:44:55.067] [main/DEBUG] [mixin/]: Processing inject() for PlatformAgent[MixinPlatformAgentDefault:SecureJarResource(minecraft)]
[304月2026 15:44:55.068] [main/DEBUG] [mixin/]: Processing inject() for PlatformAgent[MixinPlatformAgentDefault:SecureJarResource(cloth_config)]
[304月2026 15:44:55.068] [main/DEBUG] [mixin/]: Processing inject() for PlatformAgent[MixinPlatformAgentDefault:SecureJarResource(flywheel)]
[304月2026 15:44:55.068] [main/DEBUG] [mixin/]: Processing inject() for PlatformAgent[MixinPlatformAgentDefault:SecureJarResource(tfmg)]
[304月2026 15:44:55.068] [main/DEBUG] [mixin/]: Processing inject() for PlatformAgent[MixinPlatformAgentDefault:SecureJarResource(ponder)]
[304月2026 15:44:55.068] [main/DEBUG] [mixin/]: Processing inject() for PlatformAgent[MixinPlatformAgentDefault:SecureJarResource(create)]
[304月2026 15:44:55.068] [main/DEBUG] [mixin/]: Processing inject() for PlatformAgent[MixinPlatformAgentDefault:SecureJarResource(chemica)]
[304月2026 15:44:55.068] [main/DEBUG] [mixin/]: Processing inject() for PlatformAgent[MixinPlatformAgentDefault:SecureJarResource(chemistrial)]
[304月2026 15:44:55.068] [main/DEBUG] [mixin/]: Processing inject() for PlatformAgent[MixinPlatformAgentDefault:SecureJarResource(mixinextras.neoforge)]
[304月2026 15:44:55.068] [main/DEBUG] [mixin/]: Processing inject() for PlatformAgent[MixinPlatformAgentDefault:SecureJarResource(Registrate.MC1._21._67)]
[304月2026 15:44:55.068] [main/INFO] [cpw.mods.modlauncher.LaunchServiceHandler/MODLAUNCHER]: Launching target 'forgeclientdev' with arguments [--version, 21.1.219, --gameDir, ., --assetsDir, C:\Users\User\.gradle\caches\neoformruntime\assets, --assetIndex, 17]
[304月2026 15:44:55.206] [main/DEBUG] [mixin/]: Preparing mixins for MixinEnvironment[DEFAULT]
[304月2026 15:44:55.207] [main/DEBUG] [mixin/]: Selecting config flywheel.backend.mixins.json
[304月2026 15:44:55.225] [main/DEBUG] [mixin/]: Selecting config flywheel.impl.mixins.json
[304月2026 15:44:55.227] [main/DEBUG] [mixin/]: Selecting config flywheel.impl.neoforge.mixins.json
[304月2026 15:44:55.230] [main/DEBUG] [mixin/]: Selecting config tfmg.mixins.json
[304月2026 15:44:55.231] [main/WARN] [mixin/]: Reference map 'tfmg.refmap.json' for tfmg.mixins.json could not be read. If this is a development environment you can ignore this message
[304月2026 15:44:55.231] [main/DEBUG] [mixin/]: Selecting config ponder.mixins.json
[304月2026 15:44:55.232] [main/DEBUG] [mixin/]: Selecting config ponder-common.mixins.json
[304月2026 15:44:55.234] [main/WARN] [mixin/]: Reference map 'ponder.refmap.json' for ponder-common.mixins.json could not be read. If this is a development environment you can ignore this message
[304月2026 15:44:55.234] [main/DEBUG] [mixin/]: Selecting config create.mixins.json
[304月2026 15:44:55.235] [main/DEBUG] [mixin/]: Selecting config chemica.mixins.json
[304月2026 15:44:55.236] [main/DEBUG] [mixin/]: Selecting config chemistrial.mixins.json
[304月2026 15:44:55.237] [main/DEBUG] [mixin/]: Selecting config neoforge.mixins.json
[304月2026 15:44:55.237] [main/DEBUG] [mixin/]: Selecting config mixinextras.init.mixins.json
[304月2026 15:44:55.332] [main/DEBUG] [MixinExtras|Service/]: com.llamalad7.mixinextras.service.MixinExtrasServiceImpl(version=0.5.0) is taking over from null
[304月2026 15:44:55.389] [main/DEBUG] [mixin/]: Registering new injector for @Inject with org.spongepowered.asm.mixin.injection.struct.CallbackInjectionInfo
[304月2026 15:44:55.391] [main/DEBUG] [mixin/]: Registering new injector for @ModifyArg with org.spongepowered.asm.mixin.injection.struct.ModifyArgInjectionInfo
[304月2026 15:44:55.394] [main/DEBUG] [mixin/]: Registering new injector for @ModifyArgs with org.spongepowered.asm.mixin.injection.struct.ModifyArgsInjectionInfo
[304月2026 15:44:55.395] [main/DEBUG] [mixin/]: Registering new injector for @Redirect with org.spongepowered.asm.mixin.injection.struct.RedirectInjectionInfo
[304月2026 15:44:55.399] [main/DEBUG] [mixin/]: Registering new injector for @ModifyVariable with org.spongepowered.asm.mixin.injection.struct.ModifyVariableInjectionInfo
[304月2026 15:44:55.401] [main/DEBUG] [mixin/]: Registering new injector for @ModifyConstant with org.spongepowered.asm.mixin.injection.struct.ModifyConstantInjectionInfo
[304月2026 15:44:55.417] [main/DEBUG] [mixin/]: Preparing flywheel.backend.mixins.json (9)
[304月2026 15:44:55.582] [main/DEBUG] [mixin/]: Preparing flywheel.impl.mixins.json (14)
[304月2026 15:44:55.714] [main/DEBUG] [mixin/]: Preparing flywheel.impl.neoforge.mixins.json (1)
[304月2026 15:44:55.720] [main/DEBUG] [mixin/]: Preparing tfmg.mixins.json (14)
[304月2026 15:44:55.758] [main/DEBUG] [mixin/]: Preparing ponder.mixins.json (1)
[304月2026 15:44:55.766] [main/DEBUG] [mixin/]: Preparing ponder-common.mixins.json (12)
[304月2026 15:44:55.853] [main/DEBUG] [mixin/]: Preparing chemica.mixins.json (3)
[304月2026 15:44:55.858] [main/DEBUG] [mixin/]: Preparing chemistrial.mixins.json (1)
[304月2026 15:44:55.861] [main/DEBUG] [mixin/]: @Mixin target com.drmangotea.tfmg.base.lang.TFMGTexts$Multimeter is public in chemistrial.mixins.json:TFMGTextsMixin from mod chemistrial and should be specified in value
[304月2026 15:44:55.862] [main/DEBUG] [mixin/]: Preparing neoforge.mixins.json (2)
[304月2026 15:44:55.864] [main/DEBUG] [mixin/]: Preparing mixinextras.init.mixins.json (0)
[304月2026 15:44:55.864] [main/DEBUG] [mixin/]: Preparing create.mixins.json (64)
[304月2026 15:44:56.026] [main/WARN] [mixin/]: Error loading class: xaero/map/gui/GuiMap (java.lang.ClassNotFoundException: xaero.map.gui.GuiMap)
[304月2026 15:44:56.026] [main/WARN] [mixin/]: @Mixin target xaero.map.gui.GuiMap was not found create.mixins.json:compat.xaeros.XaeroFullscreenMapAccessor from mod create
[304月2026 15:44:56.027] [main/WARN] [mixin/]: Error loading class: xaero/map/gui/GuiMap (java.lang.ClassNotFoundException: xaero.map.gui.GuiMap)
[304月2026 15:44:56.027] [main/WARN] [mixin/]: @Mixin target xaero.map.gui.GuiMap was not found create.mixins.json:compat.xaeros.XaeroFullscreenMapMixin from mod create
[304月2026 15:44:56.067] [main/WARN] [mixin/]: Error loading class: org/jetbrains/annotations/ApiStatus$ScheduledForRemoval (java.lang.ClassNotFoundException: org.jetbrains.annotations.ApiStatus$ScheduledForRemoval)
[304月2026 15:44:56.091] [main/DEBUG] [mixin/]: Prepared 119 mixins in 0.881 sec (7.4ms avg) (0ms load, 0ms transform, 0ms plugin)
[304月2026 15:44:56.115] [main/INFO] [MixinExtras|Service/]: Initializing MixinExtras via com.llamalad7.mixinextras.service.MixinExtrasServiceImpl(version=0.5.0).
[304月2026 15:44:56.116] [main/DEBUG] [mixin/]: Registering new injector for @SugarWrapper with com.llamalad7.mixinextras.sugar.impl.SugarWrapperInjectionInfo
[304月2026 15:44:56.117] [main/DEBUG] [mixin/]: Registering new injector for @FactoryRedirectWrapper with com.llamalad7.mixinextras.wrapper.factory.FactoryRedirectWrapperInjectionInfo
[304月2026 15:44:56.118] [main/DEBUG] [mixin/]: Registering new injector for @ExpressionInjectorWrapper with com.llamalad7.mixinextras.expression.impl.wrapper.ExpressionInjectorWrapperInjectionInfo
[304月2026 15:44:56.152] [main/DEBUG] [mixin/]: Mixing MinecraftMixin from flywheel.impl.mixins.json into net.minecraft.client.Minecraft
[304月2026 15:44:56.191] [main/DEBUG] [mixin/]: Mixing client.WindowResizeMixin from ponder-common.mixins.json into net.minecraft.client.Minecraft
[304月2026 15:44:56.192] [main/DEBUG] [mixin/]: ponder-common.mixins.json:client.WindowResizeMixin from mod ponder: Class version 65 required is higher than the class version supported by the current version of Mixin (JAVA_17 supports class version 61)
[304月2026 15:44:56.195] [main/DEBUG] [mixin/]: Mixing accessor.MinecraftAccessor from create.mixins.json into net.minecraft.client.Minecraft
[304月2026 15:44:56.252] [main/DEBUG] [mixin/]: flywheel.impl.mixins.json:MinecraftMixin from mod flywheel->@Inject::flywheel$onBeginInitialResourceReload(Lorg/spongepowered/asm/mixin/injection/callback/CallbackInfo;)V doesn't use it's CallbackInfo
[304月2026 15:44:56.253] [main/DEBUG] [mixin/]: flywheel.impl.mixins.json:MinecraftMixin from mod flywheel->@Inject::flywheel$onBeginInitialResourceReload(Lorg/spongepowered/asm/mixin/injection/callback/CallbackInfo;)V has 0 override(s) in child classes
[304月2026 15:44:56.253] [main/DEBUG] [mixin/]: flywheel.impl.mixins.json:MinecraftMixin from mod flywheel->@Inject::flywheel$onBeginInitialResourceReload(Lorg/spongepowered/asm/mixin/injection/callback/CallbackInfo;)V won't be passed a CallbackInfo as a result
[304月2026 15:44:56.253] [main/DEBUG] [mixin/]: flywheel.impl.mixins.json:MinecraftMixin from mod flywheel->@Inject::flywheel$onEndInitialResourceReload(Ljava/lang/Object;Ljava/util/Optional;Lorg/spongepowered/asm/mixin/injection/callback/CallbackInfo;)V doesn't use it's CallbackInfo
[304月2026 15:44:56.253] [main/DEBUG] [mixin/]: flywheel.impl.mixins.json:MinecraftMixin from mod flywheel->@Inject::flywheel$onEndInitialResourceReload(Ljava/lang/Object;Ljava/util/Optional;Lorg/spongepowered/asm/mixin/injection/callback/CallbackInfo;)V has 0 override(s) in child classes
[304月2026 15:44:56.253] [main/DEBUG] [mixin/]: flywheel.impl.mixins.json:MinecraftMixin from mod flywheel->@Inject::flywheel$onEndInitialResourceReload(Ljava/lang/Object;Ljava/util/Optional;Lorg/spongepowered/asm/mixin/injection/callback/CallbackInfo;)V won't be passed a CallbackInfo as a result
[304月2026 15:44:56.256] [main/DEBUG] [mixin/]: flywheel.impl.mixins.json:MinecraftMixin from mod flywheel->@Inject::flywheel$onEndManualResourceReload(ZLjava/lang/Object;Ljava/util/concurrent/CompletableFuture;Ljava/util/Optional;Lorg/spongepowered/asm/mixin/injection/callback/CallbackInfo;)V doesn't use it's CallbackInfo
[304月2026 15:44:56.256] [main/DEBUG] [mixin/]: flywheel.impl.mixins.json:MinecraftMixin from mod flywheel->@Inject::flywheel$onEndManualResourceReload(ZLjava/lang/Object;Ljava/util/concurrent/CompletableFuture;Ljava/util/Optional;Lorg/spongepowered/asm/mixin/injection/callback/CallbackInfo;)V has 0 override(s) in child classes
[304月2026 15:44:56.257] [main/DEBUG] [mixin/]: flywheel.impl.mixins.json:MinecraftMixin from mod flywheel->@Inject::flywheel$onEndManualResourceReload(ZLjava/lang/Object;Ljava/util/concurrent/CompletableFuture;Ljava/util/Optional;Lorg/spongepowered/asm/mixin/injection/callback/CallbackInfo;)V won't be passed a CallbackInfo as a result
[304月2026 15:44:56.257] [main/DEBUG] [mixin/]: ponder-common.mixins.json:client.WindowResizeMixin from mod ponder->@Inject::catnip$updateWindowSize(Lorg/spongepowered/asm/mixin/injection/callback/CallbackInfo;)V doesn't use it's CallbackInfo
[304月2026 15:44:56.257] [main/DEBUG] [mixin/]: ponder-common.mixins.json:client.WindowResizeMixin from mod ponder->@Inject::catnip$updateWindowSize(Lorg/spongepowered/asm/mixin/injection/callback/CallbackInfo;)V has 0 override(s) in child classes
[304月2026 15:44:56.257] [main/DEBUG] [mixin/]: ponder-common.mixins.json:client.WindowResizeMixin from mod ponder->@Inject::catnip$updateWindowSize(Lorg/spongepowered/asm/mixin/injection/callback/CallbackInfo;)V won't be passed a CallbackInfo as a result
[304月2026 15:44:56.519] [main/DEBUG] [io.netty.util.internal.logging.InternalLoggerFactory/]: Using SLF4J as the default logging framework
[304月2026 15:44:56.523] [main/DEBUG] [io.netty.util.ResourceLeakDetector/]: -Dio.netty.leakDetection.level: simple
[304月2026 15:44:56.523] [main/DEBUG] [io.netty.util.ResourceLeakDetector/]: -Dio.netty.leakDetection.targetRecords: 4
[304月2026 15:44:56.551] [main/DEBUG] [mixin/]: Mixing accessor.NbtAccounterAccessor from create.mixins.json into net.minecraft.nbt.NbtAccounter
[304月2026 15:44:56.722] [main/DEBUG] [mixin/]: Mixing datafixer.BlockPosFormatAndRenamesFixMixin from create.mixins.json into net.minecraft.util.datafix.fixes.BlockPosFormatAndRenamesFix
[304月2026 15:44:56.722] [main/DEBUG] [mixin/]: Renaming synthetic method lambda$create$addFixers$2(Lcom/mojang/datafixers/OpticFinder;Lcom/simibubi/create/foundation/utility/DataFixerHelper$BlockPosFixer;Lcom/mojang/datafixers/Typed;)Lcom/mojang/datafixers/Typed; to md7939d7$create$lambda$create$addFixers$2$0 in create.mixins.json:datafixer.BlockPosFormatAndRenamesFixMixin from mod create
[304月2026 15:44:56.722] [main/DEBUG] [mixin/]: Renaming synthetic method lambda$create$addFixers$1(Lcom/simibubi/create/foundation/utility/DataFixerHelper$BlockPosFixer;Lcom/mojang/datafixers/Typed;)Lcom/mojang/datafixers/Typed; to md7939d7$create$lambda$create$addFixers$1$1 in create.mixins.json:datafixer.BlockPosFormatAndRenamesFixMixin from mod create
[304月2026 15:44:56.723] [main/DEBUG] [mixin/]: Renaming synthetic method lambda$create$addFixers$0(Lcom/simibubi/create/foundation/utility/DataFixerHelper$BlockPosFixer;Lcom/mojang/serialization/Dynamic;)Lcom/mojang/serialization/Dynamic; to md7939d7$create$lambda$create$addFixers$0$2 in create.mixins.json:datafixer.BlockPosFormatAndRenamesFixMixin from mod create
[304月2026 15:44:56.793] [main/DEBUG] [mixin/]: create.mixins.json:datafixer.BlockPosFormatAndRenamesFixMixin from mod create->@Inject::create$addFixers(Lorg/spongepowered/asm/mixin/injection/callback/CallbackInfoReturnable;)V doesn't use it's CallbackInfoReturnable
[304月2026 15:44:56.793] [main/DEBUG] [mixin/]: create.mixins.json:datafixer.BlockPosFormatAndRenamesFixMixin from mod create->@Inject::create$addFixers(Lorg/spongepowered/asm/mixin/injection/callback/CallbackInfoReturnable;)V has 0 override(s) in child classes
[304月2026 15:44:56.793] [main/DEBUG] [mixin/]: create.mixins.json:datafixer.BlockPosFormatAndRenamesFixMixin from mod create->@Inject::create$addFixers(Lorg/spongepowered/asm/mixin/injection/callback/CallbackInfoReturnable;)V won't be passed a CallbackInfoReturnable as a result
[304月2026 15:44:56.804] [main/DEBUG] [mixin/]: Mixing datafixer.ItemStackComponentizationFixMixin from create.mixins.json into net.minecraft.util.datafix.fixes.ItemStackComponentizationFix
[304月2026 15:44:56.806] [main/DEBUG] [mixin/]: Renaming synthetic method lambda$create$moveItemStackHandlerToItemContainerContents$4(Lcom/mojang/serialization/Dynamic;Lnet/minecraft/util/datafix/fixes/ItemStackComponentizationFix$ItemStackData;Ljava/lang/String;Lcom/mojang/serialization/Dynamic;)V to md7939d7$create$lambda$create$moveItemStackHandlerToItemContainerContents$4$0 in create.mixins.json:datafixer.ItemStackComponentizationFixMixin from mod create
[304月2026 15:44:56.806] [main/DEBUG] [mixin/]: Renaming synthetic method lambda$create$moveItemStackHandlerToItemContainerContents$3(Lcom/mojang/serialization/Dynamic;Ljava/util/List;Lcom/mojang/serialization/Dynamic;)V to md7939d7$create$lambda$create$moveItemStackHandlerToItemContainerContents$3$1 in create.mixins.json:datafixer.ItemStackComponentizationFixMixin from mod create
[304月2026 15:44:56.806] [main/DEBUG] [mixin/]: Renaming synthetic method lambda$create$moveTagToEnumComponent$2([Ljava/lang/Enum;Lnet/minecraft/util/datafix/fixes/ItemStackComponentizationFix$ItemStackData;Ljava/lang/String;Lcom/mojang/serialization/Dynamic;)V to md7939d7$create$lambda$create$moveTagToEnumComponent$2$2 in create.mixins.json:datafixer.ItemStackComponentizationFixMixin from mod create
[304月2026 15:44:56.807] [main/DEBUG] [mixin/]: Renaming synthetic method lambda$create$fixItemsAndTranslateNBTIntoComponents$1(Lnet/minecraft/util/datafix/fixes/ItemStackComponentizationFix$ItemStackData;Lcom/mojang/serialization/Dynamic;)V to md7939d7$create$lambda$create$fixItemsAndTranslateNBTIntoComponents$1$3 in create.mixins.json:datafixer.ItemStackComponentizationFixMixin from mod create
[304月2026 15:44:56.807] [main/DEBUG] [mixin/]: Renaming synthetic method lambda$create$fixItemsAndTranslateNBTIntoComponents$0(Lcom/mojang/serialization/Dynamic;Lnet/minecraft/util/datafix/fixes/ItemStackComponentizationFix$ItemStackData;Lcom/mojang/serialization/Dynamic;)V to md7939d7$create$lambda$create$fixItemsAndTranslateNBTIntoComponents$0$4 in create.mixins.json:datafixer.ItemStackComponentizationFixMixin from mod create
[304月2026 15:44:56.948] [main/DEBUG] [mixin/]: create.mixins.json:datafixer.ItemStackComponentizationFixMixin from mod create->@Inject::create$fixItemsAndTranslateNBTIntoComponents(Lnet/minecraft/util/datafix/fixes/ItemStackComponentizationFix$ItemStackData;Lcom/mojang/serialization/Dynamic;Lorg/spongepowered/asm/mixin/injection/callback/CallbackInfo;)V doesn't use it's CallbackInfo
[304月2026 15:44:57.423] [main/DEBUG] [mixin/]: Mixing datafixer.V1460Mixin from create.mixins.json into net.minecraft.util.datafix.schemas.V1460
[304月2026 15:44:57.452] [main/DEBUG] [mixin/]: create.mixins.json:datafixer.V1460Mixin from mod create->@Inject::create$registerEntitiesToBeFixed(Lcom/mojang/datafixers/schemas/Schema;Lorg/spongepowered/asm/mixin/injection/callback/CallbackInfoReturnable;)V does use it's CallbackInfoReturnable
[304月2026 15:44:57.453] [main/DEBUG] [mixin/]: create.mixins.json:datafixer.V1460Mixin from mod create->@Inject::create$registerBlockEntitiesToBeFixed(Lcom/mojang/datafixers/schemas/Schema;Lorg/spongepowered/asm/mixin/injection/callback/CallbackInfoReturnable;)V does use it's CallbackInfoReturnable
[304月2026 15:44:57.525] [main/DEBUG] [mixin/]: Mixing UtilMixin from tfmg.mixins.json into net.minecraft.Util
[304月2026 15:44:57.525] [main/DEBUG] [mixin/]: tfmg.mixins.json:UtilMixin from mod tfmg: Class version 65 required is higher than the class version supported by the current version of Mixin (JAVA_8 supports class version 52)
[304月2026 15:44:57.919] [main/DEBUG] [mixin/]: Mixing accessor.SystemReportAccessor from create.mixins.json into net.minecraft.SystemReport
[304月2026 15:44:57.919] [main/DEBUG] [mixin/]: Renaming @Accessor method getOPERATING_SYSTEM()Ljava/lang/String; to getOPERATING_SYSTEM$create_$md$7939d7$0 in create.mixins.json:accessor.SystemReportAccessor from mod create
[304月2026 15:44:57.921] [main/DEBUG] [mixin/]: Renaming @Accessor method getJAVA_VERSION()Ljava/lang/String; to getJAVA_VERSION$create_$md$7939d7$1 in create.mixins.json:accessor.SystemReportAccessor from mod create
[304月2026 15:44:57.956] [main/DEBUG] [oshi.util.FileUtil/]: No oshi.properties file found from ClassLoader cpw.mods.modlauncher.TransformingClassLoader@7c1812b3
[304月2026 15:44:58.455] [Datafixer Bootstrap/INFO] [com.mojang.datafixers.DataFixerBuilder/]: 229 Datafixer optimizations took 545 milliseconds
[304月2026 15:44:58.521] [main/DEBUG] [oshi.util.FileUtil/]: No oshi.architecture.properties file found from ClassLoader cpw.mods.modlauncher.TransformingClassLoader@7c1812b3
[304月2026 15:44:58.624] [pool-13-thread-1/DEBUG] [mixin/]: Mixing BuiltInRegistriesMixin from tfmg.mixins.json into net.minecraft.core.registries.BuiltInRegistries
[304月2026 15:44:58.624] [pool-13-thread-1/DEBUG] [mixin/]: tfmg.mixins.json:BuiltInRegistriesMixin from mod tfmg: Class version 65 required is higher than the class version supported by the current version of Mixin (JAVA_8 supports class version 52)
[304月2026 15:44:58.624] [pool-13-thread-1/DEBUG] [mixin/]: Renaming synthetic method lambda$create$ourRegistriesAreNotEmpty$0(Ljava/util/function/Consumer;Lnet/minecraft/core/Registry;)V to md7939d7$tfmg$lambda$create$ourRegistriesAreNotEmpty$0$0 in tfmg.mixins.json:BuiltInRegistriesMixin from mod tfmg
[304月2026 15:44:58.634] [pool-13-thread-1/DEBUG] [mixin/]: Mixing BuiltInRegistriesMixin from create.mixins.json into net.minecraft.core.registries.BuiltInRegistries
[304月2026 15:44:58.635] [pool-13-thread-1/DEBUG] [mixin/]: Renaming synthetic method lambda$create$ourRegistriesAreNotEmpty$0(Ljava/util/function/Consumer;Lnet/minecraft/core/Registry;)V to md7939d7$create$lambda$create$ourRegistriesAreNotEmpty$0$1 in create.mixins.json:BuiltInRegistriesMixin from mod create
[304月2026 15:44:58.683] [pool-13-thread-1/DEBUG] [mixin/]: Mixing MappedRegistryAccessor from neoforge.mixins.json into net.minecraft.core.MappedRegistry
[304月2026 15:44:58.684] [pool-13-thread-1/DEBUG] [mixin/]: Mixing accessor.MappedRegistryAccessor from create.mixins.json into net.minecraft.core.MappedRegistry
[304月2026 15:44:58.880] [pool-13-thread-1/DEBUG] [mixin/]: Mixing RecipeProviderMixin from tfmg.mixins.json into net.minecraft.data.recipes.RecipeProvider
[304月2026 15:44:58.881] [pool-13-thread-1/DEBUG] [mixin/]: tfmg.mixins.json:RecipeProviderMixin from mod tfmg: Class version 65 required is higher than the class version supported by the current version of Mixin (JAVA_8 supports class version 52)
[304月2026 15:44:58.888] [pool-13-thread-1/DEBUG] [mixin/]: tfmg.mixins.json:RecipeProviderMixin from mod tfmg->@Inject::getName(Lorg/spongepowered/asm/mixin/injection/callback/CallbackInfoReturnable;)V does use it's CallbackInfoReturnable
[304月2026 15:44:58.903] [pool-13-thread-1/DEBUG] [mixin/]: Mixing BlockMixin from create.mixins.json into net.minecraft.world.level.block.Block
[304月2026 15:44:58.918] [pool-13-thread-1/DEBUG] [mixin/]: Mixing accessor.BlockBehaviourAccessor from create.mixins.json into net.minecraft.world.level.block.state.BlockBehaviour
[304月2026 15:44:58.933] [pool-13-thread-1/DEBUG] [mixin/]: Mixing EntityTypeMixin from flywheel.impl.mixins.json into net.minecraft.world.entity.EntityType
[304月2026 15:44:58.992] [pool-13-thread-1/DEBUG] [mixin/]: Mixing PlayerMixin from create.mixins.json into net.minecraft.world.entity.player.Player
[304月2026 15:44:59.056] [pool-13-thread-1/DEBUG] [mixin/]: Mixing CustomItemUseEffectsMixin from create.mixins.json into net.minecraft.world.entity.LivingEntity
[304月2026 15:44:59.059] [pool-13-thread-1/DEBUG] [mixin/]: Mixing LavaSwimmingMixin from create.mixins.json into net.minecraft.world.entity.LivingEntity
[304月2026 15:44:59.066] [pool-13-thread-1/DEBUG] [mixin/]: Mixing accessor.LivingEntityAccessor from create.mixins.json into net.minecraft.world.entity.LivingEntity
[304月2026 15:44:59.078] [pool-13-thread-1/DEBUG] [mixin/]: create.mixins.json:CustomItemUseEffectsMixin from mod create->@Inject::create$onShouldTriggerUseEffects(Lorg/spongepowered/asm/mixin/injection/callback/CallbackInfoReturnable;)V does use it's CallbackInfoReturnable
[304月2026 15:44:59.079] [pool-13-thread-1/DEBUG] [mixin/]: create.mixins.json:CustomItemUseEffectsMixin from mod create->@Inject::create$onTriggerUseEffects(Lnet/minecraft/world/item/ItemStack;ILorg/spongepowered/asm/mixin/injection/callback/CallbackInfo;)V does use it's CallbackInfo
[304月2026 15:44:59.079] [pool-13-thread-1/DEBUG] [mixin/]: create.mixins.json:LavaSwimmingMixin from mod create->@Inject::create$onLavaTravel(Lnet/minecraft/world/phys/Vec3;Lorg/spongepowered/asm/mixin/injection/callback/CallbackInfo;)V doesn't use it's CallbackInfo
[304月2026 15:44:59.079] [pool-13-thread-1/DEBUG] [mixin/]: create.mixins.json:LavaSwimmingMixin from mod create->@Inject::create$onLavaTravel(Lnet/minecraft/world/phys/Vec3;Lorg/spongepowered/asm/mixin/injection/callback/CallbackInfo;)V has 0 override(s) in child classes
[304月2026 15:44:59.079] [pool-13-thread-1/DEBUG] [mixin/]: create.mixins.json:LavaSwimmingMixin from mod create->@Inject::create$onLavaTravel(Lnet/minecraft/world/phys/Vec3;Lorg/spongepowered/asm/mixin/injection/callback/CallbackInfo;)V won't be passed a CallbackInfo as a result
[304月2026 15:44:59.126] [pool-13-thread-1/DEBUG] [mixin/]: Mixing accessor.EntityAccessor from ponder-common.mixins.json into net.minecraft.world.entity.Entity
[304月2026 15:44:59.126] [pool-13-thread-1/DEBUG] [mixin/]: ponder-common.mixins.json:accessor.EntityAccessor from mod ponder: Class version 65 required is higher than the class version supported by the current version of Mixin (JAVA_17 supports class version 61)
[304月2026 15:44:59.126] [pool-13-thread-1/DEBUG] [mixin/]: Mixing client.EntityContraptionInteractionMixin from create.mixins.json into net.minecraft.world.entity.Entity
[304月2026 15:44:59.129] [pool-13-thread-1/DEBUG] [mixin/]: Renaming synthetic method lambda$create$onSpawnSprintParticle$4(Lnet/minecraft/world/entity/Entity;Lnet/minecraft/core/BlockPos;Lcom/simibubi/create/content/contraptions/Contraption;Lnet/minecraft/world/level/block/state/BlockState;Lnet/minecraft/core/BlockPos;)V to md7939d7$create$lambda$create$onSpawnSprintParticle$4$0 in create.mixins.json:client.EntityContraptionInteractionMixin from mod create
[304月2026 15:44:59.132] [pool-13-thread-1/DEBUG] [mixin/]: Renaming synthetic method lambda$create$onMove$3(Lnet/minecraft/world/phys/Vec3;Lnet/minecraft/world/entity/Entity;Lcom/simibubi/create/content/contraptions/AbstractContraptionEntity;)Z to md7939d7$create$lambda$create$onMove$3$1 in create.mixins.json:client.EntityContraptionInteractionMixin from mod create
[304月2026 15:44:59.132] [pool-13-thread-1/DEBUG] [mixin/]: Renaming synthetic method lambda$create$contraptionStepSounds$2(Lorg/apache/commons/lang3/mutable/MutableBoolean;Lcom/simibubi/create/content/contraptions/Contraption;Lnet/minecraft/world/level/block/state/BlockState;Lnet/minecraft/core/BlockPos;)V to md7939d7$create$lambda$create$contraptionStepSounds$2$2 in create.mixins.json:client.EntityContraptionInteractionMixin from mod create
[304月2026 15:44:59.133] [pool-13-thread-1/DEBUG] [mixin/]: Renaming synthetic method lambda$create$forCollision$1(Lnet/minecraft/world/phys/Vec3;Lorg/apache/logging/log4j/util/TriConsumer;Lcom/simibubi/create/content/contraptions/AbstractContraptionEntity;)V to md7939d7$create$lambda$create$forCollision$1$3 in create.mixins.json:client.EntityContraptionInteractionMixin from mod create
[304月2026 15:44:59.133] [pool-13-thread-1/DEBUG] [mixin/]: Renaming synthetic method lambda$create$getIntersectionContraptionsStream$0(Lcom/simibubi/create/content/contraptions/AbstractContraptionEntity;)Z to md7939d7$create$lambda$create$getIntersectionContraptionsStream$0$4 in create.mixins.json:client.EntityContraptionInteractionMixin from mod create
[304月2026 15:44:59.186] [pool-13-thread-1/DEBUG] [mixin/]: Mixing EntityMixin from create.mixins.json into net.minecraft.world.entity.Entity
[304月2026 15:44:59.200] [pool-13-thread-1/DEBUG] [mixin/]: create.mixins.json:client.EntityContraptionInteractionMixin from mod create->@Inject::create$contraptionStepSounds(Lnet/minecraft/world/entity/MoverType;Lnet/minecraft/world/phys/Vec3;Lorg/spongepowered/asm/mixin/injection/callback/CallbackInfo;)V doesn't use it's CallbackInfo
[304月2026 15:44:59.200] [pool-13-thread-1/DEBUG] [mixin/]: create.mixins.json:client.EntityContraptionInteractionMixin from mod create->@Inject::create$contraptionStepSounds(Lnet/minecraft/world/entity/MoverType;Lnet/minecraft/world/phys/Vec3;Lorg/spongepowered/asm/mixin/injection/callback/CallbackInfo;)V has 0 override(s) in child classes
[304月2026 15:44:59.200] [pool-13-thread-1/DEBUG] [mixin/]: create.mixins.json:client.EntityContraptionInteractionMixin from mod create->@Inject::create$contraptionStepSounds(Lnet/minecraft/world/entity/MoverType;Lnet/minecraft/world/phys/Vec3;Lorg/spongepowered/asm/mixin/injection/callback/CallbackInfo;)V won't be passed a CallbackInfo as a result
[304月2026 15:44:59.200] [pool-13-thread-1/DEBUG] [mixin/]: create.mixins.json:client.EntityContraptionInteractionMixin from mod create->@Inject::create$onMove(Lnet/minecraft/world/entity/MoverType;Lnet/minecraft/world/phys/Vec3;Lorg/spongepowered/asm/mixin/injection/callback/CallbackInfo;)V doesn't use it's CallbackInfo
[304月2026 15:44:59.200] [pool-13-thread-1/DEBUG] [mixin/]: create.mixins.json:client.EntityContraptionInteractionMixin from mod create->@Inject::create$onMove(Lnet/minecraft/world/entity/MoverType;Lnet/minecraft/world/phys/Vec3;Lorg/spongepowered/asm/mixin/injection/callback/CallbackInfo;)V has 0 override(s) in child classes
[304月2026 15:44:59.200] [pool-13-thread-1/DEBUG] [mixin/]: create.mixins.json:client.EntityContraptionInteractionMixin from mod create->@Inject::create$onMove(Lnet/minecraft/world/entity/MoverType;Lnet/minecraft/world/phys/Vec3;Lorg/spongepowered/asm/mixin/injection/callback/CallbackInfo;)V won't be passed a CallbackInfo as a result
[304月2026 15:44:59.200] [pool-13-thread-1/DEBUG] [mixin/]: create.mixins.json:client.EntityContraptionInteractionMixin from mod create->@Inject::create$onSpawnSprintParticle(Lorg/spongepowered/asm/mixin/injection/callback/CallbackInfo;)V doesn't use it's CallbackInfo
[304月2026 15:44:59.200] [pool-13-thread-1/DEBUG] [mixin/]: create.mixins.json:client.EntityContraptionInteractionMixin from mod create->@Inject::create$onSpawnSprintParticle(Lorg/spongepowered/asm/mixin/injection/callback/CallbackInfo;)V has 0 override(s) in child classes
[304月2026 15:44:59.200] [pool-13-thread-1/DEBUG] [mixin/]: create.mixins.json:client.EntityContraptionInteractionMixin from mod create->@Inject::create$onSpawnSprintParticle(Lorg/spongepowered/asm/mixin/injection/callback/CallbackInfo;)V won't be passed a CallbackInfo as a result
[304月2026 15:44:59.276] [pool-13-thread-1/DEBUG] [io.netty.util.internal.PlatformDependent0/]: -Dio.netty.noUnsafe: false
[304月2026 15:44:59.276] [pool-13-thread-1/DEBUG] [io.netty.util.internal.PlatformDependent0/]: Java version: 21
[304月2026 15:44:59.277] [pool-13-thread-1/DEBUG] [io.netty.util.internal.PlatformDependent0/]: sun.misc.Unsafe.theUnsafe: available
[304月2026 15:44:59.278] [pool-13-thread-1/DEBUG] [io.netty.util.internal.PlatformDependent0/]: sun.misc.Unsafe.copyMemory: available
[304月2026 15:44:59.279] [pool-13-thread-1/DEBUG] [io.netty.util.internal.PlatformDependent0/]: sun.misc.Unsafe.storeFence: available
[304月2026 15:44:59.279] [pool-13-thread-1/DEBUG] [io.netty.util.internal.PlatformDependent0/]: java.nio.Buffer.address: available
[304月2026 15:44:59.279] [pool-13-thread-1/DEBUG] [io.netty.util.internal.PlatformDependent0/]: direct buffer constructor: unavailable: Reflective setAccessible(true) disabled
[304月2026 15:44:59.281] [pool-13-thread-1/DEBUG] [io.netty.util.internal.PlatformDependent0/]: java.nio.Bits.unaligned: available, true
[304月2026 15:44:59.282] [pool-13-thread-1/DEBUG] [io.netty.util.internal.PlatformDependent0/]: jdk.internal.misc.Unsafe.allocateUninitializedArray(int): unavailable: class io.netty.util.internal.PlatformDependent0$7 (in module io.netty.common) cannot access class jdk.internal.misc.Unsafe (in module java.base) because module java.base does not export jdk.internal.misc to module io.netty.common
[304月2026 15:44:59.283] [pool-13-thread-1/DEBUG] [io.netty.util.internal.PlatformDependent0/]: java.nio.DirectByteBuffer.<init>(long, {int,long}): unavailable
[304月2026 15:44:59.283] [pool-13-thread-1/DEBUG] [io.netty.util.internal.PlatformDependent/]: sun.misc.Unsafe: available
[304月2026 15:44:59.285] [pool-13-thread-1/DEBUG] [io.netty.util.internal.PlatformDependent/]: maxDirectMemory: 4099932160 bytes (maybe)
[304月2026 15:44:59.285] [pool-13-thread-1/DEBUG] [io.netty.util.internal.PlatformDependent/]: -Dio.netty.tmpdir: C:\Users\User\AppData\Local\Temp (java.io.tmpdir)
[304月2026 15:44:59.285] [pool-13-thread-1/DEBUG] [io.netty.util.internal.PlatformDependent/]: -Dio.netty.bitMode: 64 (sun.arch.data.model)
[304月2026 15:44:59.286] [pool-13-thread-1/DEBUG] [io.netty.util.internal.PlatformDependent/]: Platform: Windows
[304月2026 15:44:59.288] [pool-13-thread-1/DEBUG] [io.netty.util.internal.PlatformDependent/]: -Dio.netty.maxDirectMemory: -1 bytes
[304月2026 15:44:59.289] [pool-13-thread-1/DEBUG] [io.netty.util.internal.PlatformDependent/]: -Dio.netty.uninitializedArrayAllocationThreshold: -1
[304月2026 15:44:59.290] [pool-13-thread-1/DEBUG] [io.netty.util.internal.CleanerJava9/]: java.nio.ByteBuffer.cleaner(): available
[304月2026 15:44:59.290] [pool-13-thread-1/DEBUG] [io.netty.util.internal.PlatformDependent/]: -Dio.netty.noPreferDirect: false
[304月2026 15:44:59.303] [pool-13-thread-1/DEBUG] [mixin/]: Mixing accessor.StateHolderAccessor from create.mixins.json into net.minecraft.world.level.block.state.StateHolder
[304月2026 15:44:59.335] [pool-13-thread-1/DEBUG] [mixin/]: Mixing LevelMixin from flywheel.impl.mixins.json into net.minecraft.world.level.Level
[304月2026 15:44:59.344] [pool-13-thread-1/DEBUG] [mixin/]: Mixing accessor.ServerLevelAccessor from create.mixins.json into net.minecraft.server.level.ServerLevel
[304月2026 15:44:59.636] [pool-13-thread-1/DEBUG] [mixin/]: Mixing accessor.DispenserBlockAccessor from create.mixins.json into net.minecraft.world.level.block.DispenserBlock
[304月2026 15:44:59.659] [pool-13-thread-1/DEBUG] [mixin/]: Mixing accessor.CropBlockAccessor from create.mixins.json into net.minecraft.world.level.block.CropBlock
[304月2026 15:44:59.747] [pool-13-thread-1/DEBUG] [mixin/]: Mixing accessor.ConcretePowderBlockAccessor from create.mixins.json into net.minecraft.world.level.block.ConcretePowderBlock
[304月2026 15:44:59.785] [pool-13-thread-1/DEBUG] [mixin/]: Mixing BeehiveBlockMixin from create.mixins.json into net.minecraft.world.level.block.BeehiveBlock
[304月2026 15:44:59.909] [pool-13-thread-1/DEBUG] [mixin/]: Mixing WaterWheelFluidSpreadMixin from create.mixins.json into net.minecraft.world.level.material.FlowingFluid
[304月2026 15:44:59.929] [pool-13-thread-1/DEBUG] [mixin/]: Mixing accessor.FlowingFluidAccessor from create.mixins.json into net.minecraft.world.level.material.FlowingFluid
[304月2026 15:44:59.932] [pool-13-thread-1/DEBUG] [mixin/]: create.mixins.json:WaterWheelFluidSpreadMixin from mod create->@Inject::create$canPassThroughOnWaterWheel(Lnet/minecraft/world/level/BlockGetter;Lnet/minecraft/world/level/material/Fluid;Lnet/minecraft/core/BlockPos;Lnet/minecraft/world/level/block/state/BlockState;Lnet/minecraft/core/Direction;Lnet/minecraft/core/BlockPos;Lnet/minecraft/world/level/block/state/BlockState;Lnet/minecraft/world/level/material/FluidState;Lorg/spongepowered/asm/mixin/injection/callback/CallbackInfoReturnable;)V does use it's CallbackInfoReturnable
[304月2026 15:45:00.005] [pool-13-thread-1/DEBUG] [mixin/]: Mixing accessor.FallingBlockEntityAccessor from create.mixins.json into net.minecraft.world.entity.item.FallingBlockEntity
[304月2026 15:45:00.005] [pool-13-thread-1/DEBUG] [mixin/]: Renaming @Invoker method create$callInit(Lnet/minecraft/world/level/Level;DDDLnet/minecraft/world/level/block/state/BlockState;)Lnet/minecraft/world/entity/item/FallingBlockEntity; to callInit$create_$md$7939d7$0 in create.mixins.json:accessor.FallingBlockEntityAccessor from mod create
[304月2026 15:45:00.009] [pool-13-thread-1/DEBUG] [mixin/]: Mixing visualmanage.BlockEntityMixin from flywheel.impl.mixins.json into net.minecraft.world.level.block.entity.BlockEntity
[304月2026 15:45:00.013] [pool-13-thread-1/DEBUG] [mixin/]: flywheel.impl.mixins.json:visualmanage.BlockEntityMixin from mod flywheel->@Inject::flywheel$removeVisual(Lorg/spongepowered/asm/mixin/injection/callback/CallbackInfo;)V doesn't use it's CallbackInfo
[304月2026 15:45:00.013] [pool-13-thread-1/DEBUG] [mixin/]: flywheel.impl.mixins.json:visualmanage.BlockEntityMixin from mod flywheel->@Inject::flywheel$removeVisual(Lorg/spongepowered/asm/mixin/injection/callback/CallbackInfo;)V has 0 override(s) in child classes
[304月2026 15:45:00.013] [pool-13-thread-1/DEBUG] [mixin/]: flywheel.impl.mixins.json:visualmanage.BlockEntityMixin from mod flywheel->@Inject::flywheel$removeVisual(Lorg/spongepowered/asm/mixin/injection/callback/CallbackInfo;)V won't be passed a CallbackInfo as a result
[304月2026 15:45:00.228] [pool-13-thread-1/DEBUG] [mixin/]: Mixing accessor.MobEffectInstanceAccessor from create.mixins.json into net.minecraft.world.effect.MobEffectInstance
[304月2026 15:45:00.253] [pool-13-thread-1/DEBUG] [mixin/]: Mixing MobMixin from create.mixins.json into net.minecraft.world.entity.Mob
[304月2026 15:45:00.313] [pool-13-thread-1/DEBUG] [mixin/]: Mixing BlockEntityTypeMixin from flywheel.impl.mixins.json into net.minecraft.world.level.block.entity.BlockEntityType
[304月2026 15:45:00.314] [pool-13-thread-1/DEBUG] [mixin/]: Mixing BlockEntityTypeAccessor from neoforge.mixins.json into net.minecraft.world.level.block.entity.BlockEntityType
[304月2026 15:45:00.513] [pool-13-thread-1/DEBUG] [mixin/]: Mixing ItemStackMixin from create.mixins.json into net.minecraft.world.item.ItemStack
[304月2026 15:45:00.514] [pool-13-thread-1/DEBUG] [mixin/]: Renaming synthetic method lambda$create$migrateOldClipboardComponents$0(Lcom/simibubi/create/content/equipment/clipboard/ClipboardContent;Lnet/minecraft/util/Unit;)Lcom/simibubi/create/content/equipment/clipboard/ClipboardContent; to md7939d7$create$lambda$create$migrateOldClipboardComponents$0$0 in create.mixins.json:ItemStackMixin from mod create
[304月2026 15:45:00.520] [pool-13-thread-1/DEBUG] [mixin/]: create.mixins.json:ItemStackMixin from mod create->@Inject::create$migrateOldClipboardComponents(Lnet/minecraft/world/level/ItemLike;ILnet/minecraft/core/component/PatchedDataComponentMap;Lorg/spongepowered/asm/mixin/injection/callback/CallbackInfo;)V doesn't use it's CallbackInfo
[304月2026 15:45:00.931] [pool-13-thread-1/DEBUG] [mixin/]: Mixing SmithingMenuMixin from create.mixins.json into net.minecraft.world.inventory.SmithingMenu
[304月2026 15:45:00.934] [pool-13-thread-1/DEBUG] [mixin/]: Renaming synthetic method lambda$create$preventUnbreakingOnBacktanks$0(Lnet/minecraft/world/item/ItemStack;Lnet/minecraft/core/Holder;)Z to md7939d7$create$lambda$create$preventUnbreakingOnBacktanks$0$0 in create.mixins.json:SmithingMenuMixin from mod create
[304月2026 15:45:00.957] [pool-13-thread-1/DEBUG] [mixin/]: create.mixins.json:SmithingMenuMixin from mod create->@Inject::create$awardAdvancementWhenTrimmingCardboardArmor(Lnet/minecraft/world/entity/player/Player;Lnet/minecraft/world/item/ItemStack;Lorg/spongepowered/asm/mixin/injection/callback/CallbackInfo;)V doesn't use it's CallbackInfo
[304月2026 15:45:00.957] [pool-13-thread-1/DEBUG] [mixin/]: create.mixins.json:SmithingMenuMixin from mod create->@Inject::create$awardAdvancementWhenTrimmingCardboardArmor(Lnet/minecraft/world/entity/player/Player;Lnet/minecraft/world/item/ItemStack;Lorg/spongepowered/asm/mixin/injection/callback/CallbackInfo;)V has 0 override(s) in child classes
[304月2026 15:45:00.958] [pool-13-thread-1/DEBUG] [mixin/]: create.mixins.json:SmithingMenuMixin from mod create->@Inject::create$awardAdvancementWhenTrimmingCardboardArmor(Lnet/minecraft/world/entity/player/Player;Lnet/minecraft/world/item/ItemStack;Lorg/spongepowered/asm/mixin/injection/callback/CallbackInfo;)V won't be passed a CallbackInfo as a result
[304月2026 15:45:01.783] [pool-13-thread-1/DEBUG] [mixin/]: Mixing BlockItemMixin from create.mixins.json into net.minecraft.world.item.BlockItem
[304月2026 15:45:01.786] [pool-13-thread-1/DEBUG] [mixin/]: create.mixins.json:BlockItemMixin from mod create->@Inject::create$fixDeployerPlacement(Lnet/minecraft/world/item/context/BlockPlaceContext;Lorg/spongepowered/asm/mixin/injection/callback/CallbackInfoReturnable;)V does use it's CallbackInfoReturnable
[304月2026 15:45:02.016] [pool-13-thread-1/DEBUG] [mixin/]: Mixing ArmorTrimMixin from create.mixins.json into net.minecraft.world.item.armortrim.ArmorTrim
[304月2026 15:45:02.017] [pool-13-thread-1/DEBUG] [mixin/]: Renaming synthetic method lambda$new$0(Ljava/lang/Boolean;Lnet/minecraft/core/Holder;)Lnet/minecraft/resources/ResourceLocation; to md7939d7$create$lambda$new$0$0 in create.mixins.json:ArmorTrimMixin from mod create
[304月2026 15:45:02.022] [pool-13-thread-1/DEBUG] [mixin/]: create.mixins.json:ArmorTrimMixin from mod create->@Inject::create$swapTexturesForCardboardTrimsInner(Lnet/minecraft/core/Holder;Lorg/spongepowered/asm/mixin/injection/callback/CallbackInfoReturnable;)V does use it's CallbackInfoReturnable
[304月2026 15:45:02.022] [pool-13-thread-1/DEBUG] [mixin/]: create.mixins.json:ArmorTrimMixin from mod create->@Inject::create$swapTexturesForCardboardTrimsOuter(Lnet/minecraft/core/Holder;Lorg/spongepowered/asm/mixin/injection/callback/CallbackInfoReturnable;)V does use it's CallbackInfoReturnable
[304月2026 15:45:02.057] [pool-13-thread-1/DEBUG] [mixin/]: Mixing visualmanage.LevelChunkMixin from flywheel.impl.mixins.json into net.minecraft.world.level.chunk.LevelChunk
[304月2026 15:45:02.060] [pool-13-thread-1/DEBUG] [mixin/]: flywheel.impl.mixins.json:visualmanage.LevelChunkMixin from mod flywheel->@Inject::flywheel$onBlockEntityAdded(Lnet/minecraft/world/level/block/entity/BlockEntity;Lorg/spongepowered/asm/mixin/injection/callback/CallbackInfo;)V doesn't use it's CallbackInfo
[304月2026 15:45:02.060] [pool-13-thread-1/DEBUG] [mixin/]: flywheel.impl.mixins.json:visualmanage.LevelChunkMixin from mod flywheel->@Inject::flywheel$onBlockEntityAdded(Lnet/minecraft/world/level/block/entity/BlockEntity;Lorg/spongepowered/asm/mixin/injection/callback/CallbackInfo;)V has 0 override(s) in child classes
[304月2026 15:45:02.060] [pool-13-thread-1/DEBUG] [mixin/]: flywheel.impl.mixins.json:visualmanage.LevelChunkMixin from mod flywheel->@Inject::flywheel$onBlockEntityAdded(Lnet/minecraft/world/level/block/entity/BlockEntity;Lorg/spongepowered/asm/mixin/injection/callback/CallbackInfo;)V won't be passed a CallbackInfo as a result
[304月2026 15:45:02.138] [pool-13-thread-1/DEBUG] [mixin/]: Mixing accessor.UseOnContextAccessor from create.mixins.json into net.minecraft.world.item.context.UseOnContext
[304月2026 15:45:02.339] [pool-13-thread-1/DEBUG] [mixin/]: Mixing accessor.MinecartFurnaceAccessor from create.mixins.json into net.minecraft.world.entity.vehicle.MinecartFurnace
[304月2026 15:45:02.448] [pool-13-thread-1/DEBUG] [mixin/]: Mixing accessor.ItemFrameAccessor from create.mixins.json into net.minecraft.world.entity.decoration.ItemFrame
[304月2026 15:45:02.761] [pool-13-thread-1/DEBUG] [mixin/]: Mixing accessor.ItemStackHandlerAccessor from create.mixins.json into net.neoforged.neoforge.items.ItemStackHandler
[304月2026 15:45:02.797] [pool-13-thread-1/DEBUG] [mixin/]: Mixing accessor.SequencedAssemblyRecipeAccessor from tfmg.mixins.json into com.simibubi.create.content.processing.sequenced.SequencedAssemblyRecipe
[304月2026 15:45:02.797] [pool-13-thread-1/DEBUG] [mixin/]: tfmg.mixins.json:accessor.SequencedAssemblyRecipeAccessor from mod tfmg: Class version 65 required is higher than the class version supported by the current version of Mixin (JAVA_8 supports class version 52)
[304月2026 15:45:03.267] [pool-13-thread-1/DEBUG] [mixin/]: Mixing accessor.ProjectileDispenseBehaviorAccessor from create.mixins.json into net.minecraft.core.dispenser.ProjectileDispenseBehavior
[304月2026 15:45:03.400] [pool-13-thread-1/DEBUG] [mixin/]: Mixing accessor.ShapedRecipeAccessor from create.mixins.json into net.minecraft.world.item.crafting.ShapedRecipe
[304月2026 15:45:03.587] [pool-13-thread-1/DEBUG] [mixin/]: Mixing EnchantedCountIncreaseFunctionMixin from create.mixins.json into net.minecraft.world.level.storage.loot.functions.EnchantedCountIncreaseFunction
[304月2026 15:45:03.594] [pool-13-thread-1/DEBUG] [mixin/]: create.mixins.json:EnchantedCountIncreaseFunctionMixin from mod create->@Inject::create$crushingWheelLooting(Lnet/minecraft/world/item/ItemStack;Lnet/minecraft/world/level/storage/loot/LootContext;Lorg/spongepowered/asm/mixin/injection/callback/CallbackInfoReturnable;)V doesn't use it's CallbackInfoReturnable
[304月2026 15:45:03.594] [pool-13-thread-1/DEBUG] [mixin/]: create.mixins.json:EnchantedCountIncreaseFunctionMixin from mod create->@Inject::create$crushingWheelLooting(Lnet/minecraft/world/item/ItemStack;Lnet/minecraft/world/level/storage/loot/LootContext;Lorg/spongepowered/asm/mixin/injection/callback/CallbackInfoReturnable;)V has 0 override(s) in child classes
[304月2026 15:45:03.594] [pool-13-thread-1/DEBUG] [mixin/]: create.mixins.json:EnchantedCountIncreaseFunctionMixin from mod create->@Inject::create$crushingWheelLooting(Lnet/minecraft/world/item/ItemStack;Lnet/minecraft/world/level/storage/loot/LootContext;Lorg/spongepowered/asm/mixin/injection/callback/CallbackInfoReturnable;)V won't be passed a CallbackInfoReturnable as a result
[304月2026 15:45:04.595] [main/DEBUG] [mixin/]: Mixing accessor.MinecraftServerAccessor from ponder-common.mixins.json into net.minecraft.server.MinecraftServer
[304月2026 15:45:04.595] [main/DEBUG] [mixin/]: ponder-common.mixins.json:accessor.MinecraftServerAccessor from mod ponder: Class version 65 required is higher than the class version supported by the current version of Mixin (JAVA_17 supports class version 61)
[304月2026 15:45:04.667] [main/DEBUG] [mixin/]: Mixing MapItemSavedDataMixin from create.mixins.json into net.minecraft.world.level.saveddata.maps.MapItemSavedData
[304月2026 15:45:04.685] [main/DEBUG] [mixin/]: create.mixins.json:MapItemSavedDataMixin from mod create->@Inject::create$onLoad(Lnet/minecraft/nbt/CompoundTag;Lnet/minecraft/core/HolderLookup$Provider;Lorg/spongepowered/asm/mixin/injection/callback/CallbackInfoReturnable;)V does use it's CallbackInfoReturnable
[304月2026 15:45:04.685] [main/DEBUG] [mixin/]: create.mixins.json:MapItemSavedDataMixin from mod create->@Inject::create$onSave(Lnet/minecraft/nbt/CompoundTag;Lnet/minecraft/core/HolderLookup$Provider;Lorg/spongepowered/asm/mixin/injection/callback/CallbackInfoReturnable;)V doesn't use it's CallbackInfoReturnable
[304月2026 15:45:04.685] [main/DEBUG] [mixin/]: create.mixins.json:MapItemSavedDataMixin from mod create->@Inject::create$onSave(Lnet/minecraft/nbt/CompoundTag;Lnet/minecraft/core/HolderLookup$Provider;Lorg/spongepowered/asm/mixin/injection/callback/CallbackInfoReturnable;)V has 0 override(s) in child classes
[304月2026 15:45:04.685] [main/DEBUG] [mixin/]: create.mixins.json:MapItemSavedDataMixin from mod create->@Inject::create$onSave(Lnet/minecraft/nbt/CompoundTag;Lnet/minecraft/core/HolderLookup$Provider;Lorg/spongepowered/asm/mixin/injection/callback/CallbackInfoReturnable;)V won't be passed a CallbackInfoReturnable as a result
[304月2026 15:45:04.685] [main/DEBUG] [mixin/]: create.mixins.json:MapItemSavedDataMixin from mod create->@Inject::create$onCheckBanners(Lnet/minecraft/world/level/BlockGetter;IILorg/spongepowered/asm/mixin/injection/callback/CallbackInfo;)V doesn't use it's CallbackInfo
[304月2026 15:45:04.685] [main/DEBUG] [mixin/]: create.mixins.json:MapItemSavedDataMixin from mod create->@Inject::create$onCheckBanners(Lnet/minecraft/world/level/BlockGetter;IILorg/spongepowered/asm/mixin/injection/callback/CallbackInfo;)V has 0 override(s) in child classes
[304月2026 15:45:04.685] [main/DEBUG] [mixin/]: create.mixins.json:MapItemSavedDataMixin from mod create->@Inject::create$onCheckBanners(Lnet/minecraft/world/level/BlockGetter;IILorg/spongepowered/asm/mixin/injection/callback/CallbackInfo;)V won't be passed a CallbackInfo as a result
[304月2026 15:45:05.346] [main/WARN] [net.minecraft.commands.Commands/]: Ambiguity between arguments [teleport, location] and [teleport, destination] with inputs: [0.1 -0.5 .9, 0 0 0]
[304月2026 15:45:05.349] [main/WARN] [net.minecraft.commands.Commands/]: Ambiguity between arguments [teleport, location] and [teleport, targets] with inputs: [0.1 -0.5 .9, 0 0 0]
[304月2026 15:45:05.353] [main/WARN] [net.minecraft.commands.Commands/]: Ambiguity between arguments [teleport, destination] and [teleport, targets] with inputs: [Player, 0123, @e, dd12be42-52a9-4a91-a8a1-11c01849e498]
[304月2026 15:45:05.356] [main/WARN] [net.minecraft.commands.Commands/]: Ambiguity between arguments [teleport, targets] and [teleport, destination] with inputs: [Player, 0123, dd12be42-52a9-4a91-a8a1-11c01849e498]
[304月2026 15:45:05.358] [main/WARN] [net.minecraft.commands.Commands/]: Ambiguity between arguments [teleport, targets, location] and [teleport, targets, destination] with inputs: [0.1 -0.5 .9, 0 0 0]
[304月2026 15:45:05.375] [Render thread/DEBUG] [mixin/]: Mixing RenderSystemMixin from flywheel.backend.mixins.json into com.mojang.blaze3d.systems.RenderSystem
[304月2026 15:45:05.377] [Render thread/DEBUG] [mixin/]: Mixing client.accessor.RenderSystemAccessor from ponder-common.mixins.json into com.mojang.blaze3d.systems.RenderSystem
[304月2026 15:45:05.377] [Render thread/DEBUG] [mixin/]: ponder-common.mixins.json:client.accessor.RenderSystemAccessor from mod ponder: Class version 65 required is higher than the class version supported by the current version of Mixin (JAVA_17 supports class version 61)
[304月2026 15:45:05.377] [Render thread/DEBUG] [mixin/]: Renaming @Accessor method catnip$getShaderLightDirections()[Lorg/joml/Vector3f; to catnip$getShaderLightDirections$ponder_$md$7939d7$0 in ponder-common.mixins.json:client.accessor.RenderSystemAccessor from mod ponder
[304月2026 15:45:05.380] [Render thread/DEBUG] [mixin/]: flywheel.backend.mixins.json:RenderSystemMixin from mod flywheel->@Inject::flywheel$onInitRenderer(Lorg/spongepowered/asm/mixin/injection/callback/CallbackInfo;)V doesn't use it's CallbackInfo
[304月2026 15:45:05.380] [Render thread/DEBUG] [mixin/]: flywheel.backend.mixins.json:RenderSystemMixin from mod flywheel->@Inject::flywheel$onSetFogStart(Lorg/spongepowered/asm/mixin/injection/callback/CallbackInfo;)V doesn't use it's CallbackInfo
[304月2026 15:45:05.380] [Render thread/DEBUG] [mixin/]: flywheel.backend.mixins.json:RenderSystemMixin from mod flywheel->@Inject::flywheel$onSetFogEnd(Lorg/spongepowered/asm/mixin/injection/callback/CallbackInfo;)V doesn't use it's CallbackInfo
[304月2026 15:45:05.380] [Render thread/DEBUG] [mixin/]: flywheel.backend.mixins.json:RenderSystemMixin from mod flywheel->@Inject::flywheel$onSetFogShape(Lorg/spongepowered/asm/mixin/injection/callback/CallbackInfo;)V doesn't use it's CallbackInfo
[304月2026 15:45:05.380] [Render thread/DEBUG] [mixin/]: flywheel.backend.mixins.json:RenderSystemMixin from mod flywheel->@Inject::flywheel$onSetFogColor(Lorg/spongepowered/asm/mixin/injection/callback/CallbackInfo;)V doesn't use it's CallbackInfo
[304月2026 15:45:05.404] [Render thread/DEBUG] [mixin/]: Mixing client.accessor.ScreenAccessor from ponder-common.mixins.json into net.minecraft.client.gui.screens.Screen
[304月2026 15:45:05.405] [Render thread/DEBUG] [mixin/]: ponder-common.mixins.json:client.accessor.ScreenAccessor from mod ponder: Class version 65 required is higher than the class version supported by the current version of Mixin (JAVA_17 supports class version 61)
[304月2026 15:45:05.405] [Render thread/DEBUG] [mixin/]: Mixing compat.xaeros.XaeroPauseScreenOverrideMixin from create.mixins.json into net.minecraft.client.gui.screens.Screen
[304月2026 15:45:05.409] [Render thread/DEBUG] [mixin/]: create.mixins.json:compat.xaeros.XaeroPauseScreenOverrideMixin from mod create->@Inject::create$xaeroPauseScreenOverride(Lorg/spongepowered/asm/mixin/injection/callback/CallbackInfoReturnable;)V does use it's CallbackInfoReturnable
[304月2026 15:45:05.443] [Render thread/DEBUG] [mixin/]: Mixing client.HeavyBootsOnPlayerMixin from create.mixins.json into net.minecraft.client.player.LocalPlayer
[304月2026 15:45:05.446] [Render thread/DEBUG] [mixin/]: create.mixins.json:client.HeavyBootsOnPlayerMixin from mod create->@Inject::create$noSwimmingWithHeavyBootsOn(Lorg/spongepowered/asm/mixin/injection/callback/CallbackInfoReturnable;)V does use it's CallbackInfoReturnable
[304月2026 15:45:05.450] [Render thread/DEBUG] [mixin/]: Mixing AbstractClientPlayerAccessor from flywheel.backend.mixins.json into net.minecraft.client.player.AbstractClientPlayer
[304月2026 15:45:05.473] [Render thread/DEBUG] [mixin/]: Mixing accessor.TimerAccessor from ponder-common.mixins.json into net.minecraft.client.DeltaTracker$Timer
[304月2026 15:45:05.473] [Render thread/DEBUG] [mixin/]: ponder-common.mixins.json:accessor.TimerAccessor from mod ponder: Class version 65 required is higher than the class version supported by the current version of Mixin (JAVA_17 supports class version 61)
[304月2026 15:45:05.473] [Render thread/DEBUG] [mixin/]: Mixing accessor.TimerAccessor from create.mixins.json into net.minecraft.client.DeltaTracker$Timer
[304月2026 15:45:05.565] [Render thread/WARN] [net.minecraft.server.packs.VanillaPackResourcesBuilder/]: Assets URL 'union:/D:/chemistry_mod_xample/Chemistrial/build/moddev/artifacts/neoforge-21.1.219.jar%23190!/assets/.mcassetsroot' uses unexpected schema
[304月2026 15:45:05.566] [Render thread/WARN] [net.minecraft.server.packs.VanillaPackResourcesBuilder/]: Assets URL 'union:/D:/chemistry_mod_xample/Chemistrial/build/moddev/artifacts/neoforge-21.1.219.jar%23190!/data/.mcassetsroot' uses unexpected schema
[304月2026 15:45:05.607] [Render thread/INFO] [com.mojang.authlib.yggdrasil.YggdrasilAuthenticationService/]: Environment: Environment[sessionHost=https://sessionserver.mojang.com, servicesHost=https://api.minecraftservices.com, name=PROD]
[304月2026 15:45:05.621] [Render thread/INFO] [net.minecraft.client.Minecraft/]: Setting user: Dev
[304月2026 15:45:05.627] [Render thread/DEBUG] [mixin/]: Mixing OptionsMixin from flywheel.backend.mixins.json into net.minecraft.client.Options
[304月2026 15:45:05.629] [Render thread/DEBUG] [mixin/]: flywheel.backend.mixins.json:OptionsMixin from mod flywheel->@Inject::flywheel$onLoad(Lorg/spongepowered/asm/mixin/injection/callback/CallbackInfo;)V doesn't use it's CallbackInfo
[304月2026 15:45:05.629] [Render thread/DEBUG] [mixin/]: flywheel.backend.mixins.json:OptionsMixin from mod flywheel->@Inject::flywheel$onLoad(Lorg/spongepowered/asm/mixin/injection/callback/CallbackInfo;)V has 0 override(s) in child classes
[304月2026 15:45:05.630] [Render thread/DEBUG] [mixin/]: flywheel.backend.mixins.json:OptionsMixin from mod flywheel->@Inject::flywheel$onLoad(Lorg/spongepowered/asm/mixin/injection/callback/CallbackInfo;)V won't be passed a CallbackInfo as a result
[304月2026 15:45:05.630] [Render thread/DEBUG] [mixin/]: flywheel.backend.mixins.json:OptionsMixin from mod flywheel->@Inject::flywheel$onSave(Lorg/spongepowered/asm/mixin/injection/callback/CallbackInfo;)V doesn't use it's CallbackInfo
[304月2026 15:45:05.630] [Render thread/DEBUG] [mixin/]: flywheel.backend.mixins.json:OptionsMixin from mod flywheel->@Inject::flywheel$onSave(Lorg/spongepowered/asm/mixin/injection/callback/CallbackInfo;)V has 0 override(s) in child classes
[304月2026 15:45:05.630] [Render thread/DEBUG] [mixin/]: flywheel.backend.mixins.json:OptionsMixin from mod flywheel->@Inject::flywheel$onSave(Lorg/spongepowered/asm/mixin/injection/callback/CallbackInfo;)V won't be passed a CallbackInfo as a result
[304月2026 15:45:05.744] [Render thread/INFO] [net.minecraft.client.Minecraft/]: Backend library: LWJGL version 3.3.3+5
[304月2026 15:45:05.793] [Render thread/DEBUG] [mixin/]: Mixing GlStateManagerMixin from flywheel.backend.mixins.json into com.mojang.blaze3d.platform.GlStateManager
[304月2026 15:45:05.805] [Render thread/DEBUG] [mixin/]: flywheel.backend.mixins.json:GlStateManagerMixin from mod flywheel->@Inject::flywheel$onBindBuffer(IILorg/spongepowered/asm/mixin/injection/callback/CallbackInfo;)V doesn't use it's CallbackInfo
[304月2026 15:45:05.805] [Render thread/DEBUG] [mixin/]: flywheel.backend.mixins.json:GlStateManagerMixin from mod flywheel->@Inject::flywheel$onBindVertexArray(ILorg/spongepowered/asm/mixin/injection/callback/CallbackInfo;)V doesn't use it's CallbackInfo
[304月2026 15:45:05.805] [Render thread/DEBUG] [mixin/]: flywheel.backend.mixins.json:GlStateManagerMixin from mod flywheel->@Inject::flywheel$onUseProgram(ILorg/spongepowered/asm/mixin/injection/callback/CallbackInfo;)V doesn't use it's CallbackInfo
[304月2026 15:45:05.805] [Render thread/DEBUG] [mixin/]: flywheel.backend.mixins.json:GlStateManagerMixin from mod flywheel->@Inject::flywheel$onSetupLevelDiffuseLighting(Lorg/joml/Vector3f;Lorg/joml/Vector3f;Lorg/joml/Matrix4f;Lorg/spongepowered/asm/mixin/injection/callback/CallbackInfo;)V doesn't use it's CallbackInfo
[304月2026 15:45:05.873] [Render thread/DEBUG] [mixin/]: Mixing accessor.MouseHandlerAccessor from create.mixins.json into net.minecraft.client.MouseHandler
[304月2026 15:45:06.149] [Render thread/DEBUG] [net.neoforged.fml.ModWorkManager/LOADING]: Using 12 threads for parallel mod-loading
[304月2026 15:45:06.168] [Render thread/DEBUG] [net.neoforged.fml.javafmlmod.FMLModContainer/LOADING]: Creating FMLModContainer instance for [me.shedaniel.clothconfig.ClothConfigForge]
[304月2026 15:45:06.172] [Render thread/DEBUG] [net.neoforged.fml.javafmlmod.FMLModContainer/LOADING]: Creating FMLModContainer instance for [dev.engine_room.flywheel.impl.FlywheelNeoForge]
[304月2026 15:45:06.174] [Render thread/DEBUG] [net.neoforged.fml.javafmlmod.FMLModContainer/LOADING]: Creating FMLModContainer instance for [com.drmangotea.tfmg.TFMG, com.drmangotea.tfmg.TFMGClient]
[304月2026 15:45:06.176] [Render thread/DEBUG] [net.neoforged.fml.javafmlmod.FMLModContainer/LOADING]: Creating FMLModContainer instance for [net.createmod.ponder.NeoForgePonder, net.createmod.ponder.NeoForgePonderClient]
[304月2026 15:45:06.177] [Render thread/DEBUG] [net.neoforged.fml.javafmlmod.FMLModContainer/LOADING]: Creating FMLModContainer instance for [com.simibubi.create.Create, com.simibubi.create.CreateClient]
[304月2026 15:45:06.179] [Render thread/DEBUG] [net.neoforged.fml.javafmlmod.FMLModContainer/LOADING]: Creating FMLModContainer instance for [com.cosmads.chemica.Chemica, com.cosmads.chemica.ChemicaClient]
[304月2026 15:45:06.179] [Render thread/DEBUG] [net.neoforged.fml.javafmlmod.FMLModContainer/LOADING]: Creating FMLModContainer instance for [net.twolucasplay.chemistrial.Chemistrial]
[304月2026 15:45:06.181] [Render thread/DEBUG] [net.neoforged.fml.javafmlmod.FMLModContainer/LOADING]: Creating FMLModContainer instance for [net.neoforged.neoforge.common.NeoForgeMod, net.neoforged.neoforge.client.ClientNeoForgeMod]
[304月2026 15:45:06.192] [modloading-worker-0/DEBUG] [net.neoforged.fml.javafmlmod.AutomaticEventSubscriber/LOADING]: Attempting to inject @EventBusSubscriber classes into the eventbus for cloth_config
[304月2026 15:45:06.230] [modloading-worker-0/DEBUG] [net.neoforged.neoforge.internal.versions.neoforge.NeoForgeVersion/CORE]: Found NeoForge version 21.1.219
[304月2026 15:45:06.230] [modloading-worker-0/DEBUG] [net.neoforged.neoforge.internal.versions.neoforge.NeoForgeVersion/CORE]: Found FML version 4.0.42
[304月2026 15:45:06.230] [modloading-worker-0/INFO] [net.neoforged.neoforge.common.NeoForgeMod/NEOFORGE-MOD]: NeoForge mod loading, version 21.1.219, for MC 1.21.1
[304月2026 15:45:06.241] [modloading-worker-0/DEBUG] [net.neoforged.fml.config.ConfigTracker/CONFIG]: Config file flywheel-client.toml for flywheel tracking
[304月2026 15:45:06.245] [modloading-worker-0/DEBUG] [net.neoforged.fml.config.ConfigTracker/CONFIG]: Config file neoforge-client.toml for neoforge tracking
[304月2026 15:45:06.246] [modloading-worker-0/DEBUG] [net.neoforged.fml.config.ConfigTracker/CONFIG]: Config file neoforge-server.toml for neoforge tracking
[304月2026 15:45:06.246] [modloading-worker-0/DEBUG] [net.neoforged.fml.config.ConfigTracker/CONFIG]: Config file neoforge-common.toml for neoforge tracking
[304月2026 15:45:06.304] [modloading-worker-0/DEBUG] [net.neoforged.fml.javafmlmod.AutomaticEventSubscriber/LOADING]: Attempting to inject @EventBusSubscriber classes into the eventbus for flywheel
[304月2026 15:45:06.316] [modloading-worker-0/DEBUG] [net.neoforged.fml.config.ConfigTracker/CONFIG]: Config file ponder-client.toml for ponder tracking
[304月2026 15:45:06.319] [modloading-worker-0/DEBUG] [net.neoforged.fml.javafmlmod.AutomaticEventSubscriber/LOADING]: Attempting to inject @EventBusSubscriber classes into the eventbus for ponder
[304月2026 15:45:06.319] [modloading-worker-0/DEBUG] [net.neoforged.fml.javafmlmod.AutomaticEventSubscriber/LOADING]: Scanning class net.createmod.ponder.NeoForgePonderClient$ClientEvents for @SubscribeEvent-annotated methods
[304月2026 15:45:06.322] [modloading-worker-0/DEBUG] [net.neoforged.fml.javafmlmod.AutomaticEventSubscriber/]: Subscribing @EventBusSubscriber class Lnet/createmod/ponder/NeoForgePonderClient$ClientEvents; to the game event bus
[304月2026 15:45:06.327] [modloading-worker-0/DEBUG] [net.neoforged.fml.javafmlmod.AutomaticEventSubscriber/LOADING]: Scanning class net.createmod.ponder.NeoForgePonder$ModBusEvents for @SubscribeEvent-annotated methods
[304月2026 15:45:06.329] [modloading-worker-0/DEBUG] [net.neoforged.fml.javafmlmod.AutomaticEventSubscriber/]: Subscribing @EventBusSubscriber class Lnet/createmod/ponder/NeoForgePonder$ModBusEvents; to the mod event bus of mod ponder
[304月2026 15:45:06.330] [modloading-worker-0/DEBUG] [net.neoforged.fml.javafmlmod.AutomaticEventSubscriber/LOADING]: Scanning class net.createmod.ponder.NeoForgePonder$Events for @SubscribeEvent-annotated methods
[304月2026 15:45:06.331] [modloading-worker-0/DEBUG] [net.neoforged.fml.javafmlmod.AutomaticEventSubscriber/]: Subscribing @EventBusSubscriber class Lnet/createmod/ponder/NeoForgePonder$Events; to the game event bus
[304月2026 15:45:06.332] [modloading-worker-0/DEBUG] [net.neoforged.fml.javafmlmod.AutomaticEventSubscriber/LOADING]: Scanning class net.createmod.ponder.NeoForgePonderClient$ModBusClientEvents for @SubscribeEvent-annotated methods
[304月2026 15:45:06.333] [modloading-worker-0/DEBUG] [mixin/]: Mixing accessor.BlockLootSubProviderAccessor from create.mixins.json into net.minecraft.data.loot.BlockLootSubProvider
[304月2026 15:45:06.339] [modloading-worker-0/DEBUG] [net.neoforged.fml.javafmlmod.AutomaticEventSubscriber/]: Subscribing @EventBusSubscriber class Lnet/createmod/ponder/NeoForgePonderClient$ModBusClientEvents; to the mod event bus of mod ponder
[304月2026 15:45:06.341] [modloading-worker-0/INFO] [com.simibubi.create.Create/]: Create 6.0.9 initializing! Commit hash: e2de2b9a02406ec33ff6d8851ed6f0b56240b6ec
[304月2026 15:45:06.343] [modloading-worker-0/DEBUG] [net.neoforged.fml.javafmlmod.AutomaticEventSubscriber/LOADING]: Attempting to inject @EventBusSubscriber classes into the eventbus for neoforge
[304月2026 15:45:06.343] [modloading-worker-0/DEBUG] [net.neoforged.fml.javafmlmod.AutomaticEventSubscriber/LOADING]: Scanning class net.neoforged.neoforge.server.command.ConfigCommand for @SubscribeEvent-annotated methods
[304月2026 15:45:06.344] [modloading-worker-0/DEBUG] [net.neoforged.fml.javafmlmod.AutomaticEventSubscriber/]: Subscribing @EventBusSubscriber class Lnet/neoforged/neoforge/server/command/ConfigCommand; to the game event bus
[304月2026 15:45:06.345] [modloading-worker-0/DEBUG] [net.neoforged.fml.javafmlmod.AutomaticEventSubscriber/LOADING]: Scanning class net.neoforged.neoforge.network.filters.GenericPacketSplitter for @SubscribeEvent-annotated methods
[304月2026 15:45:06.345] [modloading-worker-0/DEBUG] [mixin/]: Mixing client.accessor.RenderTypeAccessor from ponder-common.mixins.json into net.minecraft.client.renderer.RenderType
[304月2026 15:45:06.348] [modloading-worker-0/DEBUG] [mixin/]: ponder-common.mixins.json:client.accessor.RenderTypeAccessor from mod ponder: Class version 65 required is higher than the class version supported by the current version of Mixin (JAVA_17 supports class version 61)
[304月2026 15:45:06.348] [modloading-worker-0/DEBUG] [mixin/]: Renaming @Invoker method catnip$create(Ljava/lang/String;Lcom/mojang/blaze3d/vertex/VertexFormat;Lcom/mojang/blaze3d/vertex/VertexFormat$Mode;IZZLnet/minecraft/client/renderer/RenderType$CompositeState;)Lnet/minecraft/client/renderer/RenderType$CompositeRenderType; to catnip$create$ponder_$md$7939d7$0 in ponder-common.mixins.json:client.accessor.RenderTypeAccessor from mod ponder
[304月2026 15:45:06.366] [modloading-worker-0/DEBUG] [mixin/]: Mixing client.accessor.GameRendererAccessor from ponder-common.mixins.json into net.minecraft.client.renderer.GameRenderer
[304月2026 15:45:06.366] [modloading-worker-0/DEBUG] [mixin/]: ponder-common.mixins.json:client.accessor.GameRendererAccessor from mod ponder: Class version 65 required is higher than the class version supported by the current version of Mixin (JAVA_17 supports class version 61)
[304月2026 15:45:06.367] [modloading-worker-0/DEBUG] [mixin/]: Mixing client.GameRendererMixin from create.mixins.json into net.minecraft.client.renderer.GameRenderer
[304月2026 15:45:06.368] [modloading-worker-0/DEBUG] [mixin/]: create.mixins.json:client.GameRendererMixin from mod create->@Inject::create$bigShapePick(Lorg/spongepowered/asm/mixin/injection/callback/CallbackInfo;)V doesn't use it's CallbackInfo
[304月2026 15:45:06.368] [modloading-worker-0/DEBUG] [mixin/]: create.mixins.json:client.GameRendererMixin from mod create->@Inject::create$bigShapePick(Lorg/spongepowered/asm/mixin/injection/callback/CallbackInfo;)V has 0 override(s) in child classes
[304月2026 15:45:06.370] [modloading-worker-0/DEBUG] [mixin/]: create.mixins.json:client.GameRendererMixin from mod create->@Inject::create$bigShapePick(Lorg/spongepowered/asm/mixin/injection/callback/CallbackInfo;)V won't be passed a CallbackInfo as a result
[304月2026 15:45:06.398] [modloading-worker-0/DEBUG] [io.netty.buffer.AbstractByteBuf/]: -Dio.netty.buffer.checkAccessible: true
[304月2026 15:45:06.398] [modloading-worker-0/DEBUG] [io.netty.buffer.AbstractByteBuf/]: -Dio.netty.buffer.checkBounds: true
[304月2026 15:45:06.400] [modloading-worker-0/DEBUG] [io.netty.util.ResourceLeakDetectorFactory/]: Loaded default ResourceLeakDetector: io.netty.util.ResourceLeakDetector@70c42b07
[304月2026 15:45:06.414] [modloading-worker-0/DEBUG] [io.netty.util.internal.InternalThreadLocalMap/]: -Dio.netty.threadLocalMap.stringBuilder.initialSize: 1024
[304月2026 15:45:06.414] [modloading-worker-0/DEBUG] [io.netty.util.internal.InternalThreadLocalMap/]: -Dio.netty.threadLocalMap.stringBuilder.maxSize: 4096
[304月2026 15:45:06.420] [modloading-worker-0/DEBUG] [io.netty.buffer.PooledByteBufAllocator/]: -Dio.netty.allocator.numHeapArenas: 24
[304月2026 15:45:06.421] [modloading-worker-0/DEBUG] [io.netty.buffer.PooledByteBufAllocator/]: -Dio.netty.allocator.numDirectArenas: 24
[304月2026 15:45:06.421] [modloading-worker-0/DEBUG] [io.netty.buffer.PooledByteBufAllocator/]: -Dio.netty.allocator.pageSize: 8192
[304月2026 15:45:06.421] [modloading-worker-0/DEBUG] [io.netty.buffer.PooledByteBufAllocator/]: -Dio.netty.allocator.maxOrder: 9
[304月2026 15:45:06.421] [modloading-worker-0/DEBUG] [io.netty.buffer.PooledByteBufAllocator/]: -Dio.netty.allocator.chunkSize: 4194304
[304月2026 15:45:06.421] [modloading-worker-0/DEBUG] [io.netty.buffer.PooledByteBufAllocator/]: -Dio.netty.allocator.smallCacheSize: 256
[304月2026 15:45:06.421] [modloading-worker-0/DEBUG] [io.netty.buffer.PooledByteBufAllocator/]: -Dio.netty.allocator.normalCacheSize: 64
[304月2026 15:45:06.421] [modloading-worker-0/DEBUG] [io.netty.buffer.PooledByteBufAllocator/]: -Dio.netty.allocator.maxCachedBufferCapacity: 32768
[304月2026 15:45:06.421] [modloading-worker-0/DEBUG] [io.netty.buffer.PooledByteBufAllocator/]: -Dio.netty.allocator.cacheTrimInterval: 8192
[304月2026 15:45:06.421] [modloading-worker-0/DEBUG] [io.netty.buffer.PooledByteBufAllocator/]: -Dio.netty.allocator.cacheTrimIntervalMillis: 0
[304月2026 15:45:06.421] [modloading-worker-0/DEBUG] [io.netty.buffer.PooledByteBufAllocator/]: -Dio.netty.allocator.useCacheForAllThreads: false
[304月2026 15:45:06.421] [modloading-worker-0/DEBUG] [io.netty.buffer.PooledByteBufAllocator/]: -Dio.netty.allocator.maxCachedByteBuffersPerChunk: 1023
[304月2026 15:45:06.432] [modloading-worker-0/DEBUG] [mixin/]: Mixing client.accessor.ItemRendererAccessor from ponder-common.mixins.json into net.minecraft.client.renderer.entity.ItemRenderer
[304月2026 15:45:06.433] [modloading-worker-0/DEBUG] [mixin/]: ponder-common.mixins.json:client.accessor.ItemRendererAccessor from mod ponder: Class version 65 required is higher than the class version supported by the current version of Mixin (JAVA_17 supports class version 61)
[304月2026 15:45:06.435] [modloading-worker-0/DEBUG] [io.netty.buffer.ByteBufUtil/]: -Dio.netty.allocator.type: pooled
[304月2026 15:45:06.435] [modloading-worker-0/DEBUG] [io.netty.buffer.ByteBufUtil/]: -Dio.netty.threadLocalDirectBufferSize: 0
[304月2026 15:45:06.435] [modloading-worker-0/DEBUG] [io.netty.buffer.ByteBufUtil/]: -Dio.netty.maxThreadLocalCharBufferSize: 16384
[304月2026 15:45:06.445] [modloading-worker-0/DEBUG] [net.neoforged.fml.javafmlmod.AutomaticEventSubscriber/]: Subscribing @EventBusSubscriber class Lnet/neoforged/neoforge/network/filters/GenericPacketSplitter; to the mod event bus of mod neoforge
[304月2026 15:45:06.446] [modloading-worker-0/DEBUG] [mixin/]: Mixing LevelRendererAccessor from flywheel.backend.mixins.json into net.minecraft.client.renderer.LevelRenderer
[304月2026 15:45:06.446] [modloading-worker-0/DEBUG] [mixin/]: Mixing fix.FixFabulousDepthMixin from flywheel.impl.mixins.json into net.minecraft.client.renderer.LevelRenderer
[304月2026 15:45:06.446] [modloading-worker-0/DEBUG] [mixin/]: Mixing visualmanage.LevelRendererMixin from flywheel.impl.mixins.json into net.minecraft.client.renderer.LevelRenderer
[304月2026 15:45:06.448] [modloading-worker-0/DEBUG] [mixin/]: Mixing accessor.LevelRendererAccessor from create.mixins.json into net.minecraft.client.renderer.LevelRenderer
[304月2026 15:45:06.448] [modloading-worker-0/DEBUG] [mixin/]: Mixing client.LevelRendererMixin from create.mixins.json into net.minecraft.client.renderer.LevelRenderer
[304月2026 15:45:06.448] [modloading-worker-0/DEBUG] [mixin/]: Renaming synthetic method lambda$create$onDestroyBlockProgress$0(J)Ljava/util/SortedSet; to md7939d7$create$lambda$create$onDestroyBlockProgress$0$0 in create.mixins.json:client.LevelRendererMixin from mod create
[304月2026 15:45:06.449] [modloading-worker-0/DEBUG] [net.neoforged.fml.javafmlmod.AutomaticEventSubscriber/LOADING]: Scanning class net.neoforged.neoforge.network.NetworkInitialization for @SubscribeEvent-annotated methods
[304月2026 15:45:06.452] [modloading-worker-0/DEBUG] [mixin/]: Mixing LevelRendererMixin from flywheel.impl.mixins.json into net.minecraft.client.renderer.LevelRenderer
[304月2026 15:45:06.467] [modloading-worker-0/DEBUG] [mixin/]: flywheel.impl.mixins.json:fix.FixFabulousDepthMixin from mod flywheel->@Inject::flywheel$disableTransparencyShaderDepth(Lorg/spongepowered/asm/mixin/injection/callback/CallbackInfo;)V doesn't use it's CallbackInfo
[304月2026 15:45:06.467] [modloading-worker-0/DEBUG] [mixin/]: flywheel.impl.mixins.json:fix.FixFabulousDepthMixin from mod flywheel->@Inject::flywheel$disableTransparencyShaderDepth(Lorg/spongepowered/asm/mixin/injection/callback/CallbackInfo;)V has 0 override(s) in child classes
[304月2026 15:45:06.467] [modloading-worker-0/DEBUG] [mixin/]: flywheel.impl.mixins.json:fix.FixFabulousDepthMixin from mod flywheel->@Inject::flywheel$disableTransparencyShaderDepth(Lorg/spongepowered/asm/mixin/injection/callback/CallbackInfo;)V won't be passed a CallbackInfo as a result
[304月2026 15:45:06.467] [modloading-worker-0/DEBUG] [mixin/]: flywheel.impl.mixins.json:visualmanage.LevelRendererMixin from mod flywheel->@Inject::flywheel$checkUpdate(Lnet/minecraft/core/BlockPos;Lnet/minecraft/world/level/block/state/BlockState;Lnet/minecraft/world/level/block/state/BlockState;Lorg/spongepowered/asm/mixin/injection/callback/CallbackInfo;)V doesn't use it's CallbackInfo
[304月2026 15:45:06.467] [modloading-worker-0/DEBUG] [mixin/]: flywheel.impl.mixins.json:visualmanage.LevelRendererMixin from mod flywheel->@Inject::flywheel$checkUpdate(Lnet/minecraft/core/BlockPos;Lnet/minecraft/world/level/block/state/BlockState;Lnet/minecraft/world/level/block/state/BlockState;Lorg/spongepowered/asm/mixin/injection/callback/CallbackInfo;)V has 0 override(s) in child classes
[304月2026 15:45:06.467] [modloading-worker-0/DEBUG] [mixin/]: flywheel.impl.mixins.json:visualmanage.LevelRendererMixin from mod flywheel->@Inject::flywheel$checkUpdate(Lnet/minecraft/core/BlockPos;Lnet/minecraft/world/level/block/state/BlockState;Lnet/minecraft/world/level/block/state/BlockState;Lorg/spongepowered/asm/mixin/injection/callback/CallbackInfo;)V won't be passed a CallbackInfo as a result
[304月2026 15:45:06.468] [modloading-worker-0/DEBUG] [mixin/]: create.mixins.json:client.LevelRendererMixin from mod create->@Inject::create$onDestroyBlockProgress(ILnet/minecraft/core/BlockPos;ILorg/spongepowered/asm/mixin/injection/callback/CallbackInfo;Lnet/minecraft/server/level/BlockDestructionProgress;)V doesn't use it's CallbackInfo
[304月2026 15:45:06.468] [modloading-worker-0/DEBUG] [mixin/]: create.mixins.json:client.LevelRendererMixin from mod create->@Inject::create$onDestroyBlockProgress(ILnet/minecraft/core/BlockPos;ILorg/spongepowered/asm/mixin/injection/callback/CallbackInfo;Lnet/minecraft/server/level/BlockDestructionProgress;)V has 0 override(s) in child classes
[304月2026 15:45:06.468] [modloading-worker-0/DEBUG] [mixin/]: create.mixins.json:client.LevelRendererMixin from mod create->@Inject::create$onDestroyBlockProgress(ILnet/minecraft/core/BlockPos;ILorg/spongepowered/asm/mixin/injection/callback/CallbackInfo;Lnet/minecraft/server/level/BlockDestructionProgress;)V won't be passed a CallbackInfo as a result
[304月2026 15:45:06.468] [modloading-worker-0/DEBUG] [mixin/]: create.mixins.json:client.LevelRendererMixin from mod create->@Inject::create$onRemoveProgress(Lnet/minecraft/server/level/BlockDestructionProgress;Lorg/spongepowered/asm/mixin/injection/callback/CallbackInfo;)V doesn't use it's CallbackInfo
[304月2026 15:45:06.468] [modloading-worker-0/DEBUG] [mixin/]: create.mixins.json:client.LevelRendererMixin from mod create->@Inject::create$onRemoveProgress(Lnet/minecraft/server/level/BlockDestructionProgress;Lorg/spongepowered/asm/mixin/injection/callback/CallbackInfo;)V has 0 override(s) in child classes
[304月2026 15:45:06.468] [modloading-worker-0/DEBUG] [mixin/]: create.mixins.json:client.LevelRendererMixin from mod create->@Inject::create$onRemoveProgress(Lnet/minecraft/server/level/BlockDestructionProgress;Lorg/spongepowered/asm/mixin/injection/callback/CallbackInfo;)V won't be passed a CallbackInfo as a result
[304月2026 15:45:06.468] [modloading-worker-0/DEBUG] [mixin/]: flywheel.impl.mixins.json:LevelRendererMixin from mod flywheel->@Inject::flywheel$beginRender(Lnet/minecraft/client/DeltaTracker;ZLnet/minecraft/client/Camera;Lnet/minecraft/client/renderer/GameRenderer;Lnet/minecraft/client/renderer/LightTexture;Lorg/joml/Matrix4f;Lorg/joml/Matrix4f;Lorg/spongepowered/asm/mixin/injection/callback/CallbackInfo;)V doesn't use it's CallbackInfo
[304月2026 15:45:06.468] [modloading-worker-0/DEBUG] [mixin/]: flywheel.impl.mixins.json:LevelRendererMixin from mod flywheel->@Inject::flywheel$beginRender(Lnet/minecraft/client/DeltaTracker;ZLnet/minecraft/client/Camera;Lnet/minecraft/client/renderer/GameRenderer;Lnet/minecraft/client/renderer/LightTexture;Lorg/joml/Matrix4f;Lorg/joml/Matrix4f;Lorg/spongepowered/asm/mixin/injection/callback/CallbackInfo;)V has 0 override(s) in child classes
[304月2026 15:45:06.468] [modloading-worker-0/DEBUG] [mixin/]: flywheel.impl.mixins.json:LevelRendererMixin from mod flywheel->@Inject::flywheel$beginRender(Lnet/minecraft/client/DeltaTracker;ZLnet/minecraft/client/Camera;Lnet/minecraft/client/renderer/GameRenderer;Lnet/minecraft/client/renderer/LightTexture;Lorg/joml/Matrix4f;Lorg/joml/Matrix4f;Lorg/spongepowered/asm/mixin/injection/callback/CallbackInfo;)V won't be passed a CallbackInfo as a result
[304月2026 15:45:06.468] [modloading-worker-0/DEBUG] [mixin/]: flywheel.impl.mixins.json:LevelRendererMixin from mod flywheel->@Inject::flywheel$endRender(Lorg/spongepowered/asm/mixin/injection/callback/CallbackInfo;)V doesn't use it's CallbackInfo
[304月2026 15:45:06.468] [modloading-worker-0/DEBUG] [mixin/]: flywheel.impl.mixins.json:LevelRendererMixin from mod flywheel->@Inject::flywheel$endRender(Lorg/spongepowered/asm/mixin/injection/callback/CallbackInfo;)V has 0 override(s) in child classes
[304月2026 15:45:06.468] [modloading-worker-0/DEBUG] [mixin/]: flywheel.impl.mixins.json:LevelRendererMixin from mod flywheel->@Inject::flywheel$endRender(Lorg/spongepowered/asm/mixin/injection/callback/CallbackInfo;)V won't be passed a CallbackInfo as a result
[304月2026 15:45:06.468] [modloading-worker-0/DEBUG] [mixin/]: flywheel.impl.mixins.json:LevelRendererMixin from mod flywheel->@Inject::flywheel$reload(Lorg/spongepowered/asm/mixin/injection/callback/CallbackInfo;)V doesn't use it's CallbackInfo
[304月2026 15:45:06.468] [modloading-worker-0/DEBUG] [mixin/]: flywheel.impl.mixins.json:LevelRendererMixin from mod flywheel->@Inject::flywheel$reload(Lorg/spongepowered/asm/mixin/injection/callback/CallbackInfo;)V has 0 override(s) in child classes
[304月2026 15:45:06.468] [modloading-worker-0/DEBUG] [mixin/]: flywheel.impl.mixins.json:LevelRendererMixin from mod flywheel->@Inject::flywheel$reload(Lorg/spongepowered/asm/mixin/injection/callback/CallbackInfo;)V won't be passed a CallbackInfo as a result
[304月2026 15:45:06.468] [modloading-worker-0/DEBUG] [mixin/]: flywheel.impl.mixins.json:LevelRendererMixin from mod flywheel->@Inject::flywheel$beforeBlockEntities(Lorg/spongepowered/asm/mixin/injection/callback/CallbackInfo;)V doesn't use it's CallbackInfo
[304月2026 15:45:06.469] [modloading-worker-0/DEBUG] [mixin/]: flywheel.impl.mixins.json:LevelRendererMixin from mod flywheel->@Inject::flywheel$beforeBlockEntities(Lorg/spongepowered/asm/mixin/injection/callback/CallbackInfo;)V has 0 override(s) in child classes
[304月2026 15:45:06.469] [modloading-worker-0/DEBUG] [mixin/]: flywheel.impl.mixins.json:LevelRendererMixin from mod flywheel->@Inject::flywheel$beforeBlockEntities(Lorg/spongepowered/asm/mixin/injection/callback/CallbackInfo;)V won't be passed a CallbackInfo as a result
[304月2026 15:45:06.469] [modloading-worker-0/DEBUG] [mixin/]: flywheel.impl.mixins.json:LevelRendererMixin from mod flywheel->@Inject::flywheel$beforeRenderCrumbling(Lorg/spongepowered/asm/mixin/injection/callback/CallbackInfo;)V doesn't use it's CallbackInfo
[304月2026 15:45:06.469] [modloading-worker-0/DEBUG] [mixin/]: flywheel.impl.mixins.json:LevelRendererMixin from mod flywheel->@Inject::flywheel$beforeRenderCrumbling(Lorg/spongepowered/asm/mixin/injection/callback/CallbackInfo;)V has 0 override(s) in child classes
[304月2026 15:45:06.469] [modloading-worker-0/DEBUG] [mixin/]: flywheel.impl.mixins.json:LevelRendererMixin from mod flywheel->@Inject::flywheel$beforeRenderCrumbling(Lorg/spongepowered/asm/mixin/injection/callback/CallbackInfo;)V won't be passed a CallbackInfo as a result
[304月2026 15:45:06.469] [modloading-worker-0/DEBUG] [mixin/]: flywheel.impl.mixins.json:LevelRendererMixin from mod flywheel->@Inject::flywheel$decideNotToRenderEntity(Lnet/minecraft/world/entity/Entity;DDDFLcom/mojang/blaze3d/vertex/PoseStack;Lnet/minecraft/client/renderer/MultiBufferSource;Lorg/spongepowered/asm/mixin/injection/callback/CallbackInfo;)V does use it's CallbackInfo
[304月2026 15:45:06.471] [modloading-worker-0/DEBUG] [net.neoforged.fml.javafmlmod.AutomaticEventSubscriber/]: Subscribing @EventBusSubscriber class Lnet/neoforged/neoforge/network/NetworkInitialization; to the mod event bus of mod neoforge
[304月2026 15:45:06.472] [modloading-worker-0/DEBUG] [net.neoforged.fml.javafmlmod.AutomaticEventSubscriber/LOADING]: Scanning class net.neoforged.neoforge.network.ConfigurationInitialization for @SubscribeEvent-annotated methods
[304月2026 15:45:06.489] [modloading-worker-0/DEBUG] [net.neoforged.fml.javafmlmod.AutomaticEventSubscriber/]: Subscribing @EventBusSubscriber class Lnet/neoforged/neoforge/network/ConfigurationInitialization; to the mod event bus of mod neoforge
[304月2026 15:45:06.489] [modloading-worker-0/DEBUG] [net.neoforged.fml.javafmlmod.AutomaticEventSubscriber/LOADING]: Scanning class net.neoforged.neoforge.common.MonsterRoomHooks for @SubscribeEvent-annotated methods
[304月2026 15:45:06.491] [modloading-worker-0/DEBUG] [net.neoforged.fml.javafmlmod.AutomaticEventSubscriber/]: Subscribing @EventBusSubscriber class Lnet/neoforged/neoforge/common/MonsterRoomHooks; to the game event bus
[304月2026 15:45:06.491] [modloading-worker-0/DEBUG] [net.neoforged.fml.javafmlmod.AutomaticEventSubscriber/LOADING]: Scanning class net.neoforged.neoforge.common.DeferredSpawnEggItem$CommonHandler for @SubscribeEvent-annotated methods
[304月2026 15:45:06.492] [modloading-worker-0/DEBUG] [net.neoforged.fml.javafmlmod.AutomaticEventSubscriber/]: Subscribing @EventBusSubscriber class Lnet/neoforged/neoforge/common/DeferredSpawnEggItem$CommonHandler; to the mod event bus of mod neoforge
[304月2026 15:45:06.493] [modloading-worker-0/DEBUG] [net.neoforged.fml.javafmlmod.AutomaticEventSubscriber/LOADING]: Scanning class net.neoforged.neoforge.common.DeferredSpawnEggItem$ColorRegisterHandler for @SubscribeEvent-annotated methods
[304月2026 15:45:06.495] [modloading-worker-0/DEBUG] [net.neoforged.fml.javafmlmod.AutomaticEventSubscriber/]: Subscribing @EventBusSubscriber class Lnet/neoforged/neoforge/common/DeferredSpawnEggItem$ColorRegisterHandler; to the mod event bus of mod neoforge
[304月2026 15:45:06.496] [modloading-worker-0/DEBUG] [net.neoforged.fml.javafmlmod.AutomaticEventSubscriber/LOADING]: Scanning class net.neoforged.neoforge.client.model.data.ModelDataManager for @SubscribeEvent-annotated methods
[304月2026 15:45:06.498] [modloading-worker-0/DEBUG] [net.neoforged.fml.javafmlmod.AutomaticEventSubscriber/]: Subscribing @EventBusSubscriber class Lnet/neoforged/neoforge/client/model/data/ModelDataManager; to the game event bus
[304月2026 15:45:06.499] [modloading-worker-0/DEBUG] [net.neoforged.fml.javafmlmod.AutomaticEventSubscriber/LOADING]: Scanning class net.neoforged.neoforge.client.ParticleBoundsDebugRenderer for @SubscribeEvent-annotated methods
[304月2026 15:45:06.500] [modloading-worker-0/DEBUG] [mixin/]: Mixing PoseStackAccessor from flywheel.impl.mixins.json into com.mojang.blaze3d.vertex.PoseStack
[304月2026 15:45:06.501] [modloading-worker-0/DEBUG] [mixin/]: Mixing PoseStackMixin from flywheel.impl.mixins.json into com.mojang.blaze3d.vertex.PoseStack
[304月2026 15:45:06.507] [modloading-worker-0/DEBUG] [net.neoforged.fml.javafmlmod.AutomaticEventSubscriber/]: Subscribing @EventBusSubscriber class Lnet/neoforged/neoforge/client/ParticleBoundsDebugRenderer; to the game event bus
[304月2026 15:45:06.508] [modloading-worker-0/DEBUG] [net.neoforged.fml.javafmlmod.AutomaticEventSubscriber/LOADING]: Scanning class net.neoforged.neoforge.client.ClientHooks$ClientEvents for @SubscribeEvent-annotated methods
[304月2026 15:45:06.508] [modloading-worker-0/DEBUG] [net.neoforged.fml.javafmlmod.AutomaticEventSubscriber/]: Subscribing @EventBusSubscriber class Lnet/neoforged/neoforge/client/ClientHooks$ClientEvents; to the mod event bus of mod neoforge
[304月2026 15:45:06.509] [modloading-worker-0/DEBUG] [net.neoforged.fml.javafmlmod.AutomaticEventSubscriber/LOADING]: Scanning class net.neoforged.neoforge.client.BlockEntityRenderBoundsDebugRenderer for @SubscribeEvent-annotated methods
[304月2026 15:45:06.509] [modloading-worker-0/DEBUG] [net.neoforged.fml.javafmlmod.AutomaticEventSubscriber/]: Subscribing @EventBusSubscriber class Lnet/neoforged/neoforge/client/BlockEntityRenderBoundsDebugRenderer; to the game event bus
[304月2026 15:45:06.511] [modloading-worker-0/DEBUG] [net.neoforged.fml.javafmlmod.AutomaticEventSubscriber/LOADING]: Scanning class net.neoforged.neoforge.attachment.AttachmentSync for @SubscribeEvent-annotated methods
[304月2026 15:45:06.515] [modloading-worker-0/DEBUG] [net.neoforged.fml.javafmlmod.AutomaticEventSubscriber/]: Subscribing @EventBusSubscriber class Lnet/neoforged/neoforge/attachment/AttachmentSync; to the game event bus
[304月2026 15:45:06.517] [modloading-worker-0/DEBUG] [net.neoforged.fml.javafmlmod.AutomaticEventSubscriber/LOADING]: Scanning class net.neoforged.neoforge.attachment.AttachmentInternals for @SubscribeEvent-annotated methods
[304月2026 15:45:06.517] [modloading-worker-0/DEBUG] [net.neoforged.fml.javafmlmod.AutomaticEventSubscriber/]: Subscribing @EventBusSubscriber class Lnet/neoforged/neoforge/attachment/AttachmentInternals; to the game event bus
[304月2026 15:45:06.520] [modloading-worker-0/DEBUG] [mixin/]: Mixing FluidTankBlockEntityMixin from tfmg.mixins.json into com.simibubi.create.content.fluids.tank.FluidTankBlockEntity
[304月2026 15:45:06.521] [modloading-worker-0/DEBUG] [mixin/]: tfmg.mixins.json:FluidTankBlockEntityMixin from mod tfmg: Class version 65 required is higher than the class version supported by the current version of Mixin (JAVA_8 supports class version 52)
[304月2026 15:45:06.529] [modloading-worker-0/DEBUG] [mixin/]: Mixing accessor.FluidTankBlockEntityAccessor from tfmg.mixins.json into com.simibubi.create.content.fluids.tank.FluidTankBlockEntity
[304月2026 15:45:06.529] [modloading-worker-0/DEBUG] [mixin/]: tfmg.mixins.json:accessor.FluidTankBlockEntityAccessor from mod tfmg: Class version 65 required is higher than the class version supported by the current version of Mixin (JAVA_8 supports class version 52)
[304月2026 15:45:06.538] [modloading-worker-0/DEBUG] [mixin/]: tfmg.mixins.json:FluidTankBlockEntityMixin from mod tfmg->@Inject::toggleWindows(Lorg/spongepowered/asm/mixin/injection/callback/CallbackInfo;)V doesn't use it's CallbackInfo
[304月2026 15:45:06.539] [modloading-worker-0/DEBUG] [mixin/]: tfmg.mixins.json:FluidTankBlockEntityMixin from mod tfmg->@Inject::toggleWindows(Lorg/spongepowered/asm/mixin/injection/callback/CallbackInfo;)V has 0 override(s) in child classes
[304月2026 15:45:06.539] [modloading-worker-0/DEBUG] [mixin/]: tfmg.mixins.json:FluidTankBlockEntityMixin from mod tfmg->@Inject::toggleWindows(Lorg/spongepowered/asm/mixin/injection/callback/CallbackInfo;)V won't be passed a CallbackInfo as a result
[304月2026 15:45:06.539] [modloading-worker-0/DEBUG] [mixin/]: tfmg.mixins.json:FluidTankBlockEntityMixin from mod tfmg->@Inject::notifyMultiUpdated(Lorg/spongepowered/asm/mixin/injection/callback/CallbackInfo;)V doesn't use it's CallbackInfo
[304月2026 15:45:06.539] [modloading-worker-0/DEBUG] [mixin/]: tfmg.mixins.json:FluidTankBlockEntityMixin from mod tfmg->@Inject::notifyMultiUpdated(Lorg/spongepowered/asm/mixin/injection/callback/CallbackInfo;)V has 0 override(s) in child classes
[304月2026 15:45:06.539] [modloading-worker-0/DEBUG] [mixin/]: tfmg.mixins.json:FluidTankBlockEntityMixin from mod tfmg->@Inject::notifyMultiUpdated(Lorg/spongepowered/asm/mixin/injection/callback/CallbackInfo;)V won't be passed a CallbackInfo as a result
[304月2026 15:45:06.539] [modloading-worker-0/DEBUG] [mixin/]: tfmg.mixins.json:FluidTankBlockEntityMixin from mod tfmg->@Inject::removeController(ZLorg/spongepowered/asm/mixin/injection/callback/CallbackInfo;)V doesn't use it's CallbackInfo
[304月2026 15:45:06.539] [modloading-worker-0/DEBUG] [mixin/]: tfmg.mixins.json:FluidTankBlockEntityMixin from mod tfmg->@Inject::removeController(ZLorg/spongepowered/asm/mixin/injection/callback/CallbackInfo;)V has 0 override(s) in child classes
[304月2026 15:45:06.539] [modloading-worker-0/DEBUG] [mixin/]: tfmg.mixins.json:FluidTankBlockEntityMixin from mod tfmg->@Inject::removeController(ZLorg/spongepowered/asm/mixin/injection/callback/CallbackInfo;)V won't be passed a CallbackInfo as a result
[304月2026 15:45:06.539] [modloading-worker-0/DEBUG] [mixin/]: tfmg.mixins.json:FluidTankBlockEntityMixin from mod tfmg->@Inject::setWindows(ZLorg/spongepowered/asm/mixin/injection/callback/CallbackInfo;)V doesn't use it's CallbackInfo
[304月2026 15:45:06.539] [modloading-worker-0/DEBUG] [mixin/]: tfmg.mixins.json:FluidTankBlockEntityMixin from mod tfmg->@Inject::setWindows(ZLorg/spongepowered/asm/mixin/injection/callback/CallbackInfo;)V has 0 override(s) in child classes
[304月2026 15:45:06.539] [modloading-worker-0/DEBUG] [mixin/]: tfmg.mixins.json:FluidTankBlockEntityMixin from mod tfmg->@Inject::setWindows(ZLorg/spongepowered/asm/mixin/injection/callback/CallbackInfo;)V won't be passed a CallbackInfo as a result
[304月2026 15:45:06.646] [modloading-worker-0/DEBUG] [mixin/]: Mixing FluidPipeBlockMixin from tfmg.mixins.json into com.simibubi.create.content.fluids.pipes.FluidPipeBlock
[304月2026 15:45:06.647] [modloading-worker-0/DEBUG] [mixin/]: tfmg.mixins.json:FluidPipeBlockMixin from mod tfmg: Class version 65 required is higher than the class version supported by the current version of Mixin (JAVA_8 supports class version 52)
[304月2026 15:45:06.649] [modloading-worker-0/DEBUG] [mixin/]: Renaming synthetic method lambda$onRemove$3(Lnet/minecraft/world/level/Level;Lnet/minecraft/core/BlockPos;Lnet/minecraft/world/item/ItemStack;)V to md7939d7$tfmg$lambda$onRemove$3$0 in tfmg.mixins.json:FluidPipeBlockMixin from mod tfmg
[304月2026 15:45:06.650] [modloading-worker-0/DEBUG] [mixin/]: Renaming synthetic method lambda$onWrenched$2(Lnet/minecraft/world/item/context/UseOnContext;Lcom/simibubi/create/content/fluids/pipes/FluidPipeBlockEntity;)V to md7939d7$tfmg$lambda$onWrenched$2$1 in tfmg.mixins.json:FluidPipeBlockMixin from mod tfmg
[304月2026 15:45:06.651] [modloading-worker-0/DEBUG] [mixin/]: Renaming synthetic method lambda$onWrenched$1(Lnet/minecraft/world/item/context/UseOnContext;Lcom/simibubi/create/content/fluids/PipeConnection;)V to md7939d7$tfmg$lambda$onWrenched$1$2 in tfmg.mixins.json:FluidPipeBlockMixin from mod tfmg
[304月2026 15:45:06.651] [modloading-worker-0/DEBUG] [mixin/]: Renaming synthetic method lambda$onWrenched$0(Lcom/simibubi/create/content/fluids/PipeConnection;)Z to md7939d7$tfmg$lambda$onWrenched$0$3 in tfmg.mixins.json:FluidPipeBlockMixin from mod tfmg
[304月2026 15:45:06.770] [modloading-worker-0/DEBUG] [Ponder/]: Loaded net.createmod.catnip.platform.NeoForgePlatformHelper@40c2249d for service interface net.createmod.catnip.platform.services.PlatformHelper
[304月2026 15:45:06.771] [modloading-worker-0/DEBUG] [Ponder/]: Loaded net.createmod.catnip.platform.NeoForgeFluidHelper@28f853a4 for service interface net.createmod.catnip.platform.services.ModFluidHelper
[304月2026 15:45:06.772] [modloading-worker-0/DEBUG] [Ponder/]: Loaded net.createmod.catnip.platform.NeoForgeHooksHelper@36119e1a for service interface net.createmod.catnip.platform.services.ModHooksHelper
[304月2026 15:45:06.773] [modloading-worker-0/DEBUG] [Ponder/]: Loaded net.createmod.catnip.platform.NeoForgeNetworkHelper@86f3d8 for service interface net.createmod.catnip.platform.services.NetworkHelper
[304月2026 15:45:06.897] [modloading-worker-0/DEBUG] [mixin/]: Mixing RegularEngineBlockEntityMixin from chemica.mixins.json into com.drmangotea.tfmg.content.engines.types.regular_engine.RegularEngineBlockEntity
[304月2026 15:45:06.903] [modloading-worker-0/DEBUG] [mixin/]: chemica.mixins.json:RegularEngineBlockEntityMixin from mod chemica->@Inject::chemica$isCorrectCylinder(Lnet/minecraft/world/item/ItemStack;Lorg/spongepowered/asm/mixin/injection/callback/CallbackInfoReturnable;)V does use it's CallbackInfoReturnable
[304月2026 15:45:06.908] [modloading-worker-0/DEBUG] [mixin/]: Mixing TurbineEngineBlockEntityMixin from chemica.mixins.json into com.drmangotea.tfmg.content.engines.types.turbine_engine.TurbineEngineBlockEntity
[304月2026 15:45:06.909] [modloading-worker-0/DEBUG] [mixin/]: chemica.mixins.json:TurbineEngineBlockEntityMixin from mod chemica->@Inject::chemica$isCorrectCylinder(Lnet/minecraft/world/item/ItemStack;Lorg/spongepowered/asm/mixin/injection/callback/CallbackInfoReturnable;)V does use it's CallbackInfoReturnable
[304月2026 15:45:06.919] [modloading-worker-0/DEBUG] [mixin/]: Mixing accessor.SlidingDoorBlockEntityAccessor from tfmg.mixins.json into com.simibubi.create.content.decoration.slidingDoor.SlidingDoorBlockEntity
[304月2026 15:45:06.920] [modloading-worker-0/DEBUG] [mixin/]: tfmg.mixins.json:accessor.SlidingDoorBlockEntityAccessor from mod tfmg: Class version 65 required is higher than the class version supported by the current version of Mixin (JAVA_8 supports class version 52)
[304月2026 15:45:07.084] [modloading-worker-0/DEBUG] [mixin/]: Mixing accessor.FlywheelBlockEntityMixin from tfmg.mixins.json into com.simibubi.create.content.kinetics.flywheel.FlywheelBlockEntity
[304月2026 15:45:07.085] [modloading-worker-0/DEBUG] [mixin/]: tfmg.mixins.json:accessor.FlywheelBlockEntityMixin from mod tfmg: Class version 65 required is higher than the class version supported by the current version of Mixin (JAVA_8 supports class version 52)
[304月2026 15:45:07.208] [modloading-worker-0/DEBUG] [mixin/]: Mixing accessor.ProcessingRecipeAccessor from tfmg.mixins.json into com.simibubi.create.content.processing.recipe.ProcessingRecipe
[304月2026 15:45:07.208] [modloading-worker-0/DEBUG] [mixin/]: tfmg.mixins.json:accessor.ProcessingRecipeAccessor from mod tfmg: Class version 65 required is higher than the class version supported by the current version of Mixin (JAVA_8 supports class version 52)
[304月2026 15:45:07.246] [modloading-worker-0/DEBUG] [net.neoforged.fml.config.ConfigTracker/CONFIG]: Config file tfmg-common.toml for tfmg tracking
[304月2026 15:45:07.246] [modloading-worker-0/DEBUG] [net.neoforged.fml.config.ConfigTracker/CONFIG]: Config file tfmg-server.toml for tfmg tracking
[304月2026 15:45:07.250] [modloading-worker-0/DEBUG] [net.neoforged.fml.javafmlmod.AutomaticEventSubscriber/LOADING]: Attempting to inject @EventBusSubscriber classes into the eventbus for tfmg
[304月2026 15:45:07.250] [modloading-worker-0/DEBUG] [net.neoforged.fml.javafmlmod.AutomaticEventSubscriber/LOADING]: Scanning class com.drmangotea.tfmg.registry.TFMGKeys for @SubscribeEvent-annotated methods
[304月2026 15:45:07.251] [modloading-worker-0/DEBUG] [net.neoforged.fml.javafmlmod.AutomaticEventSubscriber/]: Subscribing @EventBusSubscriber class Lcom/drmangotea/tfmg/registry/TFMGKeys; to the mod event bus of mod tfmg
[304月2026 15:45:07.253] [modloading-worker-0/DEBUG] [net.neoforged.fml.javafmlmod.AutomaticEventSubscriber/LOADING]: Scanning class com.drmangotea.tfmg.content.electricity.utilities.polarizer.PolarizeByLightningEvent for @SubscribeEvent-annotated methods
[304月2026 15:45:07.254] [modloading-worker-0/DEBUG] [net.neoforged.fml.javafmlmod.AutomaticEventSubscriber/]: Subscribing @EventBusSubscriber class Lcom/drmangotea/tfmg/content/electricity/utilities/polarizer/PolarizeByLightningEvent; to the game event bus
[304月2026 15:45:07.254] [modloading-worker-0/DEBUG] [net.neoforged.fml.javafmlmod.AutomaticEventSubscriber/LOADING]: Scanning class com.drmangotea.tfmg.config.TFMGConfigs for @SubscribeEvent-annotated methods
[304月2026 15:45:07.254] [modloading-worker-0/DEBUG] [net.neoforged.fml.javafmlmod.AutomaticEventSubscriber/]: Subscribing @EventBusSubscriber class Lcom/drmangotea/tfmg/config/TFMGConfigs; to the mod event bus of mod tfmg
[304月2026 15:45:07.254] [modloading-worker-0/DEBUG] [net.neoforged.fml.javafmlmod.AutomaticEventSubscriber/LOADING]: Scanning class com.drmangotea.tfmg.base.TFMGRemapper for @SubscribeEvent-annotated methods
[304月2026 15:45:07.256] [modloading-worker-0/DEBUG] [net.neoforged.fml.javafmlmod.AutomaticEventSubscriber/]: Subscribing @EventBusSubscriber class Lcom/drmangotea/tfmg/base/TFMGRemapper; to the mod event bus of mod tfmg
[304月2026 15:45:07.256] [modloading-worker-0/DEBUG] [net.neoforged.fml.javafmlmod.AutomaticEventSubscriber/LOADING]: Scanning class com.drmangotea.tfmg.base.events.TFMGRegistriesImpl for @SubscribeEvent-annotated methods
[304月2026 15:45:07.256] [modloading-worker-0/DEBUG] [net.neoforged.fml.javafmlmod.AutomaticEventSubscriber/]: Subscribing @EventBusSubscriber class Lcom/drmangotea/tfmg/base/events/TFMGRegistriesImpl; to the mod event bus of mod tfmg
[304月2026 15:45:07.256] [modloading-worker-0/DEBUG] [net.neoforged.fml.javafmlmod.AutomaticEventSubscriber/LOADING]: Scanning class com.drmangotea.tfmg.base.events.TFMGCommonEvents for @SubscribeEvent-annotated methods
[304月2026 15:45:07.257] [modloading-worker-0/DEBUG] [net.neoforged.fml.javafmlmod.AutomaticEventSubscriber/]: Subscribing @EventBusSubscriber class Lcom/drmangotea/tfmg/base/events/TFMGCommonEvents; to the game event bus
[304月2026 15:45:07.257] [modloading-worker-0/DEBUG] [net.neoforged.fml.javafmlmod.AutomaticEventSubscriber/LOADING]: Scanning class com.drmangotea.tfmg.base.events.TFMGCommonEvents$ModBusEvents for @SubscribeEvent-annotated methods
[304月2026 15:45:07.257] [modloading-worker-0/DEBUG] [net.neoforged.fml.javafmlmod.AutomaticEventSubscriber/]: Subscribing @EventBusSubscriber class Lcom/drmangotea/tfmg/base/events/TFMGCommonEvents$ModBusEvents; to the mod event bus of mod tfmg
[304月2026 15:45:07.258] [modloading-worker-0/DEBUG] [net.neoforged.fml.javafmlmod.AutomaticEventSubscriber/LOADING]: Scanning class com.drmangotea.tfmg.base.events.TFMGClientEvents for @SubscribeEvent-annotated methods
[304月2026 15:45:07.259] [modloading-worker-0/DEBUG] [net.neoforged.fml.javafmlmod.AutomaticEventSubscriber/]: Subscribing @EventBusSubscriber class Lcom/drmangotea/tfmg/base/events/TFMGClientEvents; to the game event bus
[304月2026 15:45:07.260] [modloading-worker-0/DEBUG] [net.neoforged.fml.javafmlmod.AutomaticEventSubscriber/LOADING]: Scanning class com.drmangotea.tfmg.base.events.TFMGClientEvents$ModBusEvents for @SubscribeEvent-annotated methods
[304月2026 15:45:07.261] [modloading-worker-0/DEBUG] [net.neoforged.fml.javafmlmod.AutomaticEventSubscriber/]: Subscribing @EventBusSubscriber class Lcom/drmangotea/tfmg/base/events/TFMGClientEvents$ModBusEvents; to the mod event bus of mod tfmg
[304月2026 15:45:07.514] [modloading-worker-0/DEBUG] [net.neoforged.fml.config.ConfigTracker/CONFIG]: Config file create-common.toml for create tracking
[304月2026 15:45:07.515] [modloading-worker-0/DEBUG] [net.neoforged.fml.config.ConfigTracker/CONFIG]: Config file create-client.toml for create tracking
[304月2026 15:45:07.515] [modloading-worker-0/DEBUG] [net.neoforged.fml.config.ConfigTracker/CONFIG]: Config file create-server.toml for create tracking
[304月2026 15:45:07.570] [modloading-worker-0/DEBUG] [net.neoforged.fml.javafmlmod.AutomaticEventSubscriber/LOADING]: Attempting to inject @EventBusSubscriber classes into the eventbus for create
[304月2026 15:45:07.571] [modloading-worker-0/DEBUG] [net.neoforged.fml.javafmlmod.AutomaticEventSubscriber/LOADING]: Scanning class com.simibubi.create.foundation.blockEntity.behaviour.ValueSettingsInputHandler for @SubscribeEvent-annotated methods
[304月2026 15:45:07.571] [modloading-worker-0/DEBUG] [net.neoforged.fml.javafmlmod.AutomaticEventSubscriber/]: Subscribing @EventBusSubscriber class Lcom/simibubi/create/foundation/blockEntity/behaviour/ValueSettingsInputHandler; to the game event bus
[304月2026 15:45:07.572] [modloading-worker-0/DEBUG] [net.neoforged.fml.javafmlmod.AutomaticEventSubscriber/LOADING]: Scanning class com.simibubi.create.foundation.blockEntity.behaviour.edgeInteraction.EdgeInteractionHandler for @SubscribeEvent-annotated methods
[304月2026 15:45:07.573] [modloading-worker-0/DEBUG] [net.neoforged.fml.javafmlmod.AutomaticEventSubscriber/]: Subscribing @EventBusSubscriber class Lcom/simibubi/create/foundation/blockEntity/behaviour/edgeInteraction/EdgeInteractionHandler; to the game event bus
[304月2026 15:45:07.573] [modloading-worker-0/DEBUG] [net.neoforged.fml.javafmlmod.AutomaticEventSubscriber/LOADING]: Scanning class com.simibubi.create.foundation.block.ItemUseOverrides for @SubscribeEvent-annotated methods
[304月2026 15:45:07.574] [modloading-worker-0/DEBUG] [net.neoforged.fml.javafmlmod.AutomaticEventSubscriber/]: Subscribing @EventBusSubscriber class Lcom/simibubi/create/foundation/block/ItemUseOverrides; to the game event bus
[304月2026 15:45:07.574] [modloading-worker-0/DEBUG] [net.neoforged.fml.javafmlmod.AutomaticEventSubscriber/LOADING]: Scanning class com.simibubi.create.foundation.events.CommonEvents for @SubscribeEvent-annotated methods
[304月2026 15:45:07.575] [modloading-worker-0/DEBUG] [net.neoforged.fml.javafmlmod.AutomaticEventSubscriber/]: Subscribing @EventBusSubscriber class Lcom/simibubi/create/foundation/events/CommonEvents; to the game event bus
[304月2026 15:45:07.578] [modloading-worker-0/DEBUG] [net.neoforged.fml.javafmlmod.AutomaticEventSubscriber/LOADING]: Scanning class com.simibubi.create.foundation.events.ClientEvents$ModBusEvents for @SubscribeEvent-annotated methods
[304月2026 15:45:07.579] [modloading-worker-0/DEBUG] [net.neoforged.fml.javafmlmod.AutomaticEventSubscriber/]: Subscribing @EventBusSubscriber class Lcom/simibubi/create/foundation/events/ClientEvents$ModBusEvents; to the mod event bus of mod create
[304月2026 15:45:07.581] [modloading-worker-0/DEBUG] [net.neoforged.fml.javafmlmod.AutomaticEventSubscriber/LOADING]: Scanning class com.simibubi.create.foundation.events.ClientEvents for @SubscribeEvent-annotated methods
[304月2026 15:45:07.583] [modloading-worker-0/DEBUG] [net.neoforged.fml.javafmlmod.AutomaticEventSubscriber/]: Subscribing @EventBusSubscriber class Lcom/simibubi/create/foundation/events/ClientEvents; to the game event bus
[304月2026 15:45:07.585] [modloading-worker-0/DEBUG] [net.neoforged.fml.javafmlmod.AutomaticEventSubscriber/LOADING]: Scanning class com.simibubi.create.foundation.events.CommonEvents$ModBusEvents for @SubscribeEvent-annotated methods
[304月2026 15:45:07.587] [modloading-worker-0/DEBUG] [net.neoforged.fml.javafmlmod.AutomaticEventSubscriber/]: Subscribing @EventBusSubscriber class Lcom/simibubi/create/foundation/events/CommonEvents$ModBusEvents; to the mod event bus of mod create
[304月2026 15:45:07.587] [modloading-worker-0/DEBUG] [net.neoforged.fml.javafmlmod.AutomaticEventSubscriber/LOADING]: Scanning class com.simibubi.create.foundation.events.InputEvents for @SubscribeEvent-annotated methods
[304月2026 15:45:07.588] [modloading-worker-0/DEBUG] [net.neoforged.fml.javafmlmod.AutomaticEventSubscriber/]: Subscribing @EventBusSubscriber class Lcom/simibubi/create/foundation/events/InputEvents; to the game event bus
[304月2026 15:45:07.589] [modloading-worker-0/DEBUG] [net.neoforged.fml.javafmlmod.AutomaticEventSubscriber/LOADING]: Scanning class com.simibubi.create.foundation.render.RenderTypes$Shaders for @SubscribeEvent-annotated methods
[304月2026 15:45:07.589] [modloading-worker-0/DEBUG] [net.neoforged.fml.javafmlmod.AutomaticEventSubscriber/]: Subscribing @EventBusSubscriber class Lcom/simibubi/create/foundation/render/RenderTypes$Shaders; to the mod event bus of mod create
[304月2026 15:45:07.590] [modloading-worker-0/DEBUG] [net.neoforged.fml.javafmlmod.AutomaticEventSubscriber/LOADING]: Scanning class com.simibubi.create.content.trains.track.TrackBlockItem for @SubscribeEvent-annotated methods
[304月2026 15:45:07.591] [modloading-worker-0/DEBUG] [net.neoforged.fml.javafmlmod.AutomaticEventSubscriber/]: Subscribing @EventBusSubscriber class Lcom/simibubi/create/content/trains/track/TrackBlockItem; to the game event bus
[304月2026 15:45:07.594] [modloading-worker-0/DEBUG] [net.neoforged.fml.javafmlmod.AutomaticEventSubscriber/LOADING]: Scanning class com.simibubi.create.content.trains.track.TrackBlockOutline for @SubscribeEvent-annotated methods
[304月2026 15:45:07.598] [modloading-worker-0/DEBUG] [net.neoforged.fml.javafmlmod.AutomaticEventSubscriber/]: Subscribing @EventBusSubscriber class Lcom/simibubi/create/content/trains/track/TrackBlockOutline; to the game event bus
[304月2026 15:45:07.598] [modloading-worker-0/DEBUG] [net.neoforged.fml.javafmlmod.AutomaticEventSubscriber/LOADING]: Scanning class com.simibubi.create.content.trains.schedule.ScheduleItemEntityInteraction for @SubscribeEvent-annotated methods
[304月2026 15:45:07.599] [modloading-worker-0/DEBUG] [net.neoforged.fml.javafmlmod.AutomaticEventSubscriber/]: Subscribing @EventBusSubscriber class Lcom/simibubi/create/content/trains/schedule/ScheduleItemEntityInteraction; to the game event bus
[304月2026 15:45:07.599] [modloading-worker-0/DEBUG] [net.neoforged.fml.javafmlmod.AutomaticEventSubscriber/LOADING]: Scanning class com.simibubi.create.content.processing.burner.BlazeBurnerHandler for @SubscribeEvent-annotated methods
[304月2026 15:45:07.600] [modloading-worker-0/DEBUG] [net.neoforged.fml.javafmlmod.AutomaticEventSubscriber/]: Subscribing @EventBusSubscriber class Lcom/simibubi/create/content/processing/burner/BlazeBurnerHandler; to the game event bus
[304月2026 15:45:07.600] [modloading-worker-0/DEBUG] [net.neoforged.fml.javafmlmod.AutomaticEventSubscriber/LOADING]: Scanning class com.simibubi.create.content.equipment.wrench.WrenchEventHandler for @SubscribeEvent-annotated methods
[304月2026 15:45:07.600] [modloading-worker-0/DEBUG] [net.neoforged.fml.javafmlmod.AutomaticEventSubscriber/]: Subscribing @EventBusSubscriber class Lcom/simibubi/create/content/equipment/wrench/WrenchEventHandler; to the game event bus
[304月2026 15:45:07.601] [modloading-worker-0/DEBUG] [net.neoforged.fml.javafmlmod.AutomaticEventSubscriber/LOADING]: Scanning class com.simibubi.create.content.equipment.extendoGrip.ExtendoGripItem for @SubscribeEvent-annotated methods
[304月2026 15:45:07.601] [modloading-worker-0/DEBUG] [net.neoforged.fml.javafmlmod.AutomaticEventSubscriber/]: Subscribing @EventBusSubscriber class Lcom/simibubi/create/content/equipment/extendoGrip/ExtendoGripItem; to the game event bus
[304月2026 15:45:07.603] [modloading-worker-0/DEBUG] [net.neoforged.fml.javafmlmod.AutomaticEventSubscriber/LOADING]: Scanning class com.simibubi.create.content.equipment.extendoGrip.ExtendoGripRenderHandler for @SubscribeEvent-annotated methods
[304月2026 15:45:07.604] [modloading-worker-0/DEBUG] [net.neoforged.fml.javafmlmod.AutomaticEventSubscriber/]: Subscribing @EventBusSubscriber class Lcom/simibubi/create/content/equipment/extendoGrip/ExtendoGripRenderHandler; to the game event bus
[304月2026 15:45:07.604] [modloading-worker-0/DEBUG] [net.neoforged.fml.javafmlmod.AutomaticEventSubscriber/LOADING]: Scanning class com.simibubi.create.content.equipment.zapper.ZapperInteractionHandler for @SubscribeEvent-annotated methods
[304月2026 15:45:07.606] [modloading-worker-0/DEBUG] [net.neoforged.fml.javafmlmod.AutomaticEventSubscriber/]: Subscribing @EventBusSubscriber class Lcom/simibubi/create/content/equipment/zapper/ZapperInteractionHandler; to the game event bus
[304月2026 15:45:07.606] [modloading-worker-0/DEBUG] [net.neoforged.fml.javafmlmod.AutomaticEventSubscriber/LOADING]: Scanning class com.simibubi.create.content.equipment.symmetryWand.SymmetryHandler for @SubscribeEvent-annotated methods
[304月2026 15:45:07.607] [modloading-worker-0/DEBUG] [net.neoforged.fml.javafmlmod.AutomaticEventSubscriber/]: Subscribing @EventBusSubscriber class Lcom/simibubi/create/content/equipment/symmetryWand/SymmetryHandler; to the game event bus
[304月2026 15:45:07.609] [modloading-worker-0/DEBUG] [net.neoforged.fml.javafmlmod.AutomaticEventSubscriber/LOADING]: Scanning class com.simibubi.create.content.equipment.armor.CardboardArmorHandlerClient for @SubscribeEvent-annotated methods
[304月2026 15:45:07.612] [modloading-worker-0/DEBUG] [net.neoforged.fml.javafmlmod.AutomaticEventSubscriber/]: Subscribing @EventBusSubscriber class Lcom/simibubi/create/content/equipment/armor/CardboardArmorHandlerClient; to the game event bus
[304月2026 15:45:07.613] [modloading-worker-0/DEBUG] [net.neoforged.fml.javafmlmod.AutomaticEventSubscriber/LOADING]: Scanning class com.simibubi.create.content.equipment.armor.NetheriteBacktankFirstPersonRenderer for @SubscribeEvent-annotated methods
[304月2026 15:45:07.613] [modloading-worker-0/DEBUG] [net.neoforged.fml.javafmlmod.AutomaticEventSubscriber/]: Subscribing @EventBusSubscriber class Lcom/simibubi/create/content/equipment/armor/NetheriteBacktankFirstPersonRenderer; to the game event bus
[304月2026 15:45:07.614] [modloading-worker-0/DEBUG] [net.neoforged.fml.javafmlmod.AutomaticEventSubscriber/LOADING]: Scanning class com.simibubi.create.content.equipment.armor.NetheriteDivingHandler for @SubscribeEvent-annotated methods
[304月2026 15:45:07.614] [modloading-worker-0/DEBUG] [net.neoforged.fml.javafmlmod.AutomaticEventSubscriber/]: Subscribing @EventBusSubscriber class Lcom/simibubi/create/content/equipment/armor/NetheriteDivingHandler; to the game event bus
[304月2026 15:45:07.616] [modloading-worker-0/DEBUG] [net.neoforged.fml.javafmlmod.AutomaticEventSubscriber/LOADING]: Scanning class com.simibubi.create.content.equipment.armor.DivingHelmetItem for @SubscribeEvent-annotated methods
[304月2026 15:45:07.616] [modloading-worker-0/DEBUG] [net.neoforged.fml.javafmlmod.AutomaticEventSubscriber/]: Subscribing @EventBusSubscriber class Lcom/simibubi/create/content/equipment/armor/DivingHelmetItem; to the game event bus
[304月2026 15:45:07.616] [modloading-worker-0/DEBUG] [net.neoforged.fml.javafmlmod.AutomaticEventSubscriber/LOADING]: Scanning class com.simibubi.create.content.equipment.armor.CardboardArmorHandler for @SubscribeEvent-annotated methods
[304月2026 15:45:07.617] [modloading-worker-0/DEBUG] [net.neoforged.fml.javafmlmod.AutomaticEventSubscriber/]: Subscribing @EventBusSubscriber class Lcom/simibubi/create/content/equipment/armor/CardboardArmorHandler; to the game event bus
[304月2026 15:45:07.617] [modloading-worker-0/DEBUG] [net.neoforged.fml.javafmlmod.AutomaticEventSubscriber/LOADING]: Scanning class com.simibubi.create.content.equipment.armor.DivingBootsItem for @SubscribeEvent-annotated methods
[304月2026 15:45:07.618] [modloading-worker-0/DEBUG] [net.neoforged.fml.javafmlmod.AutomaticEventSubscriber/]: Subscribing @EventBusSubscriber class Lcom/simibubi/create/content/equipment/armor/DivingBootsItem; to the game event bus
[304月2026 15:45:07.618] [modloading-worker-0/DEBUG] [net.neoforged.fml.javafmlmod.AutomaticEventSubscriber/LOADING]: Scanning class com.simibubi.create.content.equipment.clipboard.ClipboardValueSettingsHandler for @SubscribeEvent-annotated methods
[304月2026 15:45:07.619] [modloading-worker-0/DEBUG] [net.neoforged.fml.javafmlmod.AutomaticEventSubscriber/]: Subscribing @EventBusSubscriber class Lcom/simibubi/create/content/equipment/clipboard/ClipboardValueSettingsHandler; to the game event bus
[304月2026 15:45:07.619] [modloading-worker-0/DEBUG] [net.neoforged.fml.javafmlmod.AutomaticEventSubscriber/LOADING]: Scanning class com.simibubi.create.content.equipment.tool.CardboardSwordItem for @SubscribeEvent-annotated methods
[304月2026 15:45:07.620] [modloading-worker-0/DEBUG] [net.neoforged.fml.javafmlmod.AutomaticEventSubscriber/]: Subscribing @EventBusSubscriber class Lcom/simibubi/create/content/equipment/tool/CardboardSwordItem; to the game event bus
[304月2026 15:45:07.620] [modloading-worker-0/DEBUG] [net.neoforged.fml.javafmlmod.AutomaticEventSubscriber/LOADING]: Scanning class com.simibubi.create.content.equipment.bell.HauntedBellPulser for @SubscribeEvent-annotated methods
[304月2026 15:45:07.621] [modloading-worker-0/DEBUG] [net.neoforged.fml.javafmlmod.AutomaticEventSubscriber/]: Subscribing @EventBusSubscriber class Lcom/simibubi/create/content/equipment/bell/HauntedBellPulser; to the game event bus
[304月2026 15:45:07.621] [modloading-worker-0/DEBUG] [net.neoforged.fml.javafmlmod.AutomaticEventSubscriber/LOADING]: Scanning class com.simibubi.create.content.kinetics.crusher.CrushingWheelBlockEntity for @SubscribeEvent-annotated methods
[304月2026 15:45:07.622] [modloading-worker-0/DEBUG] [net.neoforged.fml.javafmlmod.AutomaticEventSubscriber/]: Subscribing @EventBusSubscriber class Lcom/simibubi/create/content/kinetics/crusher/CrushingWheelBlockEntity; to the game event bus
[304月2026 15:45:07.628] [modloading-worker-0/DEBUG] [net.neoforged.fml.javafmlmod.AutomaticEventSubscriber/LOADING]: Scanning class com.simibubi.create.content.kinetics.crank.ValveHandleBlock for @SubscribeEvent-annotated methods
[304月2026 15:45:07.629] [modloading-worker-0/DEBUG] [net.neoforged.fml.javafmlmod.AutomaticEventSubscriber/]: Subscribing @EventBusSubscriber class Lcom/simibubi/create/content/kinetics/crank/ValveHandleBlock; to the game event bus
[304月2026 15:45:07.633] [modloading-worker-0/DEBUG] [net.neoforged.fml.javafmlmod.AutomaticEventSubscriber/LOADING]: Scanning class com.simibubi.create.content.kinetics.deployer.ManualApplicationRecipe for @SubscribeEvent-annotated methods
[304月2026 15:45:07.635] [modloading-worker-0/DEBUG] [net.neoforged.fml.javafmlmod.AutomaticEventSubscriber/]: Subscribing @EventBusSubscriber class Lcom/simibubi/create/content/kinetics/deployer/ManualApplicationRecipe; to the game event bus
[304月2026 15:45:07.637] [modloading-worker-0/DEBUG] [net.neoforged.fml.javafmlmod.AutomaticEventSubscriber/LOADING]: Scanning class com.simibubi.create.content.kinetics.deployer.DeployerFakePlayer for @SubscribeEvent-annotated methods
[304月2026 15:45:07.651] [modloading-worker-0/DEBUG] [net.neoforged.fml.javafmlmod.AutomaticEventSubscriber/]: Subscribing @EventBusSubscriber class Lcom/simibubi/create/content/kinetics/deployer/DeployerFakePlayer; to the game event bus
[304月2026 15:45:07.683] [modloading-worker-0/DEBUG] [net.neoforged.fml.javafmlmod.AutomaticEventSubscriber/LOADING]: Scanning class com.simibubi.create.content.kinetics.mechanicalArm.ArmInteractionPointHandler for @SubscribeEvent-annotated methods
[304月2026 15:45:07.685] [modloading-worker-0/DEBUG] [net.neoforged.fml.javafmlmod.AutomaticEventSubscriber/]: Subscribing @EventBusSubscriber class Lcom/simibubi/create/content/kinetics/mechanicalArm/ArmInteractionPointHandler; to the game event bus
[304月2026 15:45:07.687] [modloading-worker-0/DEBUG] [net.neoforged.fml.javafmlmod.AutomaticEventSubscriber/LOADING]: Scanning class com.simibubi.create.content.kinetics.chainConveyor.ChainConveyorInteractionHandler for @SubscribeEvent-annotated methods
[304月2026 15:45:07.690] [modloading-worker-0/DEBUG] [net.neoforged.fml.javafmlmod.AutomaticEventSubscriber/]: Subscribing @EventBusSubscriber class Lcom/simibubi/create/content/kinetics/chainConveyor/ChainConveyorInteractionHandler; to the game event bus
[304月2026 15:45:07.690] [modloading-worker-0/DEBUG] [net.neoforged.fml.javafmlmod.AutomaticEventSubscriber/LOADING]: Scanning class com.simibubi.create.content.kinetics.chainConveyor.ChainConveyorConnectionHandler for @SubscribeEvent-annotated methods
[304月2026 15:45:07.692] [modloading-worker-0/DEBUG] [net.neoforged.fml.javafmlmod.AutomaticEventSubscriber/]: Subscribing @EventBusSubscriber class Lcom/simibubi/create/content/kinetics/chainConveyor/ChainConveyorConnectionHandler; to the game event bus
[304月2026 15:45:07.692] [modloading-worker-0/DEBUG] [net.neoforged.fml.javafmlmod.AutomaticEventSubscriber/LOADING]: Scanning class com.simibubi.create.content.logistics.box.PackageClientInteractionHandler for @SubscribeEvent-annotated methods
[304月2026 15:45:07.693] [modloading-worker-0/DEBUG] [net.neoforged.fml.javafmlmod.AutomaticEventSubscriber/]: Subscribing @EventBusSubscriber class Lcom/simibubi/create/content/logistics/box/PackageClientInteractionHandler; to the game event bus
[304月2026 15:45:07.693] [modloading-worker-0/DEBUG] [net.neoforged.fml.javafmlmod.AutomaticEventSubscriber/LOADING]: Scanning class com.simibubi.create.content.logistics.funnel.FunnelItem for @SubscribeEvent-annotated methods
[304月2026 15:45:07.694] [modloading-worker-0/DEBUG] [net.neoforged.fml.javafmlmod.AutomaticEventSubscriber/]: Subscribing @EventBusSubscriber class Lcom/simibubi/create/content/logistics/funnel/FunnelItem; to the game event bus
[304月2026 15:45:07.694] [modloading-worker-0/DEBUG] [net.neoforged.fml.javafmlmod.AutomaticEventSubscriber/LOADING]: Scanning class com.simibubi.create.content.logistics.itemHatch.ItemHatchHandler for @SubscribeEvent-annotated methods
[304月2026 15:45:07.695] [modloading-worker-0/DEBUG] [net.neoforged.fml.javafmlmod.AutomaticEventSubscriber/]: Subscribing @EventBusSubscriber class Lcom/simibubi/create/content/logistics/itemHatch/ItemHatchHandler; to the game event bus
[304月2026 15:45:07.695] [modloading-worker-0/DEBUG] [net.neoforged.fml.javafmlmod.AutomaticEventSubscriber/LOADING]: Scanning class com.simibubi.create.content.logistics.depot.EjectorTargetHandler for @SubscribeEvent-annotated methods
[304月2026 15:45:07.695] [modloading-worker-0/DEBUG] [net.neoforged.fml.javafmlmod.AutomaticEventSubscriber/]: Subscribing @EventBusSubscriber class Lcom/simibubi/create/content/logistics/depot/EjectorTargetHandler; to the game event bus
[304月2026 15:45:07.697] [modloading-worker-0/DEBUG] [net.neoforged.fml.javafmlmod.AutomaticEventSubscriber/LOADING]: Scanning class com.simibubi.create.content.logistics.stockTicker.StockTickerInteractionHandler for @SubscribeEvent-annotated methods
[304月2026 15:45:07.698] [modloading-worker-0/DEBUG] [net.neoforged.fml.javafmlmod.AutomaticEventSubscriber/]: Subscribing @EventBusSubscriber class Lcom/simibubi/create/content/logistics/stockTicker/StockTickerInteractionHandler; to the game event bus
[304月2026 15:45:07.698] [modloading-worker-0/DEBUG] [net.neoforged.fml.javafmlmod.AutomaticEventSubscriber/LOADING]: Scanning class com.simibubi.create.content.contraptions.mounted.MinecartContraptionItem for @SubscribeEvent-annotated methods
[304月2026 15:45:07.699] [modloading-worker-0/DEBUG] [net.neoforged.fml.javafmlmod.AutomaticEventSubscriber/]: Subscribing @EventBusSubscriber class Lcom/simibubi/create/content/contraptions/mounted/MinecartContraptionItem; to the game event bus
[304月2026 15:45:07.700] [modloading-worker-0/DEBUG] [net.neoforged.fml.javafmlmod.AutomaticEventSubscriber/LOADING]: Scanning class com.simibubi.create.content.contraptions.ContraptionHandlerClient for @SubscribeEvent-annotated methods
[304月2026 15:45:07.701] [modloading-worker-0/DEBUG] [net.neoforged.fml.javafmlmod.AutomaticEventSubscriber/]: Subscribing @EventBusSubscriber class Lcom/simibubi/create/content/contraptions/ContraptionHandlerClient; to the game event bus
[304月2026 15:45:07.702] [modloading-worker-0/DEBUG] [net.neoforged.fml.javafmlmod.AutomaticEventSubscriber/LOADING]: Scanning class com.simibubi.create.content.contraptions.minecart.MinecartCouplingItem for @SubscribeEvent-annotated methods
[304月2026 15:45:07.704] [modloading-worker-0/DEBUG] [net.neoforged.fml.javafmlmod.AutomaticEventSubscriber/]: Subscribing @EventBusSubscriber class Lcom/simibubi/create/content/contraptions/minecart/MinecartCouplingItem; to the game event bus
[304月2026 15:45:07.706] [modloading-worker-0/DEBUG] [net.neoforged.fml.javafmlmod.AutomaticEventSubscriber/LOADING]: Scanning class com.simibubi.create.content.contraptions.minecart.CouplingHandler for @SubscribeEvent-annotated methods
[304月2026 15:45:07.707] [modloading-worker-0/DEBUG] [net.neoforged.fml.javafmlmod.AutomaticEventSubscriber/]: Subscribing @EventBusSubscriber class Lcom/simibubi/create/content/contraptions/minecart/CouplingHandler; to the game event bus
[304月2026 15:45:07.707] [modloading-worker-0/DEBUG] [net.neoforged.fml.javafmlmod.AutomaticEventSubscriber/LOADING]: Scanning class com.simibubi.create.content.contraptions.glue.SuperGlueHandler for @SubscribeEvent-annotated methods
[304月2026 15:45:07.709] [modloading-worker-0/DEBUG] [net.neoforged.fml.javafmlmod.AutomaticEventSubscriber/]: Subscribing @EventBusSubscriber class Lcom/simibubi/create/content/contraptions/glue/SuperGlueHandler; to the game event bus
[304月2026 15:45:07.709] [modloading-worker-0/DEBUG] [net.neoforged.fml.javafmlmod.AutomaticEventSubscriber/LOADING]: Scanning class com.simibubi.create.content.contraptions.glue.SuperGlueItem for @SubscribeEvent-annotated methods
[304月2026 15:45:07.709] [modloading-worker-0/DEBUG] [net.neoforged.fml.javafmlmod.AutomaticEventSubscriber/]: Subscribing @EventBusSubscriber class Lcom/simibubi/create/content/contraptions/glue/SuperGlueItem; to the game event bus
[304月2026 15:45:07.710] [modloading-worker-0/DEBUG] [net.neoforged.fml.javafmlmod.AutomaticEventSubscriber/LOADING]: Scanning class com.simibubi.create.content.redstone.displayLink.ClickToLinkBlockItem for @SubscribeEvent-annotated methods
[304月2026 15:45:07.710] [modloading-worker-0/DEBUG] [net.neoforged.fml.javafmlmod.AutomaticEventSubscriber/]: Subscribing @EventBusSubscriber class Lcom/simibubi/create/content/redstone/displayLink/ClickToLinkBlockItem; to the game event bus
[304月2026 15:45:07.710] [modloading-worker-0/DEBUG] [net.neoforged.fml.javafmlmod.AutomaticEventSubscriber/LOADING]: Scanning class com.simibubi.create.content.redstone.link.LinkHandler for @SubscribeEvent-annotated methods
[304月2026 15:45:07.711] [modloading-worker-0/DEBUG] [net.neoforged.fml.javafmlmod.AutomaticEventSubscriber/]: Subscribing @EventBusSubscriber class Lcom/simibubi/create/content/redstone/link/LinkHandler; to the game event bus
[304月2026 15:45:07.712] [modloading-worker-0/DEBUG] [net.neoforged.fml.javafmlmod.AutomaticEventSubscriber/LOADING]: Scanning class com.simibubi.create.content.fluids.FluidBottleItemHook for @SubscribeEvent-annotated methods
[304月2026 15:45:07.713] [modloading-worker-0/DEBUG] [net.neoforged.fml.javafmlmod.AutomaticEventSubscriber/]: Subscribing @EventBusSubscriber class Lcom/simibubi/create/content/fluids/FluidBottleItemHook; to the game event bus
[304月2026 15:45:07.713] [modloading-worker-0/DEBUG] [net.neoforged.fml.javafmlmod.AutomaticEventSubscriber/LOADING]: Scanning class com.simibubi.create.content.fluids.FluidReactions for @SubscribeEvent-annotated methods
[304月2026 15:45:07.715] [modloading-worker-0/DEBUG] [net.neoforged.fml.javafmlmod.AutomaticEventSubscriber/]: Subscribing @EventBusSubscriber class Lcom/simibubi/create/content/fluids/FluidReactions; to the game event bus
[304月2026 15:45:07.715] [modloading-worker-0/DEBUG] [net.neoforged.fml.javafmlmod.AutomaticEventSubscriber/LOADING]: Scanning class com.simibubi.create.AllKeys for @SubscribeEvent-annotated methods
[304月2026 15:45:07.718] [modloading-worker-0/DEBUG] [net.neoforged.fml.javafmlmod.AutomaticEventSubscriber/]: Subscribing @EventBusSubscriber class Lcom/simibubi/create/AllKeys; to the mod event bus of mod create
[304月2026 15:45:07.719] [modloading-worker-0/DEBUG] [net.neoforged.fml.javafmlmod.AutomaticEventSubscriber/LOADING]: Scanning class com.simibubi.create.compat.trainmap.TrainMapEvents for @SubscribeEvent-annotated methods
[304月2026 15:45:07.720] [modloading-worker-0/DEBUG] [net.neoforged.fml.javafmlmod.AutomaticEventSubscriber/]: Subscribing @EventBusSubscriber class Lcom/simibubi/create/compat/trainmap/TrainMapEvents; to the game event bus
[304月2026 15:45:07.721] [modloading-worker-0/DEBUG] [net.neoforged.fml.javafmlmod.AutomaticEventSubscriber/LOADING]: Scanning class com.simibubi.create.impl.registry.CreateDataMapsImpl for @SubscribeEvent-annotated methods
[304月2026 15:45:07.723] [modloading-worker-0/DEBUG] [net.neoforged.fml.javafmlmod.AutomaticEventSubscriber/]: Subscribing @EventBusSubscriber class Lcom/simibubi/create/impl/registry/CreateDataMapsImpl; to the mod event bus of mod create
[304月2026 15:45:07.723] [modloading-worker-0/DEBUG] [net.neoforged.fml.javafmlmod.AutomaticEventSubscriber/LOADING]: Scanning class com.simibubi.create.impl.registry.CreateRegistriesImpl for @SubscribeEvent-annotated methods
[304月2026 15:45:07.724] [modloading-worker-0/DEBUG] [net.neoforged.fml.javafmlmod.AutomaticEventSubscriber/]: Subscribing @EventBusSubscriber class Lcom/simibubi/create/impl/registry/CreateRegistriesImpl; to the mod event bus of mod create
[304月2026 15:45:07.724] [modloading-worker-0/DEBUG] [net.neoforged.fml.javafmlmod.AutomaticEventSubscriber/LOADING]: Scanning class com.simibubi.create.infrastructure.RemapHelper for @SubscribeEvent-annotated methods
[304月2026 15:45:07.727] [modloading-worker-0/DEBUG] [net.neoforged.fml.javafmlmod.AutomaticEventSubscriber/]: Subscribing @EventBusSubscriber class Lcom/simibubi/create/infrastructure/RemapHelper; to the mod event bus of mod create
[304月2026 15:45:07.728] [modloading-worker-0/DEBUG] [net.neoforged.fml.javafmlmod.AutomaticEventSubscriber/LOADING]: Scanning class com.simibubi.create.infrastructure.gametest.CreateGameTests for @SubscribeEvent-annotated methods
[304月2026 15:45:07.738] [modloading-worker-0/DEBUG] [net.neoforged.fml.javafmlmod.AutomaticEventSubscriber/]: Subscribing @EventBusSubscriber class Lcom/simibubi/create/infrastructure/gametest/CreateGameTests; to the mod event bus of mod create
[304月2026 15:45:07.739] [modloading-worker-0/DEBUG] [net.neoforged.fml.javafmlmod.AutomaticEventSubscriber/LOADING]: Scanning class com.simibubi.create.infrastructure.gui.OpenCreateMenuButton$OpenConfigButtonHandler for @SubscribeEvent-annotated methods
[304月2026 15:45:07.739] [modloading-worker-0/DEBUG] [net.neoforged.fml.javafmlmod.AutomaticEventSubscriber/]: Subscribing @EventBusSubscriber class Lcom/simibubi/create/infrastructure/gui/OpenCreateMenuButton$OpenConfigButtonHandler; to the game event bus
[304月2026 15:45:07.739] [modloading-worker-0/DEBUG] [net.neoforged.fml.javafmlmod.AutomaticEventSubscriber/LOADING]: Scanning class com.simibubi.create.infrastructure.config.AllConfigs for @SubscribeEvent-annotated methods
[304月2026 15:45:07.740] [modloading-worker-0/DEBUG] [net.neoforged.fml.javafmlmod.AutomaticEventSubscriber/]: Subscribing @EventBusSubscriber class Lcom/simibubi/create/infrastructure/config/AllConfigs; to the mod event bus of mod create
[304月2026 15:45:07.742] [modloading-worker-0/INFO] [com.cosmads.chemica.Chemica/]: Initializing Chemica...
[304月2026 15:45:07.743] [modloading-worker-0/INFO] [com.cosmads.chemica.Chemica/]: Registered creative tab for Chemica
[304月2026 15:45:07.752] [modloading-worker-0/INFO] [com.cosmads.chemica.Chemica/]: Registering blocks for Chemica
[304月2026 15:45:07.792] [modloading-worker-0/INFO] [com.cosmads.chemica.Chemica/]: Registering items for Chemica
[304月2026 15:45:07.794] [modloading-worker-0/INFO] [com.cosmads.chemica.Chemica/]: Registered Chemica electrodes
[304月2026 15:45:07.805] [modloading-worker-0/INFO] [com.cosmads.chemica.Chemica/]: Registered fluids for Chemica
[304月2026 15:45:07.805] [modloading-worker-0/INFO] [com.cosmads.chemica.Chemica/]: Chemica initialized successfully!
[304月2026 15:45:07.808] [modloading-worker-0/DEBUG] [net.neoforged.fml.javafmlmod.AutomaticEventSubscriber/LOADING]: Attempting to inject @EventBusSubscriber classes into the eventbus for chemica
[304月2026 15:45:07.812] [modloading-worker-0/INFO] [net.twolucasplay.chemistrial.tabs.ModCreativeModeTabs/]: Registered creative tab for chemistrial
[304月2026 15:45:07.817] [modloading-worker-0/DEBUG] [net.neoforged.fml.config.ConfigTracker/CONFIG]: Config file chemistrial-common.toml for chemistrial tracking
[304月2026 15:45:07.817] [modloading-worker-0/DEBUG] [net.neoforged.fml.javafmlmod.AutomaticEventSubscriber/LOADING]: Attempting to inject @EventBusSubscriber classes into the eventbus for chemistrial
[304月2026 15:45:07.817] [modloading-worker-0/DEBUG] [net.neoforged.fml.javafmlmod.AutomaticEventSubscriber/LOADING]: Scanning class net.twolucasplay.chemistrial.Chemistrial$ClientModEvents for @SubscribeEvent-annotated methods
[304月2026 15:45:07.818] [modloading-worker-0/DEBUG] [net.neoforged.fml.javafmlmod.AutomaticEventSubscriber/]: Subscribing @EventBusSubscriber class Lnet/twolucasplay/chemistrial/Chemistrial$ClientModEvents; to the mod event bus of mod chemistrial
[304月2026 15:45:07.819] [modloading-worker-0/DEBUG] [net.neoforged.fml.javafmlmod.AutomaticEventSubscriber/LOADING]: Scanning class net.twolucasplay.chemistrial.Config for @SubscribeEvent-annotated methods
[304月2026 15:45:07.819] [modloading-worker-0/DEBUG] [net.neoforged.fml.javafmlmod.AutomaticEventSubscriber/]: Subscribing @EventBusSubscriber class Lnet/twolucasplay/chemistrial/Config; to the mod event bus of mod chemistrial
[304月2026 15:45:07.921] [modloading-sync-worker/INFO] [com.drmangotea.tfmg.TFMG/]: [TFMG Remapper] Remapped 0 fluids
[304月2026 15:45:08.362] [modloading-sync-worker/DEBUG] [mixin/]: Mixing PipeAttachmentModelMixin from tfmg.mixins.json into com.simibubi.create.content.fluids.PipeAttachmentModel
[304月2026 15:45:08.363] [modloading-sync-worker/DEBUG] [mixin/]: tfmg.mixins.json:PipeAttachmentModelMixin from mod tfmg: Class version 65 required is higher than the class version supported by the current version of Mixin (JAVA_8 supports class version 52)
[304月2026 15:45:08.505] [modloading-sync-worker/INFO] [com.drmangotea.tfmg.TFMG/]: [TFMG Remapper] Remapped 5 blocks
[304月2026 15:45:09.115] [modloading-sync-worker/INFO] [com.drmangotea.tfmg.TFMG/]: [TFMG Remapper] Remapped 5 items
[304月2026 15:45:09.127] [modloading-sync-worker/DEBUG] [mixin/]: Mixing client.HumanoidModelMixin from create.mixins.json into net.minecraft.client.model.HumanoidModel
[304月2026 15:45:09.132] [modloading-sync-worker/DEBUG] [mixin/]: create.mixins.json:client.HumanoidModelMixin from mod create->@Inject::create$afterSetupAnim(Lnet/minecraft/world/entity/LivingEntity;FFFFFLorg/spongepowered/asm/mixin/injection/callback/CallbackInfo;)V doesn't use it's CallbackInfo
[304月2026 15:45:09.132] [modloading-sync-worker/DEBUG] [mixin/]: create.mixins.json:client.HumanoidModelMixin from mod create->@Inject::create$afterSetupAnim(Lnet/minecraft/world/entity/LivingEntity;FFFFFLorg/spongepowered/asm/mixin/injection/callback/CallbackInfo;)V has 0 override(s) in child classes
[304月2026 15:45:09.132] [modloading-sync-worker/DEBUG] [mixin/]: create.mixins.json:client.HumanoidModelMixin from mod create->@Inject::create$afterSetupAnim(Lnet/minecraft/world/entity/LivingEntity;FFFFFLorg/spongepowered/asm/mixin/injection/callback/CallbackInfo;)V won't be passed a CallbackInfo as a result
[304月2026 15:45:09.132] [modloading-sync-worker/DEBUG] [mixin/]: create.mixins.json:client.HumanoidModelMixin from mod create->@Inject::create$afterSetupAnim(Lnet/minecraft/world/entity/LivingEntity;FFFFFLorg/spongepowered/asm/mixin/injection/callback/CallbackInfo;)V doesn't use it's CallbackInfo
[304月2026 15:45:09.132] [modloading-sync-worker/DEBUG] [mixin/]: create.mixins.json:client.HumanoidModelMixin from mod create->@Inject::create$afterSetupAnim(Lnet/minecraft/world/entity/LivingEntity;FFFFFLorg/spongepowered/asm/mixin/injection/callback/CallbackInfo;)V has 0 override(s) in child classes
[304月2026 15:45:09.132] [modloading-sync-worker/DEBUG] [mixin/]: create.mixins.json:client.HumanoidModelMixin from mod create->@Inject::create$afterSetupAnim(Lnet/minecraft/world/entity/LivingEntity;FFFFFLorg/spongepowered/asm/mixin/injection/callback/CallbackInfo;)V won't be passed a CallbackInfo as a result
[304月2026 15:45:09.132] [modloading-sync-worker/DEBUG] [mixin/]: create.mixins.json:client.HumanoidModelMixin from mod create->@Inject::create$beforeSetupAnim(Lnet/minecraft/world/entity/LivingEntity;FFFFFLorg/spongepowered/asm/mixin/injection/callback/CallbackInfo;)V doesn't use it's CallbackInfo
[304月2026 15:45:09.132] [modloading-sync-worker/DEBUG] [mixin/]: create.mixins.json:client.HumanoidModelMixin from mod create->@Inject::create$beforeSetupAnim(Lnet/minecraft/world/entity/LivingEntity;FFFFFLorg/spongepowered/asm/mixin/injection/callback/CallbackInfo;)V has 0 override(s) in child classes
[304月2026 15:45:09.132] [modloading-sync-worker/DEBUG] [mixin/]: create.mixins.json:client.HumanoidModelMixin from mod create->@Inject::create$beforeSetupAnim(Lnet/minecraft/world/entity/LivingEntity;FFFFFLorg/spongepowered/asm/mixin/injection/callback/CallbackInfo;)V won't be passed a CallbackInfo as a result
[304月2026 15:45:09.132] [modloading-sync-worker/DEBUG] [mixin/]: create.mixins.json:client.HumanoidModelMixin from mod create->@Inject::create$beforeSetupAnim(Lnet/minecraft/world/entity/LivingEntity;FFFFFLorg/spongepowered/asm/mixin/injection/callback/CallbackInfo;)V doesn't use it's CallbackInfo
[304月2026 15:45:09.132] [modloading-sync-worker/DEBUG] [mixin/]: create.mixins.json:client.HumanoidModelMixin from mod create->@Inject::create$beforeSetupAnim(Lnet/minecraft/world/entity/LivingEntity;FFFFFLorg/spongepowered/asm/mixin/injection/callback/CallbackInfo;)V has 0 override(s) in child classes
[304月2026 15:45:09.132] [modloading-sync-worker/DEBUG] [mixin/]: create.mixins.json:client.HumanoidModelMixin from mod create->@Inject::create$beforeSetupAnim(Lnet/minecraft/world/entity/LivingEntity;FFFFFLorg/spongepowered/asm/mixin/injection/callback/CallbackInfo;)V won't be passed a CallbackInfo as a result
[304月2026 15:45:09.134] [modloading-sync-worker/DEBUG] [mixin/]: Mixing accessor.AgeableListModelAccessor from create.mixins.json into net.minecraft.client.model.AgeableListModel
[304月2026 15:45:09.146] [modloading-sync-worker/DEBUG] [mixin/]: Mixing accessor.ItemModelGeneratorsAccessor from create.mixins.json into net.minecraft.data.models.ItemModelGenerators
[304月2026 15:45:09.146] [modloading-sync-worker/DEBUG] [mixin/]: Renaming @Accessor method create$getGENERATED_TRIM_MODELS()Ljava/util/List; to getGENERATED_TRIM_MODELS$create_$md$7939d7$0 in create.mixins.json:accessor.ItemModelGeneratorsAccessor from mod create
[304月2026 15:45:09.198] [modloading-sync-worker/DEBUG] [mixin/]: Mixing accessor.FontAccessor from create.mixins.json into net.minecraft.client.gui.Font
[304月2026 15:45:10.512] [modloading-sync-worker/DEBUG] [net.neoforged.fml.config.ConfigTracker/CONFIG]: Loading configs type CLIENT
[304月2026 15:45:10.525] [modloading-sync-worker/DEBUG] [net.neoforged.fml.config.ConfigTracker/CONFIG]: Loaded TOML config file D:\chemistry_mod_xample\Chemistrial\run\config\flywheel-client.toml
[304月2026 15:45:10.536] [modloading-sync-worker/DEBUG] [net.neoforged.fml.config.ConfigTracker/CONFIG]: Watching TOML config file D:\chemistry_mod_xample\Chemistrial\run\config\flywheel-client.toml for changes
[304月2026 15:45:10.537] [modloading-sync-worker/DEBUG] [net.neoforged.neoforge.common.NeoForgeConfig/FORGEMOD]: Loaded NeoForge config file neoforge-client.toml
[304月2026 15:45:10.537] [modloading-sync-worker/DEBUG] [net.neoforged.fml.config.ConfigTracker/CONFIG]: Loaded TOML config file D:\chemistry_mod_xample\Chemistrial\run\config\neoforge-client.toml
[304月2026 15:45:10.538] [modloading-sync-worker/DEBUG] [net.neoforged.fml.config.ConfigTracker/CONFIG]: Watching TOML config file D:\chemistry_mod_xample\Chemistrial\run\config\neoforge-client.toml for changes
[304月2026 15:45:10.539] [modloading-sync-worker/DEBUG] [net.neoforged.fml.config.ConfigTracker/CONFIG]: Loaded TOML config file D:\chemistry_mod_xample\Chemistrial\run\config\ponder-client.toml
[304月2026 15:45:10.541] [modloading-sync-worker/DEBUG] [net.neoforged.fml.config.ConfigTracker/CONFIG]: Watching TOML config file D:\chemistry_mod_xample\Chemistrial\run\config\ponder-client.toml for changes
[304月2026 15:45:10.543] [modloading-sync-worker/DEBUG] [net.neoforged.fml.config.ConfigTracker/CONFIG]: Loaded TOML config file D:\chemistry_mod_xample\Chemistrial\run\config\create-client.toml
[304月2026 15:45:10.545] [modloading-sync-worker/DEBUG] [net.neoforged.fml.config.ConfigTracker/CONFIG]: Watching TOML config file D:\chemistry_mod_xample\Chemistrial\run\config\create-client.toml for changes
[304月2026 15:45:10.545] [modloading-sync-worker/DEBUG] [net.neoforged.fml.config.ConfigTracker/CONFIG]: Loading configs type COMMON
[304月2026 15:45:10.546] [modloading-sync-worker/DEBUG] [net.neoforged.neoforge.common.NeoForgeConfig/FORGEMOD]: Loaded NeoForge config file neoforge-common.toml
[304月2026 15:45:10.546] [modloading-sync-worker/DEBUG] [net.neoforged.fml.config.ConfigTracker/CONFIG]: Loaded TOML config file D:\chemistry_mod_xample\Chemistrial\run\config\neoforge-common.toml
[304月2026 15:45:10.548] [modloading-sync-worker/DEBUG] [net.neoforged.fml.config.ConfigTracker/CONFIG]: Watching TOML config file D:\chemistry_mod_xample\Chemistrial\run\config\neoforge-common.toml for changes
[304月2026 15:45:10.550] [modloading-sync-worker/DEBUG] [net.neoforged.fml.config.ConfigTracker/CONFIG]: Loaded TOML config file D:\chemistry_mod_xample\Chemistrial\run\config\tfmg-common.toml
[304月2026 15:45:10.551] [modloading-sync-worker/DEBUG] [net.neoforged.fml.config.ConfigTracker/CONFIG]: Watching TOML config file D:\chemistry_mod_xample\Chemistrial\run\config\tfmg-common.toml for changes
[304月2026 15:45:10.552] [modloading-sync-worker/DEBUG] [net.neoforged.fml.config.ConfigTracker/CONFIG]: Loaded TOML config file D:\chemistry_mod_xample\Chemistrial\run\config\create-common.toml
[304月2026 15:45:10.555] [modloading-sync-worker/DEBUG] [net.neoforged.fml.config.ConfigTracker/CONFIG]: Watching TOML config file D:\chemistry_mod_xample\Chemistrial\run\config\create-common.toml for changes
[304月2026 15:45:10.556] [modloading-sync-worker/DEBUG] [net.neoforged.fml.config.ConfigTracker/CONFIG]: Loaded TOML config file D:\chemistry_mod_xample\Chemistrial\run\config\chemistrial-common.toml
[304月2026 15:45:10.557] [modloading-sync-worker/DEBUG] [net.neoforged.fml.config.ConfigTracker/CONFIG]: Watching TOML config file D:\chemistry_mod_xample\Chemistrial\run\config\chemistrial-common.toml for changes
[304月2026 15:45:10.776] [Render thread/DEBUG] [mixin/]: Mixing accessor.EntityRenderDispatcherAccessor from create.mixins.json into net.minecraft.client.renderer.entity.EntityRenderDispatcher
[304月2026 15:45:10.820] [Render thread/DEBUG] [mixin/]: Mixing ModelBlockRendererMixin from flywheel.impl.neoforge.mixins.json into net.minecraft.client.renderer.block.ModelBlockRenderer
[304月2026 15:45:10.820] [Render thread/DEBUG] [mixin/]: flywheel.impl.neoforge.mixins.json:ModelBlockRendererMixin from mod flywheel: Class version 65 required is higher than the class version supported by the current version of Mixin (JAVA_17 supports class version 61)
[304月2026 15:45:10.823] [Render thread/DEBUG] [mixin/]: flywheel.impl.neoforge.mixins.json:ModelBlockRendererMixin from mod flywheel->@Inject::onTesselateBlock(Lnet/minecraft/world/level/BlockAndTintGetter;Lnet/minecraft/client/resources/model/BakedModel;Lnet/minecraft/world/level/block/state/BlockState;Lnet/minecraft/core/BlockPos;Lcom/mojang/blaze3d/vertex/PoseStack;Lcom/mojang/blaze3d/vertex/VertexConsumer;ZLnet/minecraft/util/RandomSource;JILnet/neoforged/neoforge/client/model/data/ModelData;Lnet/minecraft/client/renderer/RenderType;Lorg/spongepowered/asm/mixin/injection/callback/CallbackInfo;Z)V doesn't use it's CallbackInfo
[304月2026 15:45:10.823] [Render thread/DEBUG] [mixin/]: flywheel.impl.neoforge.mixins.json:ModelBlockRendererMixin from mod flywheel->@Inject::onTesselateBlock(Lnet/minecraft/world/level/BlockAndTintGetter;Lnet/minecraft/client/resources/model/BakedModel;Lnet/minecraft/world/level/block/state/BlockState;Lnet/minecraft/core/BlockPos;Lcom/mojang/blaze3d/vertex/PoseStack;Lcom/mojang/blaze3d/vertex/VertexConsumer;ZLnet/minecraft/util/RandomSource;JILnet/neoforged/neoforge/client/model/data/ModelData;Lnet/minecraft/client/renderer/RenderType;Lorg/spongepowered/asm/mixin/injection/callback/CallbackInfo;Z)V has 0 override(s) in child classes
[304月2026 15:45:10.823] [Render thread/DEBUG] [mixin/]: flywheel.impl.neoforge.mixins.json:ModelBlockRendererMixin from mod flywheel->@Inject::onTesselateBlock(Lnet/minecraft/world/level/BlockAndTintGetter;Lnet/minecraft/client/resources/model/BakedModel;Lnet/minecraft/world/level/block/state/BlockState;Lnet/minecraft/core/BlockPos;Lcom/mojang/blaze3d/vertex/PoseStack;Lcom/mojang/blaze3d/vertex/VertexConsumer;ZLnet/minecraft/util/RandomSource;JILnet/neoforged/neoforge/client/model/data/ModelData;Lnet/minecraft/client/renderer/RenderType;Lorg/spongepowered/asm/mixin/injection/callback/CallbackInfo;Z)V won't be passed a CallbackInfo as a result
[304月2026 15:45:10.841] [Render thread/DEBUG] [mixin/]: Mixing client.accessor.ParticleEngineAccessor from ponder.mixins.json into net.minecraft.client.particle.ParticleEngine
[304月2026 15:45:10.842] [Render thread/DEBUG] [mixin/]: ponder.mixins.json:client.accessor.ParticleEngineAccessor from mod ponder: Class version 65 required is higher than the class version supported by the current version of Mixin (JAVA_17 supports class version 61)
[304月2026 15:45:10.932] [Render thread/DEBUG] [mixin/]: Mixing client.CameraMixin from create.mixins.json into net.minecraft.client.Camera
[304月2026 15:45:10.945] [Render thread/DEBUG] [mixin/]: Mixing client.accessor.BufferBuilderAccessor from ponder-common.mixins.json into com.mojang.blaze3d.vertex.BufferBuilder
[304月2026 15:45:10.945] [Render thread/DEBUG] [mixin/]: ponder-common.mixins.json:client.accessor.BufferBuilderAccessor from mod ponder: Class version 65 required is higher than the class version supported by the current version of Mixin (JAVA_17 supports class version 61)
[304月2026 15:45:10.968] [Render thread/DEBUG] [mixin/]: Mixing accessor.GuiAccessor from create.mixins.json into net.minecraft.client.gui.Gui
[304月2026 15:45:11.023] [Render thread/INFO] [net.neoforged.neoforge.gametest.GameTestHooks/]: Enabled Gametest Namespaces: [chemistrial]
[304月2026 15:45:11.034] [Render thread/DEBUG] [mixin/]: Mixing accessor.GameTestHelperAccessor from create.mixins.json into net.minecraft.gametest.framework.GameTestHelper
[304月2026 15:45:11.094] [Render thread/DEBUG] [mixin/]: Mixing client.PlayerRendererMixin from create.mixins.json into net.minecraft.client.renderer.entity.player.PlayerRenderer
[304月2026 15:45:11.096] [Render thread/DEBUG] [mixin/]: create.mixins.json:client.PlayerRendererMixin from mod create->@Inject::create$onGetArmPose(Lnet/minecraft/client/player/AbstractClientPlayer;Lnet/minecraft/world/InteractionHand;Lorg/spongepowered/asm/mixin/injection/callback/CallbackInfoReturnable;)V does use it's CallbackInfoReturnable
[304月2026 15:45:11.113] [Render thread/DEBUG] [mixin/]: Mixing accessor.HumanoidArmorLayerAccessor from create.mixins.json into net.minecraft.client.renderer.entity.layers.HumanoidArmorLayer
[304月2026 15:45:11.114] [Render thread/DEBUG] [mixin/]: Renaming @Accessor method create$getArmorLocationCache()Ljava/util/Map; to getArmorLocationCache$create_$md$7939d7$0 in create.mixins.json:accessor.HumanoidArmorLayerAccessor from mod create
[304月2026 15:45:11.114] [Render thread/DEBUG] [mixin/]: Mixing client.HumanoidArmorLayerMixin from create.mixins.json into net.minecraft.client.renderer.entity.layers.HumanoidArmorLayer
[304月2026 15:45:11.116] [Render thread/DEBUG] [mixin/]: create.mixins.json:client.HumanoidArmorLayerMixin from mod create->@Inject::create$onRenderArmorPiece(Lcom/mojang/blaze3d/vertex/PoseStack;Lnet/minecraft/client/renderer/MultiBufferSource;Lnet/minecraft/world/entity/LivingEntity;Lnet/minecraft/world/entity/EquipmentSlot;ILnet/minecraft/client/model/HumanoidModel;FFFFFFLorg/spongepowered/asm/mixin/injection/callback/CallbackInfo;)V does use it's CallbackInfo
[304月2026 15:45:11.247] [Render thread/DEBUG] [mixin/]: Mixing GoggleOverlayRendererMixin from tfmg.mixins.json into com.simibubi.create.content.equipment.goggles.GoggleOverlayRenderer
[304月2026 15:45:11.247] [Render thread/DEBUG] [mixin/]: tfmg.mixins.json:GoggleOverlayRendererMixin from mod tfmg: Class version 65 required is higher than the class version supported by the current version of Mixin (JAVA_8 supports class version 52)
[304月2026 15:45:11.265] [Render thread/DEBUG] [mixin/]: tfmg.mixins.json:GoggleOverlayRendererMixin from mod tfmg->@Inject::renderOverlay(Lnet/minecraft/client/gui/GuiGraphics;Lnet/minecraft/client/DeltaTracker;Lorg/spongepowered/asm/mixin/injection/callback/CallbackInfo;)V doesn't use it's CallbackInfo
[304月2026 15:45:11.292] [Render thread/DEBUG] [mixin/]: Mixing ModelPartAccessor from flywheel.impl.mixins.json into net.minecraft.client.model.geom.ModelPart
[304月2026 15:45:11.477] [Render thread/INFO] [net.minecraft.server.packs.resources.ReloadableResourceManager/]: Reloading ResourceManager: vanilla, mod_resources, mod/cloth_config, mod/flywheel, mod/tfmg, mod/ponder, mod/create, mod/chemica, mod/chemistrial, mod/neoforge, file/Serified Font v1.2
[304月2026 15:45:11.501] [Worker-Main-1/DEBUG] [mixin/]: Mixing accessor.FluidInteractionRegistryAccessor from create.mixins.json into net.neoforged.neoforge.fluids.FluidInteractionRegistry
[304月2026 15:45:11.503] [Worker-Main-1/DEBUG] [mixin/]: Renaming @Accessor method getInteractions()Ljava/util/Map; to getInteractions$create_$md$7939d7$0 in create.mixins.json:accessor.FluidInteractionRegistryAccessor from mod create
[304月2026 15:45:11.520] [Worker-Main-1/INFO] [net.twolucasplay.chemistrial.Chemistrial/]: HELLO FROM COMMON SETUP
[304月2026 15:45:11.522] [Worker-Main-1/INFO] [net.twolucasplay.chemistrial.Chemistrial/]: DIRT BLOCK >> minecraft:dirt
[304月2026 15:45:11.522] [Worker-Main-1/INFO] [net.twolucasplay.chemistrial.Chemistrial/]: The magic number is... 42
[304月2026 15:45:11.522] [Worker-Main-1/INFO] [net.twolucasplay.chemistrial.Chemistrial/]: ITEM >> minecraft:iron_ingot
[304月2026 15:45:11.632] [Worker-Main-4/INFO] [net.minecraft.client.gui.font.providers.UnihexProvider/]: Found unifont_all_no_pua-15.1.05.hex, loading
[304月2026 15:45:11.638] [Render thread/DEBUG] [net.neoforged.fml.DeferredWorkQueue/LOADING]: Dispatching synchronous work for work queue Common setup: 4 jobs
[304月2026 15:45:11.709] [Render thread/INFO] [com.cosmads.chemica.Chemica/]: Registering Chemica fuel types for TFMG
[304月2026 15:45:11.709] [Render thread/INFO] [com.cosmads.chemica.Chemica/]: Chemica TFMG integration initialized
[304月2026 15:45:11.714] [Render thread/DEBUG] [net.neoforged.fml.DeferredWorkQueue/LOADING]: Synchronous work queue completed in 70.93 ms
[304月2026 15:45:11.890] [Worker-Main-11/INFO] [net.minecraft.client.gui.font.providers.UnihexProvider/]: Found unifont_jp_patch-15.1.05.hex, loading
[304月2026 15:45:11.942] [Render thread/DEBUG] [Ponder/]: Loaded net.createmod.catnip.platform.NeoForgeClientHooksHelper@27260f9c for service interface net.createmod.catnip.platform.services.ModClientHooksHelper
[304月2026 15:45:12.505] [Worker-Main-1/WARN] [net.minecraft.client.renderer.texture.SpriteLoader/]: Texture tfmg:block/diagonal_cable_block with size 24x24 limits mip level from 4 to 3
[304月2026 15:45:12.539] [Worker-Main-5/ERROR] [net.minecraft.client.resources.model.ModelManager/]: Failed to load model tfmg:models/block/large_transformer/meow.json
com.google.gson.JsonParseException: Invalid rotation -180.0 found, only -45/-22.5/0/22.5/45 allowed
	at TRANSFORMER/minecraft@1.21.1/net.minecraft.client.renderer.block.model.BlockElement$Deserializer.getAngle(BlockElement.java:115) ~[neoforge-21.1.219.jar%23190!/:?]
	at TRANSFORMER/minecraft@1.21.1/net.minecraft.client.renderer.block.model.BlockElement$Deserializer.getRotation(BlockElement.java:104) ~[neoforge-21.1.219.jar%23190!/:?]
	at TRANSFORMER/minecraft@1.21.1/net.minecraft.client.renderer.block.model.BlockElement$Deserializer.deserialize(BlockElement.java:84) ~[neoforge-21.1.219.jar%23190!/:?]
	at TRANSFORMER/minecraft@1.21.1/net.minecraft.client.renderer.block.model.BlockElement$Deserializer.deserialize(BlockElement.java:76) ~[neoforge-21.1.219.jar%23190!/:?]
	at MC-BOOTSTRAP/com.google.gson@2.10.1/com.google.gson.internal.bind.TreeTypeAdapter.read(TreeTypeAdapter.java:76) ~[gson-2.10.1.jar%23110!/:?]
	at MC-BOOTSTRAP/com.google.gson@2.10.1/com.google.gson.Gson.fromJson(Gson.java:1227) ~[gson-2.10.1.jar%23110!/:?]
	at MC-BOOTSTRAP/com.google.gson@2.10.1/com.google.gson.Gson.fromJson(Gson.java:1329) ~[gson-2.10.1.jar%23110!/:?]
	at MC-BOOTSTRAP/com.google.gson@2.10.1/com.google.gson.Gson.fromJson(Gson.java:1300) ~[gson-2.10.1.jar%23110!/:?]
	at MC-BOOTSTRAP/com.google.gson@2.10.1/com.google.gson.internal.bind.TreeTypeAdapter$GsonContextImpl.deserialize(TreeTypeAdapter.java:179) ~[gson-2.10.1.jar%23110!/:?]
	at TRANSFORMER/minecraft@1.21.1/net.minecraft.client.renderer.block.model.BlockModel$Deserializer.getElements(BlockModel.java:409) ~[neoforge-21.1.219.jar%23190!/:?]
	at TRANSFORMER/minecraft@1.21.1/net.minecraft.client.renderer.block.model.BlockModel$Deserializer.deserialize(BlockModel.java:338) ~[neoforge-21.1.219.jar%23190!/:?]
	at TRANSFORMER/neoforge@21.1.219/net.neoforged.neoforge.client.model.ExtendedBlockModelDeserializer.deserialize(ExtendedBlockModelDeserializer.java:51) ~[neoforge-21.1.219.jar%23191!/:?]
	at TRANSFORMER/neoforge@21.1.219/net.neoforged.neoforge.client.model.ExtendedBlockModelDeserializer.deserialize(ExtendedBlockModelDeserializer.java:37) ~[neoforge-21.1.219.jar%23191!/:?]
	at MC-BOOTSTRAP/com.google.gson@2.10.1/com.google.gson.internal.bind.TreeTypeAdapter.read(TreeTypeAdapter.java:76) ~[gson-2.10.1.jar%23110!/:?]
	at TRANSFORMER/minecraft@1.21.1/net.minecraft.util.GsonHelper.fromNullableJson(GsonHelper.java:507) ~[neoforge-21.1.219.jar%23190!/:?]
	at TRANSFORMER/minecraft@1.21.1/net.minecraft.util.GsonHelper.fromJson(GsonHelper.java:514) ~[neoforge-21.1.219.jar%23190!/:?]
	at TRANSFORMER/minecraft@1.21.1/net.minecraft.util.GsonHelper.fromJson(GsonHelper.java:566) ~[neoforge-21.1.219.jar%23190!/:?]
	at TRANSFORMER/minecraft@1.21.1/net.minecraft.client.renderer.block.model.BlockModel.fromStream(BlockModel.java:83) ~[neoforge-21.1.219.jar%23190!/:?]
	at TRANSFORMER/minecraft@1.21.1/net.minecraft.client.resources.model.ModelManager.lambda$loadBlockModels$8(ModelManager.java:144) ~[neoforge-21.1.219.jar%23190!/:?]
	at java.base/java.util.concurrent.CompletableFuture$AsyncSupply.run(CompletableFuture.java:1768) [?:?]
	at java.base/java.util.concurrent.CompletableFuture$AsyncSupply.exec(CompletableFuture.java:1760) [?:?]
	at java.base/java.util.concurrent.ForkJoinTask.doExec(ForkJoinTask.java:387) [?:?]
	at java.base/java.util.concurrent.ForkJoinPool$WorkQueue.topLevelExec(ForkJoinPool.java:1312) [?:?]
	at java.base/java.util.concurrent.ForkJoinPool.scan(ForkJoinPool.java:1843) [?:?]
	at java.base/java.util.concurrent.ForkJoinPool.runWorker(ForkJoinPool.java:1808) [?:?]
	at java.base/java.util.concurrent.ForkJoinWorkerThread.run(ForkJoinWorkerThread.java:188) [?:?]
[304月2026 15:45:12.601] [Worker-Main-10/INFO] [net.twolucasplay.chemistrial.Chemistrial/]: HELLO FROM CLIENT SETUP
[304月2026 15:45:13.687] [Worker-Main-9/WARN] [net.minecraft.client.resources.model.ModelBakery/]: Unable to load model: 'minecraft:block_block' referenced from: tfmg:block/electric_diode/block: java.io.FileNotFoundException: minecraft:models/block_block.json
[304月2026 15:45:16.023] [Worker-Main-9/WARN] [net.minecraft.client.resources.model.ModelManager/]: Missing textures in model tfmg:block/fuse_block/fuse#standalone:
    minecraft:textures/atlas/blocks.png:tfmg:block/fuse_block
[304月2026 15:45:16.023] [Worker-Main-9/WARN] [net.minecraft.client.resources.model.ModelManager/]: Missing textures in model tfmg:constantan_truss#axis=z,waterlogged=true:
    minecraft:textures/atlas/blocks.png:tfmg:block/constantan_truss_truss
[304月2026 15:45:16.023] [Worker-Main-9/WARN] [net.minecraft.client.resources.model.ModelManager/]: Missing textures in model tfmg:constantan_truss#axis=x,waterlogged=true:
    minecraft:textures/atlas/blocks.png:tfmg:block/constantan_truss_truss
[304月2026 15:45:16.024] [Worker-Main-9/WARN] [net.minecraft.client.resources.model.ModelManager/]: Missing textures in model tfmg:constantan_truss#axis=y,waterlogged=true:
    minecraft:textures/atlas/blocks.png:tfmg:block/constantan_truss_truss
[304月2026 15:45:16.024] [Worker-Main-9/WARN] [net.minecraft.client.resources.model.ModelManager/]: Missing textures in model tfmg:constantan_truss#inventory:
    minecraft:textures/atlas/blocks.png:tfmg:block/constantan_truss_truss
[304月2026 15:45:16.339] [Worker-Main-1/INFO] [PonderIndex/]: Registering Ponder Scenes took 98.42 ms
[304月2026 15:45:16.346] [Worker-Main-1/INFO] [PonderIndex/]: Registering Ponder Tags took 7.275 ms
[304月2026 15:45:16.358] [Render thread/DEBUG] [net.neoforged.fml.DeferredWorkQueue/LOADING]: Dispatching synchronous work for work queue Complete loading of 9 mods: 1 jobs
[304月2026 15:45:16.379] [Render thread/DEBUG] [net.neoforged.fml.DeferredWorkQueue/LOADING]: Synchronous work queue completed in 20.22 ms
[304月2026 15:45:16.522] [Render thread/WARN] [net.minecraft.client.sounds.SoundEngine/]: Missing sound for event: minecraft:item.goat_horn.play
[304月2026 15:45:16.522] [Render thread/WARN] [net.minecraft.client.sounds.SoundEngine/]: Missing sound for event: minecraft:entity.goat.screaming.horn_break
[304月2026 15:45:16.884] [Render thread/INFO] [com.mojang.blaze3d.audio.Library/]: OpenAL initialized on device OpenAL Soft on Speakers (Realtek(R) Audio)
[304月2026 15:45:16.885] [Render thread/INFO] [net.minecraft.client.sounds.SoundEngine/SOUNDS]: Sound engine started
[304月2026 15:45:17.013] [Render thread/INFO] [net.minecraft.client.renderer.texture.TextureAtlas/]: Created: 2048x2048x4 minecraft:textures/atlas/blocks.png-atlas
[304月2026 15:45:17.049] [Render thread/INFO] [net.minecraft.client.renderer.texture.TextureAtlas/]: Created: 256x256x4 minecraft:textures/atlas/signs.png-atlas
[304月2026 15:45:17.049] [Render thread/INFO] [net.minecraft.client.renderer.texture.TextureAtlas/]: Created: 512x512x4 minecraft:textures/atlas/shield_patterns.png-atlas
[304月2026 15:45:17.051] [Render thread/INFO] [net.minecraft.client.renderer.texture.TextureAtlas/]: Created: 512x512x4 minecraft:textures/atlas/banner_patterns.png-atlas
[304月2026 15:45:17.054] [Render thread/INFO] [net.minecraft.client.renderer.texture.TextureAtlas/]: Created: 2048x1024x4 minecraft:textures/atlas/armor_trims.png-atlas
[304月2026 15:45:17.071] [Render thread/INFO] [net.minecraft.client.renderer.texture.TextureAtlas/]: Created: 128x64x4 minecraft:textures/atlas/decorated_pot.png-atlas
[304月2026 15:45:17.072] [Render thread/INFO] [net.minecraft.client.renderer.texture.TextureAtlas/]: Created: 256x256x4 minecraft:textures/atlas/chest.png-atlas
[304月2026 15:45:17.072] [Render thread/INFO] [net.minecraft.client.renderer.texture.TextureAtlas/]: Created: 512x256x4 minecraft:textures/atlas/shulker_boxes.png-atlas
[304月2026 15:45:17.072] [Render thread/INFO] [net.minecraft.client.renderer.texture.TextureAtlas/]: Created: 512x256x4 minecraft:textures/atlas/beds.png-atlas
[304月2026 15:45:17.189] [Render thread/INFO] [net.minecraft.client.renderer.texture.TextureAtlas/]: Created: 512x256x0 minecraft:textures/atlas/particles.png-atlas
[304月2026 15:45:17.191] [Render thread/INFO] [net.minecraft.client.renderer.texture.TextureAtlas/]: Created: 512x256x0 minecraft:textures/atlas/paintings.png-atlas
[304月2026 15:45:17.192] [Render thread/INFO] [net.minecraft.client.renderer.texture.TextureAtlas/]: Created: 256x128x0 minecraft:textures/atlas/mob_effects.png-atlas
[304月2026 15:45:17.192] [Render thread/INFO] [net.minecraft.client.renderer.texture.TextureAtlas/]: Created: 64x64x0 minecraft:textures/atlas/map_decorations.png-atlas
[304月2026 15:45:17.192] [Render thread/INFO] [net.minecraft.client.renderer.texture.TextureAtlas/]: Created: 1024x512x0 minecraft:textures/atlas/gui.png-atlas
[304月2026 15:45:17.229] [Render thread/WARN] [net.minecraft.client.renderer.ShaderInstance/]: Shader rendertype_entity_translucent_emissive could not find sampler named Sampler2 in the specified shader program.
[304月2026 15:45:17.334] [Render thread/INFO] [flywheel/backend/shaders/]: Loaded 77 shader sources in 25.049 ms
[304月2026 15:45:17.366] [Render thread/INFO] [com.simibubi.create.Create/]: Loaded 58 train hat configurations.
[304月2026 15:45:17.367] [Render thread/INFO] [net.neoforged.neoforge.client.entity.animation.json.AnimationLoader/]: Loaded 0 entity animations
[304月2026 15:45:26.331] [Render thread/INFO] [com.simibubi.create.Create/]: Created 157 recipes which will be injected into the game
[304月2026 15:45:26.336] [Render thread/INFO] [com.simibubi.create.Create/]: Created 0 tags which will be injected into the game
[304月2026 15:45:27.197] [Worker-Main-8/ERROR] [net.minecraft.tags.TagLoader/]: Couldn't load tag minecraft:mineable/pickaxe as it is missing following references: 
	chemistrial:mercury_ii_sulfide (from mod/chemistrial)
[304月2026 15:45:27.347] [Render thread/ERROR] [net.minecraft.world.item.crafting.RecipeManager/]: Parsing error loading recipe create:crushing/copper_ore
com.google.gson.JsonParseException: Failed to parse either. First: No key amount in MapLike[{"chance":0.125,"item":"chemica:arsenic_dust"}]; No key id in MapLike[{"chance":0.125,"item":"chemica:arsenic_dust"}]; Second: Failed to parse either. First: No key id in MapLike[{"chance":0.125,"item":"chemica:arsenic_dust"}]; Second: Failed to parse either. First: Not a JSON object: "chemica:arsenic_dust"; Second: Compat cannot be deserialized; Failed to parse either. First: No key amount in MapLike[{"chance":0.125,"item":"minecraft:cobblestone"}]; No key id in MapLike[{"chance":0.125,"item":"minecraft:cobblestone"}]; Second: Failed to parse either. First: No key id in MapLike[{"chance":0.125,"item":"minecraft:cobblestone"}]; Second: Failed to parse either. First: Not a JSON object: "minecraft:cobblestone"; Second: Compat cannot be deserialized; Failed to parse either. First: No key amount in MapLike[{"chance":0.75,"item":"create:experience_nugget"}]; No key id in MapLike[{"chance":0.75,"item":"create:experience_nugget"}]; Second: Failed to parse either. First: No key id in MapLike[{"chance":0.75,"item":"create:experience_nugget"}]; Second: Failed to parse either. First: Not a JSON object: "create:experience_nugget"; Second: Compat cannot be deserialized; Failed to parse either. First: No key amount in MapLike[{"chance":0.25,"item":"create:crushed_raw_copper"}]; No key id in MapLike[{"chance":0.25,"item":"create:crushed_raw_copper"}]; Second: Failed to parse either. First: No key id in MapLike[{"chance":0.25,"item":"create:crushed_raw_copper"}]; Second: Failed to parse either. First: Not a JSON object: "create:crushed_raw_copper"; Second: Compat cannot be deserialized; Failed to parse either. First: No key amount in MapLike[{"count":5,"item":"create:crushed_raw_copper"}]; No key id in MapLike[{"count":5,"item":"create:crushed_raw_copper"}]; Second: Failed to parse either. First: No key id in MapLike[{"count":5,"item":"create:crushed_raw_copper"}]; Second: Failed to parse either. First: Not a JSON object: "create:crushed_raw_copper"; Second: Compat cannot be deserialized
	at MC-BOOTSTRAP/datafixerupper@8.0.16/com.mojang.serialization.DataResult$Error.getOrThrow(DataResult.java:287) ~[datafixerupper-8.0.16.jar%23121!/:?]
	at TRANSFORMER/minecraft@1.21.1/net.minecraft.world.item.crafting.RecipeManager.apply(RecipeManager.java:60) ~[neoforge-21.1.219.jar%23190!/:?]
	at TRANSFORMER/minecraft@1.21.1/net.minecraft.world.item.crafting.RecipeManager.apply(RecipeManager.java:36) ~[neoforge-21.1.219.jar%23190!/:?]
	at TRANSFORMER/minecraft@1.21.1/net.minecraft.server.packs.resources.SimplePreparableReloadListener.lambda$reload$1(SimplePreparableReloadListener.java:19) ~[neoforge-21.1.219.jar%23190!/:?]
	at java.base/java.util.concurrent.CompletableFuture$UniAccept.tryFire(CompletableFuture.java:718) ~[?:?]
	at java.base/java.util.concurrent.CompletableFuture$Completion.run(CompletableFuture.java:482) ~[?:?]
	at TRANSFORMER/minecraft@1.21.1/net.minecraft.server.packs.resources.SimpleReloadInstance.lambda$new$3(SimpleReloadInstance.java:86) ~[neoforge-21.1.219.jar%23190!/:?]
	at TRANSFORMER/minecraft@1.21.1/net.minecraft.util.thread.BlockableEventLoop.doRunTask(BlockableEventLoop.java:151) ~[neoforge-21.1.219.jar%23190!/:?]
	at TRANSFORMER/minecraft@1.21.1/net.minecraft.util.thread.ReentrantBlockableEventLoop.doRunTask(ReentrantBlockableEventLoop.java:24) ~[neoforge-21.1.219.jar%23190!/:?]
	at TRANSFORMER/minecraft@1.21.1/net.minecraft.util.thread.BlockableEventLoop.pollTask(BlockableEventLoop.java:122) ~[neoforge-21.1.219.jar%23190!/:?]
	at TRANSFORMER/minecraft@1.21.1/net.minecraft.util.thread.BlockableEventLoop.managedBlock(BlockableEventLoop.java:135) ~[neoforge-21.1.219.jar%23190!/:?]
	at TRANSFORMER/minecraft@1.21.1/net.minecraft.client.gui.screens.worldselection.WorldOpenFlows.loadWorldDataBlocking(WorldOpenFlows.java:201) ~[neoforge-21.1.219.jar%23190!/:?]
	at TRANSFORMER/minecraft@1.21.1/net.minecraft.client.gui.screens.worldselection.WorldOpenFlows.loadWorldStem(WorldOpenFlows.java:142) ~[neoforge-21.1.219.jar%23190!/:?]
	at TRANSFORMER/minecraft@1.21.1/net.minecraft.client.gui.screens.worldselection.WorldOpenFlows.openWorldLoadLevelStem(WorldOpenFlows.java:346) ~[neoforge-21.1.219.jar%23190!/:?]
	at TRANSFORMER/minecraft@1.21.1/net.minecraft.client.gui.screens.worldselection.WorldOpenFlows.openWorldCheckVersionCompatibility(WorldOpenFlows.java:335) ~[neoforge-21.1.219.jar%23190!/:?]
	at TRANSFORMER/minecraft@1.21.1/net.minecraft.client.gui.screens.worldselection.WorldOpenFlows.openWorldLoadLevelData(WorldOpenFlows.java:297) ~[neoforge-21.1.219.jar%23190!/:?]
	at TRANSFORMER/minecraft@1.21.1/net.minecraft.client.gui.screens.worldselection.WorldOpenFlows.openWorld(WorldOpenFlows.java:261) ~[neoforge-21.1.219.jar%23190!/:?]
	at TRANSFORMER/minecraft@1.21.1/net.minecraft.client.gui.screens.worldselection.WorldSelectionList$WorldListEntry.joinWorld(WorldSelectionList.java:498) ~[neoforge-21.1.219.jar%23190!/:?]
	at TRANSFORMER/minecraft@1.21.1/net.minecraft.client.gui.screens.worldselection.WorldSelectionList$WorldListEntry.mouseClicked(WorldSelectionList.java:481) ~[neoforge-21.1.219.jar%23190!/:?]
	at TRANSFORMER/minecraft@1.21.1/net.minecraft.client.gui.components.AbstractSelectionList.mouseClicked(AbstractSelectionList.java:303) ~[neoforge-21.1.219.jar%23190!/:?]
	at TRANSFORMER/minecraft@1.21.1/net.minecraft.client.gui.components.events.ContainerEventHandler.mouseClicked(ContainerEventHandler.java:43) ~[neoforge-21.1.219.jar%23190!/:?]
	at TRANSFORMER/minecraft@1.21.1/net.minecraft.client.MouseHandler.lambda$onPress$0(MouseHandler.java:98) ~[neoforge-21.1.219.jar%23190!/:?]
	at TRANSFORMER/minecraft@1.21.1/net.minecraft.client.gui.screens.Screen.wrapScreenError(Screen.java:451) ~[neoforge-21.1.219.jar%23190!/:?]
	at TRANSFORMER/minecraft@1.21.1/net.minecraft.client.MouseHandler.onPress(MouseHandler.java:95) ~[neoforge-21.1.219.jar%23190!/:?]
	at TRANSFORMER/minecraft@1.21.1/net.minecraft.client.MouseHandler.lambda$setup$4(MouseHandler.java:207) ~[neoforge-21.1.219.jar%23190!/:?]
	at TRANSFORMER/minecraft@1.21.1/net.minecraft.util.thread.BlockableEventLoop.execute(BlockableEventLoop.java:98) ~[neoforge-21.1.219.jar%23190!/:?]
	at TRANSFORMER/minecraft@1.21.1/net.minecraft.client.MouseHandler.lambda$setup$5(MouseHandler.java:207) ~[neoforge-21.1.219.jar%23190!/:?]
	at MC-BOOTSTRAP/org.lwjgl.glfw@3.3.3+5/org.lwjgl.glfw.GLFWMouseButtonCallbackI.callback(GLFWMouseButtonCallbackI.java:43) ~[lwjgl-glfw-3.3.3.jar%23172!/:build 5]
	at MC-BOOTSTRAP/org.lwjgl@3.3.3+5/org.lwjgl.system.JNI.invokeV(Native Method) ~[lwjgl-3.3.3.jar%23183!/:build 5]
	at MC-BOOTSTRAP/org.lwjgl.glfw@3.3.3+5/org.lwjgl.glfw.GLFW.glfwWaitEventsTimeout(GLFW.java:3509) ~[lwjgl-glfw-3.3.3.jar%23172!/:build 5]
	at TRANSFORMER/minecraft@1.21.1/com.mojang.blaze3d.systems.RenderSystem.limitDisplayFPS(RenderSystem.java:162) ~[neoforge-21.1.219.jar%23190!/:?]
	at TRANSFORMER/minecraft@1.21.1/net.minecraft.client.Minecraft.runTick(Minecraft.java:1226) ~[neoforge-21.1.219.jar%23190!/:?]
	at TRANSFORMER/minecraft@1.21.1/net.minecraft.client.Minecraft.run(Minecraft.java:813) ~[neoforge-21.1.219.jar%23190!/:?]
	at TRANSFORMER/minecraft@1.21.1/net.minecraft.client.main.Main.main(Main.java:230) ~[neoforge-21.1.219.jar%23190!/:?]
	at java.base/jdk.internal.reflect.DirectMethodHandleAccessor.invoke(DirectMethodHandleAccessor.java:103) ~[?:?]
	at java.base/java.lang.reflect.Method.invoke(Method.java:580) ~[?:?]
	at MC-BOOTSTRAP/fml_loader@4.0.42/net.neoforged.fml.loading.targets.CommonLaunchHandler.runTarget(CommonLaunchHandler.java:136) ~[loader-4.0.42.jar%23146!/:4.0]
	at MC-BOOTSTRAP/fml_loader@4.0.42/net.neoforged.fml.loading.targets.CommonLaunchHandler.clientService(CommonLaunchHandler.java:124) ~[loader-4.0.42.jar%23146!/:4.0]
	at MC-BOOTSTRAP/fml_loader@4.0.42/net.neoforged.fml.loading.targets.NeoForgeClientDevLaunchHandler.runService(NeoForgeClientDevLaunchHandler.java:23) ~[loader-4.0.42.jar%23146!/:4.0]
	at MC-BOOTSTRAP/fml_loader@4.0.42/net.neoforged.fml.loading.targets.CommonLaunchHandler.lambda$launchService$4(CommonLaunchHandler.java:118) ~[loader-4.0.42.jar%23146!/:4.0]
	at MC-BOOTSTRAP/cpw.mods.modlauncher@11.0.5/cpw.mods.modlauncher.LaunchServiceHandlerDecorator.launch(LaunchServiceHandlerDecorator.java:30) [modlauncher-11.0.5.jar%23128!/:?]
	at MC-BOOTSTRAP/cpw.mods.modlauncher@11.0.5/cpw.mods.modlauncher.LaunchServiceHandler.launch(LaunchServiceHandler.java:53) [modlauncher-11.0.5.jar%23128!/:?]
	at MC-BOOTSTRAP/cpw.mods.modlauncher@11.0.5/cpw.mods.modlauncher.LaunchServiceHandler.launch(LaunchServiceHandler.java:71) [modlauncher-11.0.5.jar%23128!/:?]
	at MC-BOOTSTRAP/cpw.mods.modlauncher@11.0.5/cpw.mods.modlauncher.Launcher.run(Launcher.java:103) [modlauncher-11.0.5.jar%23128!/:?]
	at MC-BOOTSTRAP/cpw.mods.modlauncher@11.0.5/cpw.mods.modlauncher.Launcher.main(Launcher.java:74) [modlauncher-11.0.5.jar%23128!/:?]
	at MC-BOOTSTRAP/cpw.mods.modlauncher@11.0.5/cpw.mods.modlauncher.BootstrapLaunchConsumer.accept(BootstrapLaunchConsumer.java:26) [modlauncher-11.0.5.jar%23128!/:?]
	at MC-BOOTSTRAP/cpw.mods.modlauncher@11.0.5/cpw.mods.modlauncher.BootstrapLaunchConsumer.accept(BootstrapLaunchConsumer.java:23) [modlauncher-11.0.5.jar%23128!/:?]
	at cpw.mods.bootstraplauncher@2.0.2/cpw.mods.bootstraplauncher.BootstrapLauncher.run(BootstrapLauncher.java:210) [bootstraplauncher-2.0.2.jar:?]
	at cpw.mods.bootstraplauncher@2.0.2/cpw.mods.bootstraplauncher.BootstrapLauncher.main(BootstrapLauncher.java:69) [bootstraplauncher-2.0.2.jar:?]
	at java.base/jdk.internal.reflect.DirectMethodHandleAccessor.invoke(DirectMethodHandleAccessor.java:103) ~[?:?]
	at java.base/java.lang.reflect.Method.invoke(Method.java:580) ~[?:?]
	at net.neoforged.devlaunch.Main.main(Main.java:57) [DevLaunch-1.0.2.jar:?]
[304月2026 15:45:27.376] [Render thread/ERROR] [net.minecraft.world.item.crafting.RecipeManager/]: Parsing error loading recipe create:crushing/iron_ore
com.google.gson.JsonParseException: Failed to parse either. First: No key amount in MapLike[{"chance":0.08,"item":"chemica:vanadium_dust"}]; No key id in MapLike[{"chance":0.08,"item":"chemica:vanadium_dust"}]; Second: Failed to parse either. First: No key id in MapLike[{"chance":0.08,"item":"chemica:vanadium_dust"}]; Second: Failed to parse either. First: Not a JSON object: "chemica:vanadium_dust"; Second: Compat cannot be deserialized; Failed to parse either. First: No key amount in MapLike[{"chance":0.125,"item":"minecraft:cobblestone"}]; No key id in MapLike[{"chance":0.125,"item":"minecraft:cobblestone"}]; Second: Failed to parse either. First: No key id in MapLike[{"chance":0.125,"item":"minecraft:cobblestone"}]; Second: Failed to parse either. First: Not a JSON object: "minecraft:cobblestone"; Second: Compat cannot be deserialized; Failed to parse either. First: No key amount in MapLike[{"chance":0.75,"item":"create:experience_nugget"}]; No key id in MapLike[{"chance":0.75,"item":"create:experience_nugget"}]; Second: Failed to parse either. First: No key id in MapLike[{"chance":0.75,"item":"create:experience_nugget"}]; Second: Failed to parse either. First: Not a JSON object: "create:experience_nugget"; Second: Compat cannot be deserialized; Failed to parse either. First: No key amount in MapLike[{"chance":0.75,"item":"create:crushed_raw_iron"}]; No key id in MapLike[{"chance":0.75,"item":"create:crushed_raw_iron"}]; Second: Failed to parse either. First: No key id in MapLike[{"chance":0.75,"item":"create:crushed_raw_iron"}]; Second: Failed to parse either. First: Not a JSON object: "create:crushed_raw_iron"; Second: Compat cannot be deserialized; Failed to parse either. First: No key amount in MapLike[{"count":1,"item":"create:crushed_raw_iron"}]; No key id in MapLike[{"count":1,"item":"create:crushed_raw_iron"}]; Second: Failed to parse either. First: No key id in MapLike[{"count":1,"item":"create:crushed_raw_iron"}]; Second: Failed to parse either. First: Not a JSON object: "create:crushed_raw_iron"; Second: Compat cannot be deserialized
	at MC-BOOTSTRAP/datafixerupper@8.0.16/com.mojang.serialization.DataResult$Error.getOrThrow(DataResult.java:287) ~[datafixerupper-8.0.16.jar%23121!/:?]
	at TRANSFORMER/minecraft@1.21.1/net.minecraft.world.item.crafting.RecipeManager.apply(RecipeManager.java:60) ~[neoforge-21.1.219.jar%23190!/:?]
	at TRANSFORMER/minecraft@1.21.1/net.minecraft.world.item.crafting.RecipeManager.apply(RecipeManager.java:36) ~[neoforge-21.1.219.jar%23190!/:?]
	at TRANSFORMER/minecraft@1.21.1/net.minecraft.server.packs.resources.SimplePreparableReloadListener.lambda$reload$1(SimplePreparableReloadListener.java:19) ~[neoforge-21.1.219.jar%23190!/:?]
	at java.base/java.util.concurrent.CompletableFuture$UniAccept.tryFire(CompletableFuture.java:718) ~[?:?]
	at java.base/java.util.concurrent.CompletableFuture$Completion.run(CompletableFuture.java:482) ~[?:?]
	at TRANSFORMER/minecraft@1.21.1/net.minecraft.server.packs.resources.SimpleReloadInstance.lambda$new$3(SimpleReloadInstance.java:86) ~[neoforge-21.1.219.jar%23190!/:?]
	at TRANSFORMER/minecraft@1.21.1/net.minecraft.util.thread.BlockableEventLoop.doRunTask(BlockableEventLoop.java:151) ~[neoforge-21.1.219.jar%23190!/:?]
	at TRANSFORMER/minecraft@1.21.1/net.minecraft.util.thread.ReentrantBlockableEventLoop.doRunTask(ReentrantBlockableEventLoop.java:24) ~[neoforge-21.1.219.jar%23190!/:?]
	at TRANSFORMER/minecraft@1.21.1/net.minecraft.util.thread.BlockableEventLoop.pollTask(BlockableEventLoop.java:122) ~[neoforge-21.1.219.jar%23190!/:?]
	at TRANSFORMER/minecraft@1.21.1/net.minecraft.util.thread.BlockableEventLoop.managedBlock(BlockableEventLoop.java:135) ~[neoforge-21.1.219.jar%23190!/:?]
	at TRANSFORMER/minecraft@1.21.1/net.minecraft.client.gui.screens.worldselection.WorldOpenFlows.loadWorldDataBlocking(WorldOpenFlows.java:201) ~[neoforge-21.1.219.jar%23190!/:?]
	at TRANSFORMER/minecraft@1.21.1/net.minecraft.client.gui.screens.worldselection.WorldOpenFlows.loadWorldStem(WorldOpenFlows.java:142) ~[neoforge-21.1.219.jar%23190!/:?]
	at TRANSFORMER/minecraft@1.21.1/net.minecraft.client.gui.screens.worldselection.WorldOpenFlows.openWorldLoadLevelStem(WorldOpenFlows.java:346) ~[neoforge-21.1.219.jar%23190!/:?]
	at TRANSFORMER/minecraft@1.21.1/net.minecraft.client.gui.screens.worldselection.WorldOpenFlows.openWorldCheckVersionCompatibility(WorldOpenFlows.java:335) ~[neoforge-21.1.219.jar%23190!/:?]
	at TRANSFORMER/minecraft@1.21.1/net.minecraft.client.gui.screens.worldselection.WorldOpenFlows.openWorldLoadLevelData(WorldOpenFlows.java:297) ~[neoforge-21.1.219.jar%23190!/:?]
	at TRANSFORMER/minecraft@1.21.1/net.minecraft.client.gui.screens.worldselection.WorldOpenFlows.openWorld(WorldOpenFlows.java:261) ~[neoforge-21.1.219.jar%23190!/:?]
	at TRANSFORMER/minecraft@1.21.1/net.minecraft.client.gui.screens.worldselection.WorldSelectionList$WorldListEntry.joinWorld(WorldSelectionList.java:498) ~[neoforge-21.1.219.jar%23190!/:?]
	at TRANSFORMER/minecraft@1.21.1/net.minecraft.client.gui.screens.worldselection.WorldSelectionList$WorldListEntry.mouseClicked(WorldSelectionList.java:481) ~[neoforge-21.1.219.jar%23190!/:?]
	at TRANSFORMER/minecraft@1.21.1/net.minecraft.client.gui.components.AbstractSelectionList.mouseClicked(AbstractSelectionList.java:303) ~[neoforge-21.1.219.jar%23190!/:?]
	at TRANSFORMER/minecraft@1.21.1/net.minecraft.client.gui.components.events.ContainerEventHandler.mouseClicked(ContainerEventHandler.java:43) ~[neoforge-21.1.219.jar%23190!/:?]
	at TRANSFORMER/minecraft@1.21.1/net.minecraft.client.MouseHandler.lambda$onPress$0(MouseHandler.java:98) ~[neoforge-21.1.219.jar%23190!/:?]
	at TRANSFORMER/minecraft@1.21.1/net.minecraft.client.gui.screens.Screen.wrapScreenError(Screen.java:451) ~[neoforge-21.1.219.jar%23190!/:?]
	at TRANSFORMER/minecraft@1.21.1/net.minecraft.client.MouseHandler.onPress(MouseHandler.java:95) ~[neoforge-21.1.219.jar%23190!/:?]
	at TRANSFORMER/minecraft@1.21.1/net.minecraft.client.MouseHandler.lambda$setup$4(MouseHandler.java:207) ~[neoforge-21.1.219.jar%23190!/:?]
	at TRANSFORMER/minecraft@1.21.1/net.minecraft.util.thread.BlockableEventLoop.execute(BlockableEventLoop.java:98) ~[neoforge-21.1.219.jar%23190!/:?]
	at TRANSFORMER/minecraft@1.21.1/net.minecraft.client.MouseHandler.lambda$setup$5(MouseHandler.java:207) ~[neoforge-21.1.219.jar%23190!/:?]
	at MC-BOOTSTRAP/org.lwjgl.glfw@3.3.3+5/org.lwjgl.glfw.GLFWMouseButtonCallbackI.callback(GLFWMouseButtonCallbackI.java:43) ~[lwjgl-glfw-3.3.3.jar%23172!/:build 5]
	at MC-BOOTSTRAP/org.lwjgl@3.3.3+5/org.lwjgl.system.JNI.invokeV(Native Method) ~[lwjgl-3.3.3.jar%23183!/:build 5]
	at MC-BOOTSTRAP/org.lwjgl.glfw@3.3.3+5/org.lwjgl.glfw.GLFW.glfwWaitEventsTimeout(GLFW.java:3509) ~[lwjgl-glfw-3.3.3.jar%23172!/:build 5]
	at TRANSFORMER/minecraft@1.21.1/com.mojang.blaze3d.systems.RenderSystem.limitDisplayFPS(RenderSystem.java:162) ~[neoforge-21.1.219.jar%23190!/:?]
	at TRANSFORMER/minecraft@1.21.1/net.minecraft.client.Minecraft.runTick(Minecraft.java:1226) ~[neoforge-21.1.219.jar%23190!/:?]
	at TRANSFORMER/minecraft@1.21.1/net.minecraft.client.Minecraft.run(Minecraft.java:813) ~[neoforge-21.1.219.jar%23190!/:?]
	at TRANSFORMER/minecraft@1.21.1/net.minecraft.client.main.Main.main(Main.java:230) ~[neoforge-21.1.219.jar%23190!/:?]
	at java.base/jdk.internal.reflect.DirectMethodHandleAccessor.invoke(DirectMethodHandleAccessor.java:103) ~[?:?]
	at java.base/java.lang.reflect.Method.invoke(Method.java:580) ~[?:?]
	at MC-BOOTSTRAP/fml_loader@4.0.42/net.neoforged.fml.loading.targets.CommonLaunchHandler.runTarget(CommonLaunchHandler.java:136) ~[loader-4.0.42.jar%23146!/:4.0]
	at MC-BOOTSTRAP/fml_loader@4.0.42/net.neoforged.fml.loading.targets.CommonLaunchHandler.clientService(CommonLaunchHandler.java:124) ~[loader-4.0.42.jar%23146!/:4.0]
	at MC-BOOTSTRAP/fml_loader@4.0.42/net.neoforged.fml.loading.targets.NeoForgeClientDevLaunchHandler.runService(NeoForgeClientDevLaunchHandler.java:23) ~[loader-4.0.42.jar%23146!/:4.0]
	at MC-BOOTSTRAP/fml_loader@4.0.42/net.neoforged.fml.loading.targets.CommonLaunchHandler.lambda$launchService$4(CommonLaunchHandler.java:118) ~[loader-4.0.42.jar%23146!/:4.0]
	at MC-BOOTSTRAP/cpw.mods.modlauncher@11.0.5/cpw.mods.modlauncher.LaunchServiceHandlerDecorator.launch(LaunchServiceHandlerDecorator.java:30) [modlauncher-11.0.5.jar%23128!/:?]
	at MC-BOOTSTRAP/cpw.mods.modlauncher@11.0.5/cpw.mods.modlauncher.LaunchServiceHandler.launch(LaunchServiceHandler.java:53) [modlauncher-11.0.5.jar%23128!/:?]
	at MC-BOOTSTRAP/cpw.mods.modlauncher@11.0.5/cpw.mods.modlauncher.LaunchServiceHandler.launch(LaunchServiceHandler.java:71) [modlauncher-11.0.5.jar%23128!/:?]
	at MC-BOOTSTRAP/cpw.mods.modlauncher@11.0.5/cpw.mods.modlauncher.Launcher.run(Launcher.java:103) [modlauncher-11.0.5.jar%23128!/:?]
	at MC-BOOTSTRAP/cpw.mods.modlauncher@11.0.5/cpw.mods.modlauncher.Launcher.main(Launcher.java:74) [modlauncher-11.0.5.jar%23128!/:?]
	at MC-BOOTSTRAP/cpw.mods.modlauncher@11.0.5/cpw.mods.modlauncher.BootstrapLaunchConsumer.accept(BootstrapLaunchConsumer.java:26) [modlauncher-11.0.5.jar%23128!/:?]
	at MC-BOOTSTRAP/cpw.mods.modlauncher@11.0.5/cpw.mods.modlauncher.BootstrapLaunchConsumer.accept(BootstrapLaunchConsumer.java:23) [modlauncher-11.0.5.jar%23128!/:?]
	at cpw.mods.bootstraplauncher@2.0.2/cpw.mods.bootstraplauncher.BootstrapLauncher.run(BootstrapLauncher.java:210) [bootstraplauncher-2.0.2.jar:?]
	at cpw.mods.bootstraplauncher@2.0.2/cpw.mods.bootstraplauncher.BootstrapLauncher.main(BootstrapLauncher.java:69) [bootstraplauncher-2.0.2.jar:?]
	at java.base/jdk.internal.reflect.DirectMethodHandleAccessor.invoke(DirectMethodHandleAccessor.java:103) ~[?:?]
	at java.base/java.lang.reflect.Method.invoke(Method.java:580) ~[?:?]
	at net.neoforged.devlaunch.Main.main(Main.java:57) [DevLaunch-1.0.2.jar:?]
[304月2026 15:45:27.397] [Render thread/ERROR] [net.minecraft.world.item.crafting.RecipeManager/]: Parsing error loading recipe create:crushing/deepslate_redstone_ore
com.google.gson.JsonParseException: Failed to parse either. First: No key amount in MapLike[{"chance":0.5,"item":"chemica:sulfur_dust"}]; No key id in MapLike[{"chance":0.5,"item":"chemica:sulfur_dust"}]; Second: Failed to parse either. First: No key id in MapLike[{"chance":0.5,"item":"chemica:sulfur_dust"}]; Second: Failed to parse either. First: Not a JSON object: "chemica:sulfur_dust"; Second: Compat cannot be deserialized; Failed to parse either. First: No key amount in MapLike[{"chance":0.125,"item":"minecraft:cobbled_deepslate"}]; No key id in MapLike[{"chance":0.125,"item":"minecraft:cobbled_deepslate"}]; Second: Failed to parse either. First: No key id in MapLike[{"chance":0.125,"item":"minecraft:cobbled_deepslate"}]; Second: Failed to parse either. First: Not a JSON object: "minecraft:cobbled_deepslate"; Second: Compat cannot be deserialized; Failed to parse either. First: No key amount in MapLike[{"chance":0.75,"item":"create:experience_nugget"}]; No key id in MapLike[{"chance":0.75,"item":"create:experience_nugget"}]; Second: Failed to parse either. First: No key id in MapLike[{"chance":0.75,"item":"create:experience_nugget"}]; Second: Failed to parse either. First: Not a JSON object: "create:experience_nugget"; Second: Compat cannot be deserialized; Failed to parse either. First: No key amount in MapLike[{"chance":0.50,"item":"minecraft:redstone"}]; No key id in MapLike[{"chance":0.50,"item":"minecraft:redstone"}]; Second: Failed to parse either. First: No key id in MapLike[{"chance":0.50,"item":"minecraft:redstone"}]; Second: Failed to parse either. First: Not a JSON object: "minecraft:redstone"; Second: Compat cannot be deserialized; Failed to parse either. First: No key amount in MapLike[{"count":6,"item":"minecraft:redstone"}]; No key id in MapLike[{"count":6,"item":"minecraft:redstone"}]; Second: Failed to parse either. First: No key id in MapLike[{"count":6,"item":"minecraft:redstone"}]; Second: Failed to parse either. First: Not a JSON object: "minecraft:redstone"; Second: Compat cannot be deserialized
	at MC-BOOTSTRAP/datafixerupper@8.0.16/com.mojang.serialization.DataResult$Error.getOrThrow(DataResult.java:287) ~[datafixerupper-8.0.16.jar%23121!/:?]
	at TRANSFORMER/minecraft@1.21.1/net.minecraft.world.item.crafting.RecipeManager.apply(RecipeManager.java:60) ~[neoforge-21.1.219.jar%23190!/:?]
	at TRANSFORMER/minecraft@1.21.1/net.minecraft.world.item.crafting.RecipeManager.apply(RecipeManager.java:36) ~[neoforge-21.1.219.jar%23190!/:?]
	at TRANSFORMER/minecraft@1.21.1/net.minecraft.server.packs.resources.SimplePreparableReloadListener.lambda$reload$1(SimplePreparableReloadListener.java:19) ~[neoforge-21.1.219.jar%23190!/:?]
	at java.base/java.util.concurrent.CompletableFuture$UniAccept.tryFire(CompletableFuture.java:718) ~[?:?]
	at java.base/java.util.concurrent.CompletableFuture$Completion.run(CompletableFuture.java:482) ~[?:?]
	at TRANSFORMER/minecraft@1.21.1/net.minecraft.server.packs.resources.SimpleReloadInstance.lambda$new$3(SimpleReloadInstance.java:86) ~[neoforge-21.1.219.jar%23190!/:?]
	at TRANSFORMER/minecraft@1.21.1/net.minecraft.util.thread.BlockableEventLoop.doRunTask(BlockableEventLoop.java:151) ~[neoforge-21.1.219.jar%23190!/:?]
	at TRANSFORMER/minecraft@1.21.1/net.minecraft.util.thread.ReentrantBlockableEventLoop.doRunTask(ReentrantBlockableEventLoop.java:24) ~[neoforge-21.1.219.jar%23190!/:?]
	at TRANSFORMER/minecraft@1.21.1/net.minecraft.util.thread.BlockableEventLoop.pollTask(BlockableEventLoop.java:122) ~[neoforge-21.1.219.jar%23190!/:?]
	at TRANSFORMER/minecraft@1.21.1/net.minecraft.util.thread.BlockableEventLoop.managedBlock(BlockableEventLoop.java:135) ~[neoforge-21.1.219.jar%23190!/:?]
	at TRANSFORMER/minecraft@1.21.1/net.minecraft.client.gui.screens.worldselection.WorldOpenFlows.loadWorldDataBlocking(WorldOpenFlows.java:201) ~[neoforge-21.1.219.jar%23190!/:?]
	at TRANSFORMER/minecraft@1.21.1/net.minecraft.client.gui.screens.worldselection.WorldOpenFlows.loadWorldStem(WorldOpenFlows.java:142) ~[neoforge-21.1.219.jar%23190!/:?]
	at TRANSFORMER/minecraft@1.21.1/net.minecraft.client.gui.screens.worldselection.WorldOpenFlows.openWorldLoadLevelStem(WorldOpenFlows.java:346) ~[neoforge-21.1.219.jar%23190!/:?]
	at TRANSFORMER/minecraft@1.21.1/net.minecraft.client.gui.screens.worldselection.WorldOpenFlows.openWorldCheckVersionCompatibility(WorldOpenFlows.java:335) ~[neoforge-21.1.219.jar%23190!/:?]
	at TRANSFORMER/minecraft@1.21.1/net.minecraft.client.gui.screens.worldselection.WorldOpenFlows.openWorldLoadLevelData(WorldOpenFlows.java:297) ~[neoforge-21.1.219.jar%23190!/:?]
	at TRANSFORMER/minecraft@1.21.1/net.minecraft.client.gui.screens.worldselection.WorldOpenFlows.openWorld(WorldOpenFlows.java:261) ~[neoforge-21.1.219.jar%23190!/:?]
	at TRANSFORMER/minecraft@1.21.1/net.minecraft.client.gui.screens.worldselection.WorldSelectionList$WorldListEntry.joinWorld(WorldSelectionList.java:498) ~[neoforge-21.1.219.jar%23190!/:?]
	at TRANSFORMER/minecraft@1.21.1/net.minecraft.client.gui.screens.worldselection.WorldSelectionList$WorldListEntry.mouseClicked(WorldSelectionList.java:481) ~[neoforge-21.1.219.jar%23190!/:?]
	at TRANSFORMER/minecraft@1.21.1/net.minecraft.client.gui.components.AbstractSelectionList.mouseClicked(AbstractSelectionList.java:303) ~[neoforge-21.1.219.jar%23190!/:?]
	at TRANSFORMER/minecraft@1.21.1/net.minecraft.client.gui.components.events.ContainerEventHandler.mouseClicked(ContainerEventHandler.java:43) ~[neoforge-21.1.219.jar%23190!/:?]
	at TRANSFORMER/minecraft@1.21.1/net.minecraft.client.MouseHandler.lambda$onPress$0(MouseHandler.java:98) ~[neoforge-21.1.219.jar%23190!/:?]
	at TRANSFORMER/minecraft@1.21.1/net.minecraft.client.gui.screens.Screen.wrapScreenError(Screen.java:451) ~[neoforge-21.1.219.jar%23190!/:?]
	at TRANSFORMER/minecraft@1.21.1/net.minecraft.client.MouseHandler.onPress(MouseHandler.java:95) ~[neoforge-21.1.219.jar%23190!/:?]
	at TRANSFORMER/minecraft@1.21.1/net.minecraft.client.MouseHandler.lambda$setup$4(MouseHandler.java:207) ~[neoforge-21.1.219.jar%23190!/:?]
	at TRANSFORMER/minecraft@1.21.1/net.minecraft.util.thread.BlockableEventLoop.execute(BlockableEventLoop.java:98) ~[neoforge-21.1.219.jar%23190!/:?]
	at TRANSFORMER/minecraft@1.21.1/net.minecraft.client.MouseHandler.lambda$setup$5(MouseHandler.java:207) ~[neoforge-21.1.219.jar%23190!/:?]
	at MC-BOOTSTRAP/org.lwjgl.glfw@3.3.3+5/org.lwjgl.glfw.GLFWMouseButtonCallbackI.callback(GLFWMouseButtonCallbackI.java:43) ~[lwjgl-glfw-3.3.3.jar%23172!/:build 5]
	at MC-BOOTSTRAP/org.lwjgl@3.3.3+5/org.lwjgl.system.JNI.invokeV(Native Method) ~[lwjgl-3.3.3.jar%23183!/:build 5]
	at MC-BOOTSTRAP/org.lwjgl.glfw@3.3.3+5/org.lwjgl.glfw.GLFW.glfwWaitEventsTimeout(GLFW.java:3509) ~[lwjgl-glfw-3.3.3.jar%23172!/:build 5]
	at TRANSFORMER/minecraft@1.21.1/com.mojang.blaze3d.systems.RenderSystem.limitDisplayFPS(RenderSystem.java:162) ~[neoforge-21.1.219.jar%23190!/:?]
	at TRANSFORMER/minecraft@1.21.1/net.minecraft.client.Minecraft.runTick(Minecraft.java:1226) ~[neoforge-21.1.219.jar%23190!/:?]
	at TRANSFORMER/minecraft@1.21.1/net.minecraft.client.Minecraft.run(Minecraft.java:813) ~[neoforge-21.1.219.jar%23190!/:?]
	at TRANSFORMER/minecraft@1.21.1/net.minecraft.client.main.Main.main(Main.java:230) ~[neoforge-21.1.219.jar%23190!/:?]
	at java.base/jdk.internal.reflect.DirectMethodHandleAccessor.invoke(DirectMethodHandleAccessor.java:103) ~[?:?]
	at java.base/java.lang.reflect.Method.invoke(Method.java:580) ~[?:?]
	at MC-BOOTSTRAP/fml_loader@4.0.42/net.neoforged.fml.loading.targets.CommonLaunchHandler.runTarget(CommonLaunchHandler.java:136) ~[loader-4.0.42.jar%23146!/:4.0]
	at MC-BOOTSTRAP/fml_loader@4.0.42/net.neoforged.fml.loading.targets.CommonLaunchHandler.clientService(CommonLaunchHandler.java:124) ~[loader-4.0.42.jar%23146!/:4.0]
	at MC-BOOTSTRAP/fml_loader@4.0.42/net.neoforged.fml.loading.targets.NeoForgeClientDevLaunchHandler.runService(NeoForgeClientDevLaunchHandler.java:23) ~[loader-4.0.42.jar%23146!/:4.0]
	at MC-BOOTSTRAP/fml_loader@4.0.42/net.neoforged.fml.loading.targets.CommonLaunchHandler.lambda$launchService$4(CommonLaunchHandler.java:118) ~[loader-4.0.42.jar%23146!/:4.0]
	at MC-BOOTSTRAP/cpw.mods.modlauncher@11.0.5/cpw.mods.modlauncher.LaunchServiceHandlerDecorator.launch(LaunchServiceHandlerDecorator.java:30) [modlauncher-11.0.5.jar%23128!/:?]
	at MC-BOOTSTRAP/cpw.mods.modlauncher@11.0.5/cpw.mods.modlauncher.LaunchServiceHandler.launch(LaunchServiceHandler.java:53) [modlauncher-11.0.5.jar%23128!/:?]
	at MC-BOOTSTRAP/cpw.mods.modlauncher@11.0.5/cpw.mods.modlauncher.LaunchServiceHandler.launch(LaunchServiceHandler.java:71) [modlauncher-11.0.5.jar%23128!/:?]
	at MC-BOOTSTRAP/cpw.mods.modlauncher@11.0.5/cpw.mods.modlauncher.Launcher.run(Launcher.java:103) [modlauncher-11.0.5.jar%23128!/:?]
	at MC-BOOTSTRAP/cpw.mods.modlauncher@11.0.5/cpw.mods.modlauncher.Launcher.main(Launcher.java:74) [modlauncher-11.0.5.jar%23128!/:?]
	at MC-BOOTSTRAP/cpw.mods.modlauncher@11.0.5/cpw.mods.modlauncher.BootstrapLaunchConsumer.accept(BootstrapLaunchConsumer.java:26) [modlauncher-11.0.5.jar%23128!/:?]
	at MC-BOOTSTRAP/cpw.mods.modlauncher@11.0.5/cpw.mods.modlauncher.BootstrapLaunchConsumer.accept(BootstrapLaunchConsumer.java:23) [modlauncher-11.0.5.jar%23128!/:?]
	at cpw.mods.bootstraplauncher@2.0.2/cpw.mods.bootstraplauncher.BootstrapLauncher.run(BootstrapLauncher.java:210) [bootstraplauncher-2.0.2.jar:?]
	at cpw.mods.bootstraplauncher@2.0.2/cpw.mods.bootstraplauncher.BootstrapLauncher.main(BootstrapLauncher.java:69) [bootstraplauncher-2.0.2.jar:?]
	at java.base/jdk.internal.reflect.DirectMethodHandleAccessor.invoke(DirectMethodHandleAccessor.java:103) ~[?:?]
	at java.base/java.lang.reflect.Method.invoke(Method.java:580) ~[?:?]
	at net.neoforged.devlaunch.Main.main(Main.java:57) [DevLaunch-1.0.2.jar:?]
[304月2026 15:45:27.434] [Render thread/ERROR] [net.minecraft.world.item.crafting.RecipeManager/]: Parsing error loading recipe create:crushing/gold_ore
com.google.gson.JsonParseException: Failed to parse either. First: No key amount in MapLike[{"chance":0.125,"item":"chemica:arsenic_dust"}]; No key id in MapLike[{"chance":0.125,"item":"chemica:arsenic_dust"}]; Second: Failed to parse either. First: No key id in MapLike[{"chance":0.125,"item":"chemica:arsenic_dust"}]; Second: Failed to parse either. First: Not a JSON object: "chemica:arsenic_dust"; Second: Compat cannot be deserialized; Failed to parse either. First: No key amount in MapLike[{"chance":0.125,"item":"minecraft:cobblestone"}]; No key id in MapLike[{"chance":0.125,"item":"minecraft:cobblestone"}]; Second: Failed to parse either. First: No key id in MapLike[{"chance":0.125,"item":"minecraft:cobblestone"}]; Second: Failed to parse either. First: Not a JSON object: "minecraft:cobblestone"; Second: Compat cannot be deserialized; Failed to parse either. First: No key amount in MapLike[{"chance":0.75,"count":2,"item":"create:experience_nugget"}]; No key id in MapLike[{"chance":0.75,"count":2,"item":"create:experience_nugget"}]; Second: Failed to parse either. First: No key id in MapLike[{"chance":0.75,"count":2,"item":"create:experience_nugget"}]; Second: Failed to parse either. First: Not a JSON object: "create:experience_nugget"; Second: Compat cannot be deserialized; Failed to parse either. First: No key amount in MapLike[{"chance":0.75,"item":"create:crushed_raw_gold"}]; No key id in MapLike[{"chance":0.75,"item":"create:crushed_raw_gold"}]; Second: Failed to parse either. First: No key id in MapLike[{"chance":0.75,"item":"create:crushed_raw_gold"}]; Second: Failed to parse either. First: Not a JSON object: "create:crushed_raw_gold"; Second: Compat cannot be deserialized; Failed to parse either. First: No key amount in MapLike[{"item":"create:crushed_raw_gold"}]; No key id in MapLike[{"item":"create:crushed_raw_gold"}]; Second: Failed to parse either. First: No key id in MapLike[{"item":"create:crushed_raw_gold"}]; Second: Failed to parse either. First: Not a JSON object: "create:crushed_raw_gold"; Second: Compat cannot be deserialized
	at MC-BOOTSTRAP/datafixerupper@8.0.16/com.mojang.serialization.DataResult$Error.getOrThrow(DataResult.java:287) ~[datafixerupper-8.0.16.jar%23121!/:?]
	at TRANSFORMER/minecraft@1.21.1/net.minecraft.world.item.crafting.RecipeManager.apply(RecipeManager.java:60) ~[neoforge-21.1.219.jar%23190!/:?]
	at TRANSFORMER/minecraft@1.21.1/net.minecraft.world.item.crafting.RecipeManager.apply(RecipeManager.java:36) ~[neoforge-21.1.219.jar%23190!/:?]
	at TRANSFORMER/minecraft@1.21.1/net.minecraft.server.packs.resources.SimplePreparableReloadListener.lambda$reload$1(SimplePreparableReloadListener.java:19) ~[neoforge-21.1.219.jar%23190!/:?]
	at java.base/java.util.concurrent.CompletableFuture$UniAccept.tryFire(CompletableFuture.java:718) ~[?:?]
	at java.base/java.util.concurrent.CompletableFuture$Completion.run(CompletableFuture.java:482) ~[?:?]
	at TRANSFORMER/minecraft@1.21.1/net.minecraft.server.packs.resources.SimpleReloadInstance.lambda$new$3(SimpleReloadInstance.java:86) ~[neoforge-21.1.219.jar%23190!/:?]
	at TRANSFORMER/minecraft@1.21.1/net.minecraft.util.thread.BlockableEventLoop.doRunTask(BlockableEventLoop.java:151) ~[neoforge-21.1.219.jar%23190!/:?]
	at TRANSFORMER/minecraft@1.21.1/net.minecraft.util.thread.ReentrantBlockableEventLoop.doRunTask(ReentrantBlockableEventLoop.java:24) ~[neoforge-21.1.219.jar%23190!/:?]
	at TRANSFORMER/minecraft@1.21.1/net.minecraft.util.thread.BlockableEventLoop.pollTask(BlockableEventLoop.java:122) ~[neoforge-21.1.219.jar%23190!/:?]
	at TRANSFORMER/minecraft@1.21.1/net.minecraft.util.thread.BlockableEventLoop.managedBlock(BlockableEventLoop.java:135) ~[neoforge-21.1.219.jar%23190!/:?]
	at TRANSFORMER/minecraft@1.21.1/net.minecraft.client.gui.screens.worldselection.WorldOpenFlows.loadWorldDataBlocking(WorldOpenFlows.java:201) ~[neoforge-21.1.219.jar%23190!/:?]
	at TRANSFORMER/minecraft@1.21.1/net.minecraft.client.gui.screens.worldselection.WorldOpenFlows.loadWorldStem(WorldOpenFlows.java:142) ~[neoforge-21.1.219.jar%23190!/:?]
	at TRANSFORMER/minecraft@1.21.1/net.minecraft.client.gui.screens.worldselection.WorldOpenFlows.openWorldLoadLevelStem(WorldOpenFlows.java:346) ~[neoforge-21.1.219.jar%23190!/:?]
	at TRANSFORMER/minecraft@1.21.1/net.minecraft.client.gui.screens.worldselection.WorldOpenFlows.openWorldCheckVersionCompatibility(WorldOpenFlows.java:335) ~[neoforge-21.1.219.jar%23190!/:?]
	at TRANSFORMER/minecraft@1.21.1/net.minecraft.client.gui.screens.worldselection.WorldOpenFlows.openWorldLoadLevelData(WorldOpenFlows.java:297) ~[neoforge-21.1.219.jar%23190!/:?]
	at TRANSFORMER/minecraft@1.21.1/net.minecraft.client.gui.screens.worldselection.WorldOpenFlows.openWorld(WorldOpenFlows.java:261) ~[neoforge-21.1.219.jar%23190!/:?]
	at TRANSFORMER/minecraft@1.21.1/net.minecraft.client.gui.screens.worldselection.WorldSelectionList$WorldListEntry.joinWorld(WorldSelectionList.java:498) ~[neoforge-21.1.219.jar%23190!/:?]
	at TRANSFORMER/minecraft@1.21.1/net.minecraft.client.gui.screens.worldselection.WorldSelectionList$WorldListEntry.mouseClicked(WorldSelectionList.java:481) ~[neoforge-21.1.219.jar%23190!/:?]
	at TRANSFORMER/minecraft@1.21.1/net.minecraft.client.gui.components.AbstractSelectionList.mouseClicked(AbstractSelectionList.java:303) ~[neoforge-21.1.219.jar%23190!/:?]
	at TRANSFORMER/minecraft@1.21.1/net.minecraft.client.gui.components.events.ContainerEventHandler.mouseClicked(ContainerEventHandler.java:43) ~[neoforge-21.1.219.jar%23190!/:?]
	at TRANSFORMER/minecraft@1.21.1/net.minecraft.client.MouseHandler.lambda$onPress$0(MouseHandler.java:98) ~[neoforge-21.1.219.jar%23190!/:?]
	at TRANSFORMER/minecraft@1.21.1/net.minecraft.client.gui.screens.Screen.wrapScreenError(Screen.java:451) ~[neoforge-21.1.219.jar%23190!/:?]
	at TRANSFORMER/minecraft@1.21.1/net.minecraft.client.MouseHandler.onPress(MouseHandler.java:95) ~[neoforge-21.1.219.jar%23190!/:?]
	at TRANSFORMER/minecraft@1.21.1/net.minecraft.client.MouseHandler.lambda$setup$4(MouseHandler.java:207) ~[neoforge-21.1.219.jar%23190!/:?]
	at TRANSFORMER/minecraft@1.21.1/net.minecraft.util.thread.BlockableEventLoop.execute(BlockableEventLoop.java:98) ~[neoforge-21.1.219.jar%23190!/:?]
	at TRANSFORMER/minecraft@1.21.1/net.minecraft.client.MouseHandler.lambda$setup$5(MouseHandler.java:207) ~[neoforge-21.1.219.jar%23190!/:?]
	at MC-BOOTSTRAP/org.lwjgl.glfw@3.3.3+5/org.lwjgl.glfw.GLFWMouseButtonCallbackI.callback(GLFWMouseButtonCallbackI.java:43) ~[lwjgl-glfw-3.3.3.jar%23172!/:build 5]
	at MC-BOOTSTRAP/org.lwjgl@3.3.3+5/org.lwjgl.system.JNI.invokeV(Native Method) ~[lwjgl-3.3.3.jar%23183!/:build 5]
	at MC-BOOTSTRAP/org.lwjgl.glfw@3.3.3+5/org.lwjgl.glfw.GLFW.glfwWaitEventsTimeout(GLFW.java:3509) ~[lwjgl-glfw-3.3.3.jar%23172!/:build 5]
	at TRANSFORMER/minecraft@1.21.1/com.mojang.blaze3d.systems.RenderSystem.limitDisplayFPS(RenderSystem.java:162) ~[neoforge-21.1.219.jar%23190!/:?]
	at TRANSFORMER/minecraft@1.21.1/net.minecraft.client.Minecraft.runTick(Minecraft.java:1226) ~[neoforge-21.1.219.jar%23190!/:?]
	at TRANSFORMER/minecraft@1.21.1/net.minecraft.client.Minecraft.run(Minecraft.java:813) ~[neoforge-21.1.219.jar%23190!/:?]
	at TRANSFORMER/minecraft@1.21.1/net.minecraft.client.main.Main.main(Main.java:230) ~[neoforge-21.1.219.jar%23190!/:?]
	at java.base/jdk.internal.reflect.DirectMethodHandleAccessor.invoke(DirectMethodHandleAccessor.java:103) ~[?:?]
	at java.base/java.lang.reflect.Method.invoke(Method.java:580) ~[?:?]
	at MC-BOOTSTRAP/fml_loader@4.0.42/net.neoforged.fml.loading.targets.CommonLaunchHandler.runTarget(CommonLaunchHandler.java:136) ~[loader-4.0.42.jar%23146!/:4.0]
	at MC-BOOTSTRAP/fml_loader@4.0.42/net.neoforged.fml.loading.targets.CommonLaunchHandler.clientService(CommonLaunchHandler.java:124) ~[loader-4.0.42.jar%23146!/:4.0]
	at MC-BOOTSTRAP/fml_loader@4.0.42/net.neoforged.fml.loading.targets.NeoForgeClientDevLaunchHandler.runService(NeoForgeClientDevLaunchHandler.java:23) ~[loader-4.0.42.jar%23146!/:4.0]
	at MC-BOOTSTRAP/fml_loader@4.0.42/net.neoforged.fml.loading.targets.CommonLaunchHandler.lambda$launchService$4(CommonLaunchHandler.java:118) ~[loader-4.0.42.jar%23146!/:4.0]
	at MC-BOOTSTRAP/cpw.mods.modlauncher@11.0.5/cpw.mods.modlauncher.LaunchServiceHandlerDecorator.launch(LaunchServiceHandlerDecorator.java:30) [modlauncher-11.0.5.jar%23128!/:?]
	at MC-BOOTSTRAP/cpw.mods.modlauncher@11.0.5/cpw.mods.modlauncher.LaunchServiceHandler.launch(LaunchServiceHandler.java:53) [modlauncher-11.0.5.jar%23128!/:?]
	at MC-BOOTSTRAP/cpw.mods.modlauncher@11.0.5/cpw.mods.modlauncher.LaunchServiceHandler.launch(LaunchServiceHandler.java:71) [modlauncher-11.0.5.jar%23128!/:?]
	at MC-BOOTSTRAP/cpw.mods.modlauncher@11.0.5/cpw.mods.modlauncher.Launcher.run(Launcher.java:103) [modlauncher-11.0.5.jar%23128!/:?]
	at MC-BOOTSTRAP/cpw.mods.modlauncher@11.0.5/cpw.mods.modlauncher.Launcher.main(Launcher.java:74) [modlauncher-11.0.5.jar%23128!/:?]
	at MC-BOOTSTRAP/cpw.mods.modlauncher@11.0.5/cpw.mods.modlauncher.BootstrapLaunchConsumer.accept(BootstrapLaunchConsumer.java:26) [modlauncher-11.0.5.jar%23128!/:?]
	at MC-BOOTSTRAP/cpw.mods.modlauncher@11.0.5/cpw.mods.modlauncher.BootstrapLaunchConsumer.accept(BootstrapLaunchConsumer.java:23) [modlauncher-11.0.5.jar%23128!/:?]
	at cpw.mods.bootstraplauncher@2.0.2/cpw.mods.bootstraplauncher.BootstrapLauncher.run(BootstrapLauncher.java:210) [bootstraplauncher-2.0.2.jar:?]
	at cpw.mods.bootstraplauncher@2.0.2/cpw.mods.bootstraplauncher.BootstrapLauncher.main(BootstrapLauncher.java:69) [bootstraplauncher-2.0.2.jar:?]
	at java.base/jdk.internal.reflect.DirectMethodHandleAccessor.invoke(DirectMethodHandleAccessor.java:103) ~[?:?]
	at java.base/java.lang.reflect.Method.invoke(Method.java:580) ~[?:?]
	at net.neoforged.devlaunch.Main.main(Main.java:57) [DevLaunch-1.0.2.jar:?]
[304月2026 15:45:27.442] [Render thread/ERROR] [net.minecraft.world.item.crafting.RecipeManager/]: Parsing error loading recipe create:crushing/deepslate_gold_ore
com.google.gson.JsonParseException: Failed to parse either. First: No key amount in MapLike[{"chance":0.125,"item":"chemica:arsenic_dust"}]; No key id in MapLike[{"chance":0.125,"item":"chemica:arsenic_dust"}]; Second: Failed to parse either. First: No key id in MapLike[{"chance":0.125,"item":"chemica:arsenic_dust"}]; Second: Failed to parse either. First: Not a JSON object: "chemica:arsenic_dust"; Second: Compat cannot be deserialized; Failed to parse either. First: No key amount in MapLike[{"chance":0.125,"item":"minecraft:cobbled_deepslate"}]; No key id in MapLike[{"chance":0.125,"item":"minecraft:cobbled_deepslate"}]; Second: Failed to parse either. First: No key id in MapLike[{"chance":0.125,"item":"minecraft:cobbled_deepslate"}]; Second: Failed to parse either. First: Not a JSON object: "minecraft:cobbled_deepslate"; Second: Compat cannot be deserialized; Failed to parse either. First: No key amount in MapLike[{"chance":0.75,"count":2,"item":"create:experience_nugget"}]; No key id in MapLike[{"chance":0.75,"count":2,"item":"create:experience_nugget"}]; Second: Failed to parse either. First: No key id in MapLike[{"chance":0.75,"count":2,"item":"create:experience_nugget"}]; Second: Failed to parse either. First: Not a JSON object: "create:experience_nugget"; Second: Compat cannot be deserialized; Failed to parse either. First: No key amount in MapLike[{"chance":0.25,"item":"create:crushed_raw_gold"}]; No key id in MapLike[{"chance":0.25,"item":"create:crushed_raw_gold"}]; Second: Failed to parse either. First: No key id in MapLike[{"chance":0.25,"item":"create:crushed_raw_gold"}]; Second: Failed to parse either. First: Not a JSON object: "create:crushed_raw_gold"; Second: Compat cannot be deserialized; Failed to parse either. First: No key amount in MapLike[{"count":2,"item":"create:crushed_raw_gold"}]; No key id in MapLike[{"count":2,"item":"create:crushed_raw_gold"}]; Second: Failed to parse either. First: No key id in MapLike[{"count":2,"item":"create:crushed_raw_gold"}]; Second: Failed to parse either. First: Not a JSON object: "create:crushed_raw_gold"; Second: Compat cannot be deserialized
	at MC-BOOTSTRAP/datafixerupper@8.0.16/com.mojang.serialization.DataResult$Error.getOrThrow(DataResult.java:287) ~[datafixerupper-8.0.16.jar%23121!/:?]
	at TRANSFORMER/minecraft@1.21.1/net.minecraft.world.item.crafting.RecipeManager.apply(RecipeManager.java:60) ~[neoforge-21.1.219.jar%23190!/:?]
	at TRANSFORMER/minecraft@1.21.1/net.minecraft.world.item.crafting.RecipeManager.apply(RecipeManager.java:36) ~[neoforge-21.1.219.jar%23190!/:?]
	at TRANSFORMER/minecraft@1.21.1/net.minecraft.server.packs.resources.SimplePreparableReloadListener.lambda$reload$1(SimplePreparableReloadListener.java:19) ~[neoforge-21.1.219.jar%23190!/:?]
	at java.base/java.util.concurrent.CompletableFuture$UniAccept.tryFire(CompletableFuture.java:718) ~[?:?]
	at java.base/java.util.concurrent.CompletableFuture$Completion.run(CompletableFuture.java:482) ~[?:?]
	at TRANSFORMER/minecraft@1.21.1/net.minecraft.server.packs.resources.SimpleReloadInstance.lambda$new$3(SimpleReloadInstance.java:86) ~[neoforge-21.1.219.jar%23190!/:?]
	at TRANSFORMER/minecraft@1.21.1/net.minecraft.util.thread.BlockableEventLoop.doRunTask(BlockableEventLoop.java:151) ~[neoforge-21.1.219.jar%23190!/:?]
	at TRANSFORMER/minecraft@1.21.1/net.minecraft.util.thread.ReentrantBlockableEventLoop.doRunTask(ReentrantBlockableEventLoop.java:24) ~[neoforge-21.1.219.jar%23190!/:?]
	at TRANSFORMER/minecraft@1.21.1/net.minecraft.util.thread.BlockableEventLoop.pollTask(BlockableEventLoop.java:122) ~[neoforge-21.1.219.jar%23190!/:?]
	at TRANSFORMER/minecraft@1.21.1/net.minecraft.util.thread.BlockableEventLoop.managedBlock(BlockableEventLoop.java:135) ~[neoforge-21.1.219.jar%23190!/:?]
	at TRANSFORMER/minecraft@1.21.1/net.minecraft.client.gui.screens.worldselection.WorldOpenFlows.loadWorldDataBlocking(WorldOpenFlows.java:201) ~[neoforge-21.1.219.jar%23190!/:?]
	at TRANSFORMER/minecraft@1.21.1/net.minecraft.client.gui.screens.worldselection.WorldOpenFlows.loadWorldStem(WorldOpenFlows.java:142) ~[neoforge-21.1.219.jar%23190!/:?]
	at TRANSFORMER/minecraft@1.21.1/net.minecraft.client.gui.screens.worldselection.WorldOpenFlows.openWorldLoadLevelStem(WorldOpenFlows.java:346) ~[neoforge-21.1.219.jar%23190!/:?]
	at TRANSFORMER/minecraft@1.21.1/net.minecraft.client.gui.screens.worldselection.WorldOpenFlows.openWorldCheckVersionCompatibility(WorldOpenFlows.java:335) ~[neoforge-21.1.219.jar%23190!/:?]
	at TRANSFORMER/minecraft@1.21.1/net.minecraft.client.gui.screens.worldselection.WorldOpenFlows.openWorldLoadLevelData(WorldOpenFlows.java:297) ~[neoforge-21.1.219.jar%23190!/:?]
	at TRANSFORMER/minecraft@1.21.1/net.minecraft.client.gui.screens.worldselection.WorldOpenFlows.openWorld(WorldOpenFlows.java:261) ~[neoforge-21.1.219.jar%23190!/:?]
	at TRANSFORMER/minecraft@1.21.1/net.minecraft.client.gui.screens.worldselection.WorldSelectionList$WorldListEntry.joinWorld(WorldSelectionList.java:498) ~[neoforge-21.1.219.jar%23190!/:?]
	at TRANSFORMER/minecraft@1.21.1/net.minecraft.client.gui.screens.worldselection.WorldSelectionList$WorldListEntry.mouseClicked(WorldSelectionList.java:481) ~[neoforge-21.1.219.jar%23190!/:?]
	at TRANSFORMER/minecraft@1.21.1/net.minecraft.client.gui.components.AbstractSelectionList.mouseClicked(AbstractSelectionList.java:303) ~[neoforge-21.1.219.jar%23190!/:?]
	at TRANSFORMER/minecraft@1.21.1/net.minecraft.client.gui.components.events.ContainerEventHandler.mouseClicked(ContainerEventHandler.java:43) ~[neoforge-21.1.219.jar%23190!/:?]
	at TRANSFORMER/minecraft@1.21.1/net.minecraft.client.MouseHandler.lambda$onPress$0(MouseHandler.java:98) ~[neoforge-21.1.219.jar%23190!/:?]
	at TRANSFORMER/minecraft@1.21.1/net.minecraft.client.gui.screens.Screen.wrapScreenError(Screen.java:451) ~[neoforge-21.1.219.jar%23190!/:?]
	at TRANSFORMER/minecraft@1.21.1/net.minecraft.client.MouseHandler.onPress(MouseHandler.java:95) ~[neoforge-21.1.219.jar%23190!/:?]
	at TRANSFORMER/minecraft@1.21.1/net.minecraft.client.MouseHandler.lambda$setup$4(MouseHandler.java:207) ~[neoforge-21.1.219.jar%23190!/:?]
	at TRANSFORMER/minecraft@1.21.1/net.minecraft.util.thread.BlockableEventLoop.execute(BlockableEventLoop.java:98) ~[neoforge-21.1.219.jar%23190!/:?]
	at TRANSFORMER/minecraft@1.21.1/net.minecraft.client.MouseHandler.lambda$setup$5(MouseHandler.java:207) ~[neoforge-21.1.219.jar%23190!/:?]
	at MC-BOOTSTRAP/org.lwjgl.glfw@3.3.3+5/org.lwjgl.glfw.GLFWMouseButtonCallbackI.callback(GLFWMouseButtonCallbackI.java:43) ~[lwjgl-glfw-3.3.3.jar%23172!/:build 5]
	at MC-BOOTSTRAP/org.lwjgl@3.3.3+5/org.lwjgl.system.JNI.invokeV(Native Method) ~[lwjgl-3.3.3.jar%23183!/:build 5]
	at MC-BOOTSTRAP/org.lwjgl.glfw@3.3.3+5/org.lwjgl.glfw.GLFW.glfwWaitEventsTimeout(GLFW.java:3509) ~[lwjgl-glfw-3.3.3.jar%23172!/:build 5]
	at TRANSFORMER/minecraft@1.21.1/com.mojang.blaze3d.systems.RenderSystem.limitDisplayFPS(RenderSystem.java:162) ~[neoforge-21.1.219.jar%23190!/:?]
	at TRANSFORMER/minecraft@1.21.1/net.minecraft.client.Minecraft.runTick(Minecraft.java:1226) ~[neoforge-21.1.219.jar%23190!/:?]
	at TRANSFORMER/minecraft@1.21.1/net.minecraft.client.Minecraft.run(Minecraft.java:813) ~[neoforge-21.1.219.jar%23190!/:?]
	at TRANSFORMER/minecraft@1.21.1/net.minecraft.client.main.Main.main(Main.java:230) ~[neoforge-21.1.219.jar%23190!/:?]
	at java.base/jdk.internal.reflect.DirectMethodHandleAccessor.invoke(DirectMethodHandleAccessor.java:103) ~[?:?]
	at java.base/java.lang.reflect.Method.invoke(Method.java:580) ~[?:?]
	at MC-BOOTSTRAP/fml_loader@4.0.42/net.neoforged.fml.loading.targets.CommonLaunchHandler.runTarget(CommonLaunchHandler.java:136) ~[loader-4.0.42.jar%23146!/:4.0]
	at MC-BOOTSTRAP/fml_loader@4.0.42/net.neoforged.fml.loading.targets.CommonLaunchHandler.clientService(CommonLaunchHandler.java:124) ~[loader-4.0.42.jar%23146!/:4.0]
	at MC-BOOTSTRAP/fml_loader@4.0.42/net.neoforged.fml.loading.targets.NeoForgeClientDevLaunchHandler.runService(NeoForgeClientDevLaunchHandler.java:23) ~[loader-4.0.42.jar%23146!/:4.0]
	at MC-BOOTSTRAP/fml_loader@4.0.42/net.neoforged.fml.loading.targets.CommonLaunchHandler.lambda$launchService$4(CommonLaunchHandler.java:118) ~[loader-4.0.42.jar%23146!/:4.0]
	at MC-BOOTSTRAP/cpw.mods.modlauncher@11.0.5/cpw.mods.modlauncher.LaunchServiceHandlerDecorator.launch(LaunchServiceHandlerDecorator.java:30) [modlauncher-11.0.5.jar%23128!/:?]
	at MC-BOOTSTRAP/cpw.mods.modlauncher@11.0.5/cpw.mods.modlauncher.LaunchServiceHandler.launch(LaunchServiceHandler.java:53) [modlauncher-11.0.5.jar%23128!/:?]
	at MC-BOOTSTRAP/cpw.mods.modlauncher@11.0.5/cpw.mods.modlauncher.LaunchServiceHandler.launch(LaunchServiceHandler.java:71) [modlauncher-11.0.5.jar%23128!/:?]
	at MC-BOOTSTRAP/cpw.mods.modlauncher@11.0.5/cpw.mods.modlauncher.Launcher.run(Launcher.java:103) [modlauncher-11.0.5.jar%23128!/:?]
	at MC-BOOTSTRAP/cpw.mods.modlauncher@11.0.5/cpw.mods.modlauncher.Launcher.main(Launcher.java:74) [modlauncher-11.0.5.jar%23128!/:?]
	at MC-BOOTSTRAP/cpw.mods.modlauncher@11.0.5/cpw.mods.modlauncher.BootstrapLaunchConsumer.accept(BootstrapLaunchConsumer.java:26) [modlauncher-11.0.5.jar%23128!/:?]
	at MC-BOOTSTRAP/cpw.mods.modlauncher@11.0.5/cpw.mods.modlauncher.BootstrapLaunchConsumer.accept(BootstrapLaunchConsumer.java:23) [modlauncher-11.0.5.jar%23128!/:?]
	at cpw.mods.bootstraplauncher@2.0.2/cpw.mods.bootstraplauncher.BootstrapLauncher.run(BootstrapLauncher.java:210) [bootstraplauncher-2.0.2.jar:?]
	at cpw.mods.bootstraplauncher@2.0.2/cpw.mods.bootstraplauncher.BootstrapLauncher.main(BootstrapLauncher.java:69) [bootstraplauncher-2.0.2.jar:?]
	at java.base/jdk.internal.reflect.DirectMethodHandleAccessor.invoke(DirectMethodHandleAccessor.java:103) ~[?:?]
	at java.base/java.lang.reflect.Method.invoke(Method.java:580) ~[?:?]
	at net.neoforged.devlaunch.Main.main(Main.java:57) [DevLaunch-1.0.2.jar:?]
[304月2026 15:45:27.454] [Render thread/ERROR] [net.minecraft.world.item.crafting.RecipeManager/]: Parsing error loading recipe create:crushing/nickel_ore
com.google.gson.JsonParseException: Failed to parse either. First: No key amount in MapLike[{"chance":0.11,"item":"chemica:cobalt_dust"}]; No key id in MapLike[{"chance":0.11,"item":"chemica:cobalt_dust"}]; Second: Failed to parse either. First: No key id in MapLike[{"chance":0.11,"item":"chemica:cobalt_dust"}]; Second: Failed to parse either. First: Not a JSON object: "chemica:cobalt_dust"; Second: Compat cannot be deserialized; Failed to parse either. First: No key amount in MapLike[{"count":1,"item":"create:crushed_raw_nickel"}]; No key id in MapLike[{"count":1,"item":"create:crushed_raw_nickel"}]; Second: Failed to parse either. First: No key id in MapLike[{"count":1,"item":"create:crushed_raw_nickel"}]; Second: Failed to parse either. First: Not a JSON object: "create:crushed_raw_nickel"; Second: Compat cannot be deserialized
	at MC-BOOTSTRAP/datafixerupper@8.0.16/com.mojang.serialization.DataResult$Error.getOrThrow(DataResult.java:287) ~[datafixerupper-8.0.16.jar%23121!/:?]
	at TRANSFORMER/minecraft@1.21.1/net.minecraft.world.item.crafting.RecipeManager.apply(RecipeManager.java:60) ~[neoforge-21.1.219.jar%23190!/:?]
	at TRANSFORMER/minecraft@1.21.1/net.minecraft.world.item.crafting.RecipeManager.apply(RecipeManager.java:36) ~[neoforge-21.1.219.jar%23190!/:?]
	at TRANSFORMER/minecraft@1.21.1/net.minecraft.server.packs.resources.SimplePreparableReloadListener.lambda$reload$1(SimplePreparableReloadListener.java:19) ~[neoforge-21.1.219.jar%23190!/:?]
	at java.base/java.util.concurrent.CompletableFuture$UniAccept.tryFire(CompletableFuture.java:718) ~[?:?]
	at java.base/java.util.concurrent.CompletableFuture$Completion.run(CompletableFuture.java:482) ~[?:?]
	at TRANSFORMER/minecraft@1.21.1/net.minecraft.server.packs.resources.SimpleReloadInstance.lambda$new$3(SimpleReloadInstance.java:86) ~[neoforge-21.1.219.jar%23190!/:?]
	at TRANSFORMER/minecraft@1.21.1/net.minecraft.util.thread.BlockableEventLoop.doRunTask(BlockableEventLoop.java:151) ~[neoforge-21.1.219.jar%23190!/:?]
	at TRANSFORMER/minecraft@1.21.1/net.minecraft.util.thread.ReentrantBlockableEventLoop.doRunTask(ReentrantBlockableEventLoop.java:24) ~[neoforge-21.1.219.jar%23190!/:?]
	at TRANSFORMER/minecraft@1.21.1/net.minecraft.util.thread.BlockableEventLoop.pollTask(BlockableEventLoop.java:122) ~[neoforge-21.1.219.jar%23190!/:?]
	at TRANSFORMER/minecraft@1.21.1/net.minecraft.util.thread.BlockableEventLoop.managedBlock(BlockableEventLoop.java:135) ~[neoforge-21.1.219.jar%23190!/:?]
	at TRANSFORMER/minecraft@1.21.1/net.minecraft.client.gui.screens.worldselection.WorldOpenFlows.loadWorldDataBlocking(WorldOpenFlows.java:201) ~[neoforge-21.1.219.jar%23190!/:?]
	at TRANSFORMER/minecraft@1.21.1/net.minecraft.client.gui.screens.worldselection.WorldOpenFlows.loadWorldStem(WorldOpenFlows.java:142) ~[neoforge-21.1.219.jar%23190!/:?]
	at TRANSFORMER/minecraft@1.21.1/net.minecraft.client.gui.screens.worldselection.WorldOpenFlows.openWorldLoadLevelStem(WorldOpenFlows.java:346) ~[neoforge-21.1.219.jar%23190!/:?]
	at TRANSFORMER/minecraft@1.21.1/net.minecraft.client.gui.screens.worldselection.WorldOpenFlows.openWorldCheckVersionCompatibility(WorldOpenFlows.java:335) ~[neoforge-21.1.219.jar%23190!/:?]
	at TRANSFORMER/minecraft@1.21.1/net.minecraft.client.gui.screens.worldselection.WorldOpenFlows.openWorldLoadLevelData(WorldOpenFlows.java:297) ~[neoforge-21.1.219.jar%23190!/:?]
	at TRANSFORMER/minecraft@1.21.1/net.minecraft.client.gui.screens.worldselection.WorldOpenFlows.openWorld(WorldOpenFlows.java:261) ~[neoforge-21.1.219.jar%23190!/:?]
	at TRANSFORMER/minecraft@1.21.1/net.minecraft.client.gui.screens.worldselection.WorldSelectionList$WorldListEntry.joinWorld(WorldSelectionList.java:498) ~[neoforge-21.1.219.jar%23190!/:?]
	at TRANSFORMER/minecraft@1.21.1/net.minecraft.client.gui.screens.worldselection.WorldSelectionList$WorldListEntry.mouseClicked(WorldSelectionList.java:481) ~[neoforge-21.1.219.jar%23190!/:?]
	at TRANSFORMER/minecraft@1.21.1/net.minecraft.client.gui.components.AbstractSelectionList.mouseClicked(AbstractSelectionList.java:303) ~[neoforge-21.1.219.jar%23190!/:?]
	at TRANSFORMER/minecraft@1.21.1/net.minecraft.client.gui.components.events.ContainerEventHandler.mouseClicked(ContainerEventHandler.java:43) ~[neoforge-21.1.219.jar%23190!/:?]
	at TRANSFORMER/minecraft@1.21.1/net.minecraft.client.MouseHandler.lambda$onPress$0(MouseHandler.java:98) ~[neoforge-21.1.219.jar%23190!/:?]
	at TRANSFORMER/minecraft@1.21.1/net.minecraft.client.gui.screens.Screen.wrapScreenError(Screen.java:451) ~[neoforge-21.1.219.jar%23190!/:?]
	at TRANSFORMER/minecraft@1.21.1/net.minecraft.client.MouseHandler.onPress(MouseHandler.java:95) ~[neoforge-21.1.219.jar%23190!/:?]
	at TRANSFORMER/minecraft@1.21.1/net.minecraft.client.MouseHandler.lambda$setup$4(MouseHandler.java:207) ~[neoforge-21.1.219.jar%23190!/:?]
	at TRANSFORMER/minecraft@1.21.1/net.minecraft.util.thread.BlockableEventLoop.execute(BlockableEventLoop.java:98) ~[neoforge-21.1.219.jar%23190!/:?]
	at TRANSFORMER/minecraft@1.21.1/net.minecraft.client.MouseHandler.lambda$setup$5(MouseHandler.java:207) ~[neoforge-21.1.219.jar%23190!/:?]
	at MC-BOOTSTRAP/org.lwjgl.glfw@3.3.3+5/org.lwjgl.glfw.GLFWMouseButtonCallbackI.callback(GLFWMouseButtonCallbackI.java:43) ~[lwjgl-glfw-3.3.3.jar%23172!/:build 5]
	at MC-BOOTSTRAP/org.lwjgl@3.3.3+5/org.lwjgl.system.JNI.invokeV(Native Method) ~[lwjgl-3.3.3.jar%23183!/:build 5]
	at MC-BOOTSTRAP/org.lwjgl.glfw@3.3.3+5/org.lwjgl.glfw.GLFW.glfwWaitEventsTimeout(GLFW.java:3509) ~[lwjgl-glfw-3.3.3.jar%23172!/:build 5]
	at TRANSFORMER/minecraft@1.21.1/com.mojang.blaze3d.systems.RenderSystem.limitDisplayFPS(RenderSystem.java:162) ~[neoforge-21.1.219.jar%23190!/:?]
	at TRANSFORMER/minecraft@1.21.1/net.minecraft.client.Minecraft.runTick(Minecraft.java:1226) ~[neoforge-21.1.219.jar%23190!/:?]
	at TRANSFORMER/minecraft@1.21.1/net.minecraft.client.Minecraft.run(Minecraft.java:813) ~[neoforge-21.1.219.jar%23190!/:?]
	at TRANSFORMER/minecraft@1.21.1/net.minecraft.client.main.Main.main(Main.java:230) ~[neoforge-21.1.219.jar%23190!/:?]
	at java.base/jdk.internal.reflect.DirectMethodHandleAccessor.invoke(DirectMethodHandleAccessor.java:103) ~[?:?]
	at java.base/java.lang.reflect.Method.invoke(Method.java:580) ~[?:?]
	at MC-BOOTSTRAP/fml_loader@4.0.42/net.neoforged.fml.loading.targets.CommonLaunchHandler.runTarget(CommonLaunchHandler.java:136) ~[loader-4.0.42.jar%23146!/:4.0]
	at MC-BOOTSTRAP/fml_loader@4.0.42/net.neoforged.fml.loading.targets.CommonLaunchHandler.clientService(CommonLaunchHandler.java:124) ~[loader-4.0.42.jar%23146!/:4.0]
	at MC-BOOTSTRAP/fml_loader@4.0.42/net.neoforged.fml.loading.targets.NeoForgeClientDevLaunchHandler.runService(NeoForgeClientDevLaunchHandler.java:23) ~[loader-4.0.42.jar%23146!/:4.0]
	at MC-BOOTSTRAP/fml_loader@4.0.42/net.neoforged.fml.loading.targets.CommonLaunchHandler.lambda$launchService$4(CommonLaunchHandler.java:118) ~[loader-4.0.42.jar%23146!/:4.0]
	at MC-BOOTSTRAP/cpw.mods.modlauncher@11.0.5/cpw.mods.modlauncher.LaunchServiceHandlerDecorator.launch(LaunchServiceHandlerDecorator.java:30) [modlauncher-11.0.5.jar%23128!/:?]
	at MC-BOOTSTRAP/cpw.mods.modlauncher@11.0.5/cpw.mods.modlauncher.LaunchServiceHandler.launch(LaunchServiceHandler.java:53) [modlauncher-11.0.5.jar%23128!/:?]
	at MC-BOOTSTRAP/cpw.mods.modlauncher@11.0.5/cpw.mods.modlauncher.LaunchServiceHandler.launch(LaunchServiceHandler.java:71) [modlauncher-11.0.5.jar%23128!/:?]
	at MC-BOOTSTRAP/cpw.mods.modlauncher@11.0.5/cpw.mods.modlauncher.Launcher.run(Launcher.java:103) [modlauncher-11.0.5.jar%23128!/:?]
	at MC-BOOTSTRAP/cpw.mods.modlauncher@11.0.5/cpw.mods.modlauncher.Launcher.main(Launcher.java:74) [modlauncher-11.0.5.jar%23128!/:?]
	at MC-BOOTSTRAP/cpw.mods.modlauncher@11.0.5/cpw.mods.modlauncher.BootstrapLaunchConsumer.accept(BootstrapLaunchConsumer.java:26) [modlauncher-11.0.5.jar%23128!/:?]
	at MC-BOOTSTRAP/cpw.mods.modlauncher@11.0.5/cpw.mods.modlauncher.BootstrapLaunchConsumer.accept(BootstrapLaunchConsumer.java:23) [modlauncher-11.0.5.jar%23128!/:?]
	at cpw.mods.bootstraplauncher@2.0.2/cpw.mods.bootstraplauncher.BootstrapLauncher.run(BootstrapLauncher.java:210) [bootstraplauncher-2.0.2.jar:?]
	at cpw.mods.bootstraplauncher@2.0.2/cpw.mods.bootstraplauncher.BootstrapLauncher.main(BootstrapLauncher.java:69) [bootstraplauncher-2.0.2.jar:?]
	at java.base/jdk.internal.reflect.DirectMethodHandleAccessor.invoke(DirectMethodHandleAccessor.java:103) ~[?:?]
	at java.base/java.lang.reflect.Method.invoke(Method.java:580) ~[?:?]
	at net.neoforged.devlaunch.Main.main(Main.java:57) [DevLaunch-1.0.2.jar:?]
[304月2026 15:45:27.466] [Render thread/ERROR] [net.minecraft.world.item.crafting.RecipeManager/]: Parsing error loading recipe create:crushing/redstone_ore
com.google.gson.JsonParseException: Failed to parse either. First: No key amount in MapLike[{"chance":0.5,"item":"chemica:sulfur_dust"}]; No key id in MapLike[{"chance":0.5,"item":"chemica:sulfur_dust"}]; Second: Failed to parse either. First: No key id in MapLike[{"chance":0.5,"item":"chemica:sulfur_dust"}]; Second: Failed to parse either. First: Not a JSON object: "chemica:sulfur_dust"; Second: Compat cannot be deserialized; Failed to parse either. First: No key amount in MapLike[{"chance":0.125,"item":"minecraft:cobblestone"}]; No key id in MapLike[{"chance":0.125,"item":"minecraft:cobblestone"}]; Second: Failed to parse either. First: No key id in MapLike[{"chance":0.125,"item":"minecraft:cobblestone"}]; Second: Failed to parse either. First: Not a JSON object: "minecraft:cobblestone"; Second: Compat cannot be deserialized; Failed to parse either. First: No key amount in MapLike[{"chance":0.75,"item":"create:experience_nugget"}]; No key id in MapLike[{"chance":0.75,"item":"create:experience_nugget"}]; Second: Failed to parse either. First: No key id in MapLike[{"chance":0.75,"item":"create:experience_nugget"}]; Second: Failed to parse either. First: Not a JSON object: "create:experience_nugget"; Second: Compat cannot be deserialized; Failed to parse either. First: No key amount in MapLike[{"chance":0.50,"item":"minecraft:redstone"}]; No key id in MapLike[{"chance":0.50,"item":"minecraft:redstone"}]; Second: Failed to parse either. First: No key id in MapLike[{"chance":0.50,"item":"minecraft:redstone"}]; Second: Failed to parse either. First: Not a JSON object: "minecraft:redstone"; Second: Compat cannot be deserialized; Failed to parse either. First: No key amount in MapLike[{"count":6,"item":"minecraft:redstone"}]; No key id in MapLike[{"count":6,"item":"minecraft:redstone"}]; Second: Failed to parse either. First: No key id in MapLike[{"count":6,"item":"minecraft:redstone"}]; Second: Failed to parse either. First: Not a JSON object: "minecraft:redstone"; Second: Compat cannot be deserialized
	at MC-BOOTSTRAP/datafixerupper@8.0.16/com.mojang.serialization.DataResult$Error.getOrThrow(DataResult.java:287) ~[datafixerupper-8.0.16.jar%23121!/:?]
	at TRANSFORMER/minecraft@1.21.1/net.minecraft.world.item.crafting.RecipeManager.apply(RecipeManager.java:60) ~[neoforge-21.1.219.jar%23190!/:?]
	at TRANSFORMER/minecraft@1.21.1/net.minecraft.world.item.crafting.RecipeManager.apply(RecipeManager.java:36) ~[neoforge-21.1.219.jar%23190!/:?]
	at TRANSFORMER/minecraft@1.21.1/net.minecraft.server.packs.resources.SimplePreparableReloadListener.lambda$reload$1(SimplePreparableReloadListener.java:19) ~[neoforge-21.1.219.jar%23190!/:?]
	at java.base/java.util.concurrent.CompletableFuture$UniAccept.tryFire(CompletableFuture.java:718) ~[?:?]
	at java.base/java.util.concurrent.CompletableFuture$Completion.run(CompletableFuture.java:482) ~[?:?]
	at TRANSFORMER/minecraft@1.21.1/net.minecraft.server.packs.resources.SimpleReloadInstance.lambda$new$3(SimpleReloadInstance.java:86) ~[neoforge-21.1.219.jar%23190!/:?]
	at TRANSFORMER/minecraft@1.21.1/net.minecraft.util.thread.BlockableEventLoop.doRunTask(BlockableEventLoop.java:151) ~[neoforge-21.1.219.jar%23190!/:?]
	at TRANSFORMER/minecraft@1.21.1/net.minecraft.util.thread.ReentrantBlockableEventLoop.doRunTask(ReentrantBlockableEventLoop.java:24) ~[neoforge-21.1.219.jar%23190!/:?]
	at TRANSFORMER/minecraft@1.21.1/net.minecraft.util.thread.BlockableEventLoop.pollTask(BlockableEventLoop.java:122) ~[neoforge-21.1.219.jar%23190!/:?]
	at TRANSFORMER/minecraft@1.21.1/net.minecraft.util.thread.BlockableEventLoop.managedBlock(BlockableEventLoop.java:135) ~[neoforge-21.1.219.jar%23190!/:?]
	at TRANSFORMER/minecraft@1.21.1/net.minecraft.client.gui.screens.worldselection.WorldOpenFlows.loadWorldDataBlocking(WorldOpenFlows.java:201) ~[neoforge-21.1.219.jar%23190!/:?]
	at TRANSFORMER/minecraft@1.21.1/net.minecraft.client.gui.screens.worldselection.WorldOpenFlows.loadWorldStem(WorldOpenFlows.java:142) ~[neoforge-21.1.219.jar%23190!/:?]
	at TRANSFORMER/minecraft@1.21.1/net.minecraft.client.gui.screens.worldselection.WorldOpenFlows.openWorldLoadLevelStem(WorldOpenFlows.java:346) ~[neoforge-21.1.219.jar%23190!/:?]
	at TRANSFORMER/minecraft@1.21.1/net.minecraft.client.gui.screens.worldselection.WorldOpenFlows.openWorldCheckVersionCompatibility(WorldOpenFlows.java:335) ~[neoforge-21.1.219.jar%23190!/:?]
	at TRANSFORMER/minecraft@1.21.1/net.minecraft.client.gui.screens.worldselection.WorldOpenFlows.openWorldLoadLevelData(WorldOpenFlows.java:297) ~[neoforge-21.1.219.jar%23190!/:?]
	at TRANSFORMER/minecraft@1.21.1/net.minecraft.client.gui.screens.worldselection.WorldOpenFlows.openWorld(WorldOpenFlows.java:261) ~[neoforge-21.1.219.jar%23190!/:?]
	at TRANSFORMER/minecraft@1.21.1/net.minecraft.client.gui.screens.worldselection.WorldSelectionList$WorldListEntry.joinWorld(WorldSelectionList.java:498) ~[neoforge-21.1.219.jar%23190!/:?]
	at TRANSFORMER/minecraft@1.21.1/net.minecraft.client.gui.screens.worldselection.WorldSelectionList$WorldListEntry.mouseClicked(WorldSelectionList.java:481) ~[neoforge-21.1.219.jar%23190!/:?]
	at TRANSFORMER/minecraft@1.21.1/net.minecraft.client.gui.components.AbstractSelectionList.mouseClicked(AbstractSelectionList.java:303) ~[neoforge-21.1.219.jar%23190!/:?]
	at TRANSFORMER/minecraft@1.21.1/net.minecraft.client.gui.components.events.ContainerEventHandler.mouseClicked(ContainerEventHandler.java:43) ~[neoforge-21.1.219.jar%23190!/:?]
	at TRANSFORMER/minecraft@1.21.1/net.minecraft.client.MouseHandler.lambda$onPress$0(MouseHandler.java:98) ~[neoforge-21.1.219.jar%23190!/:?]
	at TRANSFORMER/minecraft@1.21.1/net.minecraft.client.gui.screens.Screen.wrapScreenError(Screen.java:451) ~[neoforge-21.1.219.jar%23190!/:?]
	at TRANSFORMER/minecraft@1.21.1/net.minecraft.client.MouseHandler.onPress(MouseHandler.java:95) ~[neoforge-21.1.219.jar%23190!/:?]
	at TRANSFORMER/minecraft@1.21.1/net.minecraft.client.MouseHandler.lambda$setup$4(MouseHandler.java:207) ~[neoforge-21.1.219.jar%23190!/:?]
	at TRANSFORMER/minecraft@1.21.1/net.minecraft.util.thread.BlockableEventLoop.execute(BlockableEventLoop.java:98) ~[neoforge-21.1.219.jar%23190!/:?]
	at TRANSFORMER/minecraft@1.21.1/net.minecraft.client.MouseHandler.lambda$setup$5(MouseHandler.java:207) ~[neoforge-21.1.219.jar%23190!/:?]
	at MC-BOOTSTRAP/org.lwjgl.glfw@3.3.3+5/org.lwjgl.glfw.GLFWMouseButtonCallbackI.callback(GLFWMouseButtonCallbackI.java:43) ~[lwjgl-glfw-3.3.3.jar%23172!/:build 5]
	at MC-BOOTSTRAP/org.lwjgl@3.3.3+5/org.lwjgl.system.JNI.invokeV(Native Method) ~[lwjgl-3.3.3.jar%23183!/:build 5]
	at MC-BOOTSTRAP/org.lwjgl.glfw@3.3.3+5/org.lwjgl.glfw.GLFW.glfwWaitEventsTimeout(GLFW.java:3509) ~[lwjgl-glfw-3.3.3.jar%23172!/:build 5]
	at TRANSFORMER/minecraft@1.21.1/com.mojang.blaze3d.systems.RenderSystem.limitDisplayFPS(RenderSystem.java:162) ~[neoforge-21.1.219.jar%23190!/:?]
	at TRANSFORMER/minecraft@1.21.1/net.minecraft.client.Minecraft.runTick(Minecraft.java:1226) ~[neoforge-21.1.219.jar%23190!/:?]
	at TRANSFORMER/minecraft@1.21.1/net.minecraft.client.Minecraft.run(Minecraft.java:813) ~[neoforge-21.1.219.jar%23190!/:?]
	at TRANSFORMER/minecraft@1.21.1/net.minecraft.client.main.Main.main(Main.java:230) ~[neoforge-21.1.219.jar%23190!/:?]
	at java.base/jdk.internal.reflect.DirectMethodHandleAccessor.invoke(DirectMethodHandleAccessor.java:103) ~[?:?]
	at java.base/java.lang.reflect.Method.invoke(Method.java:580) ~[?:?]
	at MC-BOOTSTRAP/fml_loader@4.0.42/net.neoforged.fml.loading.targets.CommonLaunchHandler.runTarget(CommonLaunchHandler.java:136) ~[loader-4.0.42.jar%23146!/:4.0]
	at MC-BOOTSTRAP/fml_loader@4.0.42/net.neoforged.fml.loading.targets.CommonLaunchHandler.clientService(CommonLaunchHandler.java:124) ~[loader-4.0.42.jar%23146!/:4.0]
	at MC-BOOTSTRAP/fml_loader@4.0.42/net.neoforged.fml.loading.targets.NeoForgeClientDevLaunchHandler.runService(NeoForgeClientDevLaunchHandler.java:23) ~[loader-4.0.42.jar%23146!/:4.0]
	at MC-BOOTSTRAP/fml_loader@4.0.42/net.neoforged.fml.loading.targets.CommonLaunchHandler.lambda$launchService$4(CommonLaunchHandler.java:118) ~[loader-4.0.42.jar%23146!/:4.0]
	at MC-BOOTSTRAP/cpw.mods.modlauncher@11.0.5/cpw.mods.modlauncher.LaunchServiceHandlerDecorator.launch(LaunchServiceHandlerDecorator.java:30) [modlauncher-11.0.5.jar%23128!/:?]
	at MC-BOOTSTRAP/cpw.mods.modlauncher@11.0.5/cpw.mods.modlauncher.LaunchServiceHandler.launch(LaunchServiceHandler.java:53) [modlauncher-11.0.5.jar%23128!/:?]
	at MC-BOOTSTRAP/cpw.mods.modlauncher@11.0.5/cpw.mods.modlauncher.LaunchServiceHandler.launch(LaunchServiceHandler.java:71) [modlauncher-11.0.5.jar%23128!/:?]
	at MC-BOOTSTRAP/cpw.mods.modlauncher@11.0.5/cpw.mods.modlauncher.Launcher.run(Launcher.java:103) [modlauncher-11.0.5.jar%23128!/:?]
	at MC-BOOTSTRAP/cpw.mods.modlauncher@11.0.5/cpw.mods.modlauncher.Launcher.main(Launcher.java:74) [modlauncher-11.0.5.jar%23128!/:?]
	at MC-BOOTSTRAP/cpw.mods.modlauncher@11.0.5/cpw.mods.modlauncher.BootstrapLaunchConsumer.accept(BootstrapLaunchConsumer.java:26) [modlauncher-11.0.5.jar%23128!/:?]
	at MC-BOOTSTRAP/cpw.mods.modlauncher@11.0.5/cpw.mods.modlauncher.BootstrapLaunchConsumer.accept(BootstrapLaunchConsumer.java:23) [modlauncher-11.0.5.jar%23128!/:?]
	at cpw.mods.bootstraplauncher@2.0.2/cpw.mods.bootstraplauncher.BootstrapLauncher.run(BootstrapLauncher.java:210) [bootstraplauncher-2.0.2.jar:?]
	at cpw.mods.bootstraplauncher@2.0.2/cpw.mods.bootstraplauncher.BootstrapLauncher.main(BootstrapLauncher.java:69) [bootstraplauncher-2.0.2.jar:?]
	at java.base/jdk.internal.reflect.DirectMethodHandleAccessor.invoke(DirectMethodHandleAccessor.java:103) ~[?:?]
	at java.base/java.lang.reflect.Method.invoke(Method.java:580) ~[?:?]
	at net.neoforged.devlaunch.Main.main(Main.java:57) [DevLaunch-1.0.2.jar:?]
[304月2026 15:45:27.468] [Render thread/ERROR] [net.minecraft.world.item.crafting.RecipeManager/]: Parsing error loading recipe create:crushing/lead_ore
com.google.gson.JsonParseException: Failed to parse either. First: No key amount in MapLike[{"chance":0.075,"item":"chemica:silver_dust"}]; No key id in MapLike[{"chance":0.075,"item":"chemica:silver_dust"}]; Second: Failed to parse either. First: No key id in MapLike[{"chance":0.075,"item":"chemica:silver_dust"}]; Second: Failed to parse either. First: Not a JSON object: "chemica:silver_dust"; Second: Compat cannot be deserialized; Failed to parse either. First: No key amount in MapLike[{"chance":0.75,"item":"create:experience_nugget"}]; No key id in MapLike[{"chance":0.75,"item":"create:experience_nugget"}]; Second: Failed to parse either. First: No key id in MapLike[{"chance":0.75,"item":"create:experience_nugget"}]; Second: Failed to parse either. First: Not a JSON object: "create:experience_nugget"; Second: Compat cannot be deserialized; Failed to parse either. First: No key amount in MapLike[{"chance":0.75,"item":"create:crushed_raw_lead"}]; No key id in MapLike[{"chance":0.75,"item":"create:crushed_raw_lead"}]; Second: Failed to parse either. First: No key id in MapLike[{"chance":0.75,"item":"create:crushed_raw_lead"}]; Second: Failed to parse either. First: Not a JSON object: "create:crushed_raw_lead"; Second: Compat cannot be deserialized; Failed to parse either. First: No key amount in MapLike[{"item":"create:crushed_raw_lead"}]; No key id in MapLike[{"item":"create:crushed_raw_lead"}]; Second: Failed to parse either. First: No key id in MapLike[{"item":"create:crushed_raw_lead"}]; Second: Failed to parse either. First: Not a JSON object: "create:crushed_raw_lead"; Second: Compat cannot be deserialized
	at MC-BOOTSTRAP/datafixerupper@8.0.16/com.mojang.serialization.DataResult$Error.getOrThrow(DataResult.java:287) ~[datafixerupper-8.0.16.jar%23121!/:?]
	at TRANSFORMER/minecraft@1.21.1/net.minecraft.world.item.crafting.RecipeManager.apply(RecipeManager.java:60) ~[neoforge-21.1.219.jar%23190!/:?]
	at TRANSFORMER/minecraft@1.21.1/net.minecraft.world.item.crafting.RecipeManager.apply(RecipeManager.java:36) ~[neoforge-21.1.219.jar%23190!/:?]
	at TRANSFORMER/minecraft@1.21.1/net.minecraft.server.packs.resources.SimplePreparableReloadListener.lambda$reload$1(SimplePreparableReloadListener.java:19) ~[neoforge-21.1.219.jar%23190!/:?]
	at java.base/java.util.concurrent.CompletableFuture$UniAccept.tryFire(CompletableFuture.java:718) ~[?:?]
	at java.base/java.util.concurrent.CompletableFuture$Completion.run(CompletableFuture.java:482) ~[?:?]
	at TRANSFORMER/minecraft@1.21.1/net.minecraft.server.packs.resources.SimpleReloadInstance.lambda$new$3(SimpleReloadInstance.java:86) ~[neoforge-21.1.219.jar%23190!/:?]
	at TRANSFORMER/minecraft@1.21.1/net.minecraft.util.thread.BlockableEventLoop.doRunTask(BlockableEventLoop.java:151) ~[neoforge-21.1.219.jar%23190!/:?]
	at TRANSFORMER/minecraft@1.21.1/net.minecraft.util.thread.ReentrantBlockableEventLoop.doRunTask(ReentrantBlockableEventLoop.java:24) ~[neoforge-21.1.219.jar%23190!/:?]
	at TRANSFORMER/minecraft@1.21.1/net.minecraft.util.thread.BlockableEventLoop.pollTask(BlockableEventLoop.java:122) ~[neoforge-21.1.219.jar%23190!/:?]
	at TRANSFORMER/minecraft@1.21.1/net.minecraft.util.thread.BlockableEventLoop.managedBlock(BlockableEventLoop.java:135) ~[neoforge-21.1.219.jar%23190!/:?]
	at TRANSFORMER/minecraft@1.21.1/net.minecraft.client.gui.screens.worldselection.WorldOpenFlows.loadWorldDataBlocking(WorldOpenFlows.java:201) ~[neoforge-21.1.219.jar%23190!/:?]
	at TRANSFORMER/minecraft@1.21.1/net.minecraft.client.gui.screens.worldselection.WorldOpenFlows.loadWorldStem(WorldOpenFlows.java:142) ~[neoforge-21.1.219.jar%23190!/:?]
	at TRANSFORMER/minecraft@1.21.1/net.minecraft.client.gui.screens.worldselection.WorldOpenFlows.openWorldLoadLevelStem(WorldOpenFlows.java:346) ~[neoforge-21.1.219.jar%23190!/:?]
	at TRANSFORMER/minecraft@1.21.1/net.minecraft.client.gui.screens.worldselection.WorldOpenFlows.openWorldCheckVersionCompatibility(WorldOpenFlows.java:335) ~[neoforge-21.1.219.jar%23190!/:?]
	at TRANSFORMER/minecraft@1.21.1/net.minecraft.client.gui.screens.worldselection.WorldOpenFlows.openWorldLoadLevelData(WorldOpenFlows.java:297) ~[neoforge-21.1.219.jar%23190!/:?]
	at TRANSFORMER/minecraft@1.21.1/net.minecraft.client.gui.screens.worldselection.WorldOpenFlows.openWorld(WorldOpenFlows.java:261) ~[neoforge-21.1.219.jar%23190!/:?]
	at TRANSFORMER/minecraft@1.21.1/net.minecraft.client.gui.screens.worldselection.WorldSelectionList$WorldListEntry.joinWorld(WorldSelectionList.java:498) ~[neoforge-21.1.219.jar%23190!/:?]
	at TRANSFORMER/minecraft@1.21.1/net.minecraft.client.gui.screens.worldselection.WorldSelectionList$WorldListEntry.mouseClicked(WorldSelectionList.java:481) ~[neoforge-21.1.219.jar%23190!/:?]
	at TRANSFORMER/minecraft@1.21.1/net.minecraft.client.gui.components.AbstractSelectionList.mouseClicked(AbstractSelectionList.java:303) ~[neoforge-21.1.219.jar%23190!/:?]
	at TRANSFORMER/minecraft@1.21.1/net.minecraft.client.gui.components.events.ContainerEventHandler.mouseClicked(ContainerEventHandler.java:43) ~[neoforge-21.1.219.jar%23190!/:?]
	at TRANSFORMER/minecraft@1.21.1/net.minecraft.client.MouseHandler.lambda$onPress$0(MouseHandler.java:98) ~[neoforge-21.1.219.jar%23190!/:?]
	at TRANSFORMER/minecraft@1.21.1/net.minecraft.client.gui.screens.Screen.wrapScreenError(Screen.java:451) ~[neoforge-21.1.219.jar%23190!/:?]
	at TRANSFORMER/minecraft@1.21.1/net.minecraft.client.MouseHandler.onPress(MouseHandler.java:95) ~[neoforge-21.1.219.jar%23190!/:?]
	at TRANSFORMER/minecraft@1.21.1/net.minecraft.client.MouseHandler.lambda$setup$4(MouseHandler.java:207) ~[neoforge-21.1.219.jar%23190!/:?]
	at TRANSFORMER/minecraft@1.21.1/net.minecraft.util.thread.BlockableEventLoop.execute(BlockableEventLoop.java:98) ~[neoforge-21.1.219.jar%23190!/:?]
	at TRANSFORMER/minecraft@1.21.1/net.minecraft.client.MouseHandler.lambda$setup$5(MouseHandler.java:207) ~[neoforge-21.1.219.jar%23190!/:?]
	at MC-BOOTSTRAP/org.lwjgl.glfw@3.3.3+5/org.lwjgl.glfw.GLFWMouseButtonCallbackI.callback(GLFWMouseButtonCallbackI.java:43) ~[lwjgl-glfw-3.3.3.jar%23172!/:build 5]
	at MC-BOOTSTRAP/org.lwjgl@3.3.3+5/org.lwjgl.system.JNI.invokeV(Native Method) ~[lwjgl-3.3.3.jar%23183!/:build 5]
	at MC-BOOTSTRAP/org.lwjgl.glfw@3.3.3+5/org.lwjgl.glfw.GLFW.glfwWaitEventsTimeout(GLFW.java:3509) ~[lwjgl-glfw-3.3.3.jar%23172!/:build 5]
	at TRANSFORMER/minecraft@1.21.1/com.mojang.blaze3d.systems.RenderSystem.limitDisplayFPS(RenderSystem.java:162) ~[neoforge-21.1.219.jar%23190!/:?]
	at TRANSFORMER/minecraft@1.21.1/net.minecraft.client.Minecraft.runTick(Minecraft.java:1226) ~[neoforge-21.1.219.jar%23190!/:?]
	at TRANSFORMER/minecraft@1.21.1/net.minecraft.client.Minecraft.run(Minecraft.java:813) ~[neoforge-21.1.219.jar%23190!/:?]
	at TRANSFORMER/minecraft@1.21.1/net.minecraft.client.main.Main.main(Main.java:230) ~[neoforge-21.1.219.jar%23190!/:?]
	at java.base/jdk.internal.reflect.DirectMethodHandleAccessor.invoke(DirectMethodHandleAccessor.java:103) ~[?:?]
	at java.base/java.lang.reflect.Method.invoke(Method.java:580) ~[?:?]
	at MC-BOOTSTRAP/fml_loader@4.0.42/net.neoforged.fml.loading.targets.CommonLaunchHandler.runTarget(CommonLaunchHandler.java:136) ~[loader-4.0.42.jar%23146!/:4.0]
	at MC-BOOTSTRAP/fml_loader@4.0.42/net.neoforged.fml.loading.targets.CommonLaunchHandler.clientService(CommonLaunchHandler.java:124) ~[loader-4.0.42.jar%23146!/:4.0]
	at MC-BOOTSTRAP/fml_loader@4.0.42/net.neoforged.fml.loading.targets.NeoForgeClientDevLaunchHandler.runService(NeoForgeClientDevLaunchHandler.java:23) ~[loader-4.0.42.jar%23146!/:4.0]
	at MC-BOOTSTRAP/fml_loader@4.0.42/net.neoforged.fml.loading.targets.CommonLaunchHandler.lambda$launchService$4(CommonLaunchHandler.java:118) ~[loader-4.0.42.jar%23146!/:4.0]
	at MC-BOOTSTRAP/cpw.mods.modlauncher@11.0.5/cpw.mods.modlauncher.LaunchServiceHandlerDecorator.launch(LaunchServiceHandlerDecorator.java:30) [modlauncher-11.0.5.jar%23128!/:?]
	at MC-BOOTSTRAP/cpw.mods.modlauncher@11.0.5/cpw.mods.modlauncher.LaunchServiceHandler.launch(LaunchServiceHandler.java:53) [modlauncher-11.0.5.jar%23128!/:?]
	at MC-BOOTSTRAP/cpw.mods.modlauncher@11.0.5/cpw.mods.modlauncher.LaunchServiceHandler.launch(LaunchServiceHandler.java:71) [modlauncher-11.0.5.jar%23128!/:?]
	at MC-BOOTSTRAP/cpw.mods.modlauncher@11.0.5/cpw.mods.modlauncher.Launcher.run(Launcher.java:103) [modlauncher-11.0.5.jar%23128!/:?]
	at MC-BOOTSTRAP/cpw.mods.modlauncher@11.0.5/cpw.mods.modlauncher.Launcher.main(Launcher.java:74) [modlauncher-11.0.5.jar%23128!/:?]
	at MC-BOOTSTRAP/cpw.mods.modlauncher@11.0.5/cpw.mods.modlauncher.BootstrapLaunchConsumer.accept(BootstrapLaunchConsumer.java:26) [modlauncher-11.0.5.jar%23128!/:?]
	at MC-BOOTSTRAP/cpw.mods.modlauncher@11.0.5/cpw.mods.modlauncher.BootstrapLaunchConsumer.accept(BootstrapLaunchConsumer.java:23) [modlauncher-11.0.5.jar%23128!/:?]
	at cpw.mods.bootstraplauncher@2.0.2/cpw.mods.bootstraplauncher.BootstrapLauncher.run(BootstrapLauncher.java:210) [bootstraplauncher-2.0.2.jar:?]
	at cpw.mods.bootstraplauncher@2.0.2/cpw.mods.bootstraplauncher.BootstrapLauncher.main(BootstrapLauncher.java:69) [bootstraplauncher-2.0.2.jar:?]
	at java.base/jdk.internal.reflect.DirectMethodHandleAccessor.invoke(DirectMethodHandleAccessor.java:103) ~[?:?]
	at java.base/java.lang.reflect.Method.invoke(Method.java:580) ~[?:?]
	at net.neoforged.devlaunch.Main.main(Main.java:57) [DevLaunch-1.0.2.jar:?]
[304月2026 15:45:27.498] [Render thread/ERROR] [net.minecraft.world.item.crafting.RecipeManager/]: Parsing error loading recipe chemica:mixing/caustic_soda
com.google.gson.JsonParseException: Failed to parse either. First: Failed to parse either. First: Unknown registry key in ResourceKey[minecraft:root / neoforge:fluid_ingredient_type]: neoforge:fluid; Unknown registry key in ResourceKey[minecraft:root / neoforge:fluid_ingredient_type]: neoforge:fluid; Second: Failed to parse either. First: Invalid Type: neoforge:fluid; Second: No key fluid_tag in MapLike[{"type":"neoforge:fluid","amount":250,"fluid":"chemica:caustic_soda"}]; Invalid Type: neoforge:fluid; Second: Failed to parse either. First: Not a json array: {"type":"neoforge:fluid","amount":250,"fluid":"chemica:caustic_soda"}; Second: Unknown registry key in ResourceKey[minecraft:root / neoforge:ingredient_serializer]: neoforge:fluid
	at MC-BOOTSTRAP/datafixerupper@8.0.16/com.mojang.serialization.DataResult$Error.getOrThrow(DataResult.java:287) ~[datafixerupper-8.0.16.jar%23121!/:?]
	at TRANSFORMER/minecraft@1.21.1/net.minecraft.world.item.crafting.RecipeManager.apply(RecipeManager.java:60) ~[neoforge-21.1.219.jar%23190!/:?]
	at TRANSFORMER/minecraft@1.21.1/net.minecraft.world.item.crafting.RecipeManager.apply(RecipeManager.java:36) ~[neoforge-21.1.219.jar%23190!/:?]
	at TRANSFORMER/minecraft@1.21.1/net.minecraft.server.packs.resources.SimplePreparableReloadListener.lambda$reload$1(SimplePreparableReloadListener.java:19) ~[neoforge-21.1.219.jar%23190!/:?]
	at java.base/java.util.concurrent.CompletableFuture$UniAccept.tryFire(CompletableFuture.java:718) ~[?:?]
	at java.base/java.util.concurrent.CompletableFuture$Completion.run(CompletableFuture.java:482) ~[?:?]
	at TRANSFORMER/minecraft@1.21.1/net.minecraft.server.packs.resources.SimpleReloadInstance.lambda$new$3(SimpleReloadInstance.java:86) ~[neoforge-21.1.219.jar%23190!/:?]
	at TRANSFORMER/minecraft@1.21.1/net.minecraft.util.thread.BlockableEventLoop.doRunTask(BlockableEventLoop.java:151) ~[neoforge-21.1.219.jar%23190!/:?]
	at TRANSFORMER/minecraft@1.21.1/net.minecraft.util.thread.ReentrantBlockableEventLoop.doRunTask(ReentrantBlockableEventLoop.java:24) ~[neoforge-21.1.219.jar%23190!/:?]
	at TRANSFORMER/minecraft@1.21.1/net.minecraft.util.thread.BlockableEventLoop.pollTask(BlockableEventLoop.java:122) ~[neoforge-21.1.219.jar%23190!/:?]
	at TRANSFORMER/minecraft@1.21.1/net.minecraft.util.thread.BlockableEventLoop.managedBlock(BlockableEventLoop.java:135) ~[neoforge-21.1.219.jar%23190!/:?]
	at TRANSFORMER/minecraft@1.21.1/net.minecraft.client.gui.screens.worldselection.WorldOpenFlows.loadWorldDataBlocking(WorldOpenFlows.java:201) ~[neoforge-21.1.219.jar%23190!/:?]
	at TRANSFORMER/minecraft@1.21.1/net.minecraft.client.gui.screens.worldselection.WorldOpenFlows.loadWorldStem(WorldOpenFlows.java:142) ~[neoforge-21.1.219.jar%23190!/:?]
	at TRANSFORMER/minecraft@1.21.1/net.minecraft.client.gui.screens.worldselection.WorldOpenFlows.openWorldLoadLevelStem(WorldOpenFlows.java:346) ~[neoforge-21.1.219.jar%23190!/:?]
	at TRANSFORMER/minecraft@1.21.1/net.minecraft.client.gui.screens.worldselection.WorldOpenFlows.openWorldCheckVersionCompatibility(WorldOpenFlows.java:335) ~[neoforge-21.1.219.jar%23190!/:?]
	at TRANSFORMER/minecraft@1.21.1/net.minecraft.client.gui.screens.worldselection.WorldOpenFlows.openWorldLoadLevelData(WorldOpenFlows.java:297) ~[neoforge-21.1.219.jar%23190!/:?]
	at TRANSFORMER/minecraft@1.21.1/net.minecraft.client.gui.screens.worldselection.WorldOpenFlows.openWorld(WorldOpenFlows.java:261) ~[neoforge-21.1.219.jar%23190!/:?]
	at TRANSFORMER/minecraft@1.21.1/net.minecraft.client.gui.screens.worldselection.WorldSelectionList$WorldListEntry.joinWorld(WorldSelectionList.java:498) ~[neoforge-21.1.219.jar%23190!/:?]
	at TRANSFORMER/minecraft@1.21.1/net.minecraft.client.gui.screens.worldselection.WorldSelectionList$WorldListEntry.mouseClicked(WorldSelectionList.java:481) ~[neoforge-21.1.219.jar%23190!/:?]
	at TRANSFORMER/minecraft@1.21.1/net.minecraft.client.gui.components.AbstractSelectionList.mouseClicked(AbstractSelectionList.java:303) ~[neoforge-21.1.219.jar%23190!/:?]
	at TRANSFORMER/minecraft@1.21.1/net.minecraft.client.gui.components.events.ContainerEventHandler.mouseClicked(ContainerEventHandler.java:43) ~[neoforge-21.1.219.jar%23190!/:?]
	at TRANSFORMER/minecraft@1.21.1/net.minecraft.client.MouseHandler.lambda$onPress$0(MouseHandler.java:98) ~[neoforge-21.1.219.jar%23190!/:?]
	at TRANSFORMER/minecraft@1.21.1/net.minecraft.client.gui.screens.Screen.wrapScreenError(Screen.java:451) ~[neoforge-21.1.219.jar%23190!/:?]
	at TRANSFORMER/minecraft@1.21.1/net.minecraft.client.MouseHandler.onPress(MouseHandler.java:95) ~[neoforge-21.1.219.jar%23190!/:?]
	at TRANSFORMER/minecraft@1.21.1/net.minecraft.client.MouseHandler.lambda$setup$4(MouseHandler.java:207) ~[neoforge-21.1.219.jar%23190!/:?]
	at TRANSFORMER/minecraft@1.21.1/net.minecraft.util.thread.BlockableEventLoop.execute(BlockableEventLoop.java:98) ~[neoforge-21.1.219.jar%23190!/:?]
	at TRANSFORMER/minecraft@1.21.1/net.minecraft.client.MouseHandler.lambda$setup$5(MouseHandler.java:207) ~[neoforge-21.1.219.jar%23190!/:?]
	at MC-BOOTSTRAP/org.lwjgl.glfw@3.3.3+5/org.lwjgl.glfw.GLFWMouseButtonCallbackI.callback(GLFWMouseButtonCallbackI.java:43) ~[lwjgl-glfw-3.3.3.jar%23172!/:build 5]
	at MC-BOOTSTRAP/org.lwjgl@3.3.3+5/org.lwjgl.system.JNI.invokeV(Native Method) ~[lwjgl-3.3.3.jar%23183!/:build 5]
	at MC-BOOTSTRAP/org.lwjgl.glfw@3.3.3+5/org.lwjgl.glfw.GLFW.glfwWaitEventsTimeout(GLFW.java:3509) ~[lwjgl-glfw-3.3.3.jar%23172!/:build 5]
	at TRANSFORMER/minecraft@1.21.1/com.mojang.blaze3d.systems.RenderSystem.limitDisplayFPS(RenderSystem.java:162) ~[neoforge-21.1.219.jar%23190!/:?]
	at TRANSFORMER/minecraft@1.21.1/net.minecraft.client.Minecraft.runTick(Minecraft.java:1226) ~[neoforge-21.1.219.jar%23190!/:?]
	at TRANSFORMER/minecraft@1.21.1/net.minecraft.client.Minecraft.run(Minecraft.java:813) ~[neoforge-21.1.219.jar%23190!/:?]
	at TRANSFORMER/minecraft@1.21.1/net.minecraft.client.main.Main.main(Main.java:230) ~[neoforge-21.1.219.jar%23190!/:?]
	at java.base/jdk.internal.reflect.DirectMethodHandleAccessor.invoke(DirectMethodHandleAccessor.java:103) ~[?:?]
	at java.base/java.lang.reflect.Method.invoke(Method.java:580) ~[?:?]
	at MC-BOOTSTRAP/fml_loader@4.0.42/net.neoforged.fml.loading.targets.CommonLaunchHandler.runTarget(CommonLaunchHandler.java:136) ~[loader-4.0.42.jar%23146!/:4.0]
	at MC-BOOTSTRAP/fml_loader@4.0.42/net.neoforged.fml.loading.targets.CommonLaunchHandler.clientService(CommonLaunchHandler.java:124) ~[loader-4.0.42.jar%23146!/:4.0]
	at MC-BOOTSTRAP/fml_loader@4.0.42/net.neoforged.fml.loading.targets.NeoForgeClientDevLaunchHandler.runService(NeoForgeClientDevLaunchHandler.java:23) ~[loader-4.0.42.jar%23146!/:4.0]
	at MC-BOOTSTRAP/fml_loader@4.0.42/net.neoforged.fml.loading.targets.CommonLaunchHandler.lambda$launchService$4(CommonLaunchHandler.java:118) ~[loader-4.0.42.jar%23146!/:4.0]
	at MC-BOOTSTRAP/cpw.mods.modlauncher@11.0.5/cpw.mods.modlauncher.LaunchServiceHandlerDecorator.launch(LaunchServiceHandlerDecorator.java:30) [modlauncher-11.0.5.jar%23128!/:?]
	at MC-BOOTSTRAP/cpw.mods.modlauncher@11.0.5/cpw.mods.modlauncher.LaunchServiceHandler.launch(LaunchServiceHandler.java:53) [modlauncher-11.0.5.jar%23128!/:?]
	at MC-BOOTSTRAP/cpw.mods.modlauncher@11.0.5/cpw.mods.modlauncher.LaunchServiceHandler.launch(LaunchServiceHandler.java:71) [modlauncher-11.0.5.jar%23128!/:?]
	at MC-BOOTSTRAP/cpw.mods.modlauncher@11.0.5/cpw.mods.modlauncher.Launcher.run(Launcher.java:103) [modlauncher-11.0.5.jar%23128!/:?]
	at MC-BOOTSTRAP/cpw.mods.modlauncher@11.0.5/cpw.mods.modlauncher.Launcher.main(Launcher.java:74) [modlauncher-11.0.5.jar%23128!/:?]
	at MC-BOOTSTRAP/cpw.mods.modlauncher@11.0.5/cpw.mods.modlauncher.BootstrapLaunchConsumer.accept(BootstrapLaunchConsumer.java:26) [modlauncher-11.0.5.jar%23128!/:?]
	at MC-BOOTSTRAP/cpw.mods.modlauncher@11.0.5/cpw.mods.modlauncher.BootstrapLaunchConsumer.accept(BootstrapLaunchConsumer.java:23) [modlauncher-11.0.5.jar%23128!/:?]
	at cpw.mods.bootstraplauncher@2.0.2/cpw.mods.bootstraplauncher.BootstrapLauncher.run(BootstrapLauncher.java:210) [bootstraplauncher-2.0.2.jar:?]
	at cpw.mods.bootstraplauncher@2.0.2/cpw.mods.bootstraplauncher.BootstrapLauncher.main(BootstrapLauncher.java:69) [bootstraplauncher-2.0.2.jar:?]
	at java.base/jdk.internal.reflect.DirectMethodHandleAccessor.invoke(DirectMethodHandleAccessor.java:103) ~[?:?]
	at java.base/java.lang.reflect.Method.invoke(Method.java:580) ~[?:?]
	at net.neoforged.devlaunch.Main.main(Main.java:57) [DevLaunch-1.0.2.jar:?]
[304月2026 15:45:27.505] [Render thread/ERROR] [net.minecraft.world.item.crafting.RecipeManager/]: Parsing error loading recipe create:crushing/deepslate_copper_ore
com.google.gson.JsonParseException: Failed to parse either. First: No key amount in MapLike[{"chance":0.125,"item":"chemica:arsenic_dust"}]; No key id in MapLike[{"chance":0.125,"item":"chemica:arsenic_dust"}]; Second: Failed to parse either. First: No key id in MapLike[{"chance":0.125,"item":"chemica:arsenic_dust"}]; Second: Failed to parse either. First: Not a JSON object: "chemica:arsenic_dust"; Second: Compat cannot be deserialized; Failed to parse either. First: No key amount in MapLike[{"chance":0.125,"item":"minecraft:cobblestone"}]; No key id in MapLike[{"chance":0.125,"item":"minecraft:cobblestone"}]; Second: Failed to parse either. First: No key id in MapLike[{"chance":0.125,"item":"minecraft:cobblestone"}]; Second: Failed to parse either. First: Not a JSON object: "minecraft:cobblestone"; Second: Compat cannot be deserialized; Failed to parse either. First: No key amount in MapLike[{"chance":0.75,"item":"create:experience_nugget"}]; No key id in MapLike[{"chance":0.75,"item":"create:experience_nugget"}]; Second: Failed to parse either. First: No key id in MapLike[{"chance":0.75,"item":"create:experience_nugget"}]; Second: Failed to parse either. First: Not a JSON object: "create:experience_nugget"; Second: Compat cannot be deserialized; Failed to parse either. First: No key amount in MapLike[{"chance":0.25,"item":"create:crushed_raw_copper"}]; No key id in MapLike[{"chance":0.25,"item":"create:crushed_raw_copper"}]; Second: Failed to parse either. First: No key id in MapLike[{"chance":0.25,"item":"create:crushed_raw_copper"}]; Second: Failed to parse either. First: Not a JSON object: "create:crushed_raw_copper"; Second: Compat cannot be deserialized; Failed to parse either. First: No key amount in MapLike[{"count":7,"item":"create:crushed_raw_copper"}]; No key id in MapLike[{"count":7,"item":"create:crushed_raw_copper"}]; Second: Failed to parse either. First: No key id in MapLike[{"count":7,"item":"create:crushed_raw_copper"}]; Second: Failed to parse either. First: Not a JSON object: "create:crushed_raw_copper"; Second: Compat cannot be deserialized
	at MC-BOOTSTRAP/datafixerupper@8.0.16/com.mojang.serialization.DataResult$Error.getOrThrow(DataResult.java:287) ~[datafixerupper-8.0.16.jar%23121!/:?]
	at TRANSFORMER/minecraft@1.21.1/net.minecraft.world.item.crafting.RecipeManager.apply(RecipeManager.java:60) ~[neoforge-21.1.219.jar%23190!/:?]
	at TRANSFORMER/minecraft@1.21.1/net.minecraft.world.item.crafting.RecipeManager.apply(RecipeManager.java:36) ~[neoforge-21.1.219.jar%23190!/:?]
	at TRANSFORMER/minecraft@1.21.1/net.minecraft.server.packs.resources.SimplePreparableReloadListener.lambda$reload$1(SimplePreparableReloadListener.java:19) ~[neoforge-21.1.219.jar%23190!/:?]
	at java.base/java.util.concurrent.CompletableFuture$UniAccept.tryFire(CompletableFuture.java:718) ~[?:?]
	at java.base/java.util.concurrent.CompletableFuture$Completion.run(CompletableFuture.java:482) ~[?:?]
	at TRANSFORMER/minecraft@1.21.1/net.minecraft.server.packs.resources.SimpleReloadInstance.lambda$new$3(SimpleReloadInstance.java:86) ~[neoforge-21.1.219.jar%23190!/:?]
	at TRANSFORMER/minecraft@1.21.1/net.minecraft.util.thread.BlockableEventLoop.doRunTask(BlockableEventLoop.java:151) ~[neoforge-21.1.219.jar%23190!/:?]
	at TRANSFORMER/minecraft@1.21.1/net.minecraft.util.thread.ReentrantBlockableEventLoop.doRunTask(ReentrantBlockableEventLoop.java:24) ~[neoforge-21.1.219.jar%23190!/:?]
	at TRANSFORMER/minecraft@1.21.1/net.minecraft.util.thread.BlockableEventLoop.pollTask(BlockableEventLoop.java:122) ~[neoforge-21.1.219.jar%23190!/:?]
	at TRANSFORMER/minecraft@1.21.1/net.minecraft.util.thread.BlockableEventLoop.managedBlock(BlockableEventLoop.java:135) ~[neoforge-21.1.219.jar%23190!/:?]
	at TRANSFORMER/minecraft@1.21.1/net.minecraft.client.gui.screens.worldselection.WorldOpenFlows.loadWorldDataBlocking(WorldOpenFlows.java:201) ~[neoforge-21.1.219.jar%23190!/:?]
	at TRANSFORMER/minecraft@1.21.1/net.minecraft.client.gui.screens.worldselection.WorldOpenFlows.loadWorldStem(WorldOpenFlows.java:142) ~[neoforge-21.1.219.jar%23190!/:?]
	at TRANSFORMER/minecraft@1.21.1/net.minecraft.client.gui.screens.worldselection.WorldOpenFlows.openWorldLoadLevelStem(WorldOpenFlows.java:346) ~[neoforge-21.1.219.jar%23190!/:?]
	at TRANSFORMER/minecraft@1.21.1/net.minecraft.client.gui.screens.worldselection.WorldOpenFlows.openWorldCheckVersionCompatibility(WorldOpenFlows.java:335) ~[neoforge-21.1.219.jar%23190!/:?]
	at TRANSFORMER/minecraft@1.21.1/net.minecraft.client.gui.screens.worldselection.WorldOpenFlows.openWorldLoadLevelData(WorldOpenFlows.java:297) ~[neoforge-21.1.219.jar%23190!/:?]
	at TRANSFORMER/minecraft@1.21.1/net.minecraft.client.gui.screens.worldselection.WorldOpenFlows.openWorld(WorldOpenFlows.java:261) ~[neoforge-21.1.219.jar%23190!/:?]
	at TRANSFORMER/minecraft@1.21.1/net.minecraft.client.gui.screens.worldselection.WorldSelectionList$WorldListEntry.joinWorld(WorldSelectionList.java:498) ~[neoforge-21.1.219.jar%23190!/:?]
	at TRANSFORMER/minecraft@1.21.1/net.minecraft.client.gui.screens.worldselection.WorldSelectionList$WorldListEntry.mouseClicked(WorldSelectionList.java:481) ~[neoforge-21.1.219.jar%23190!/:?]
	at TRANSFORMER/minecraft@1.21.1/net.minecraft.client.gui.components.AbstractSelectionList.mouseClicked(AbstractSelectionList.java:303) ~[neoforge-21.1.219.jar%23190!/:?]
	at TRANSFORMER/minecraft@1.21.1/net.minecraft.client.gui.components.events.ContainerEventHandler.mouseClicked(ContainerEventHandler.java:43) ~[neoforge-21.1.219.jar%23190!/:?]
	at TRANSFORMER/minecraft@1.21.1/net.minecraft.client.MouseHandler.lambda$onPress$0(MouseHandler.java:98) ~[neoforge-21.1.219.jar%23190!/:?]
	at TRANSFORMER/minecraft@1.21.1/net.minecraft.client.gui.screens.Screen.wrapScreenError(Screen.java:451) ~[neoforge-21.1.219.jar%23190!/:?]
	at TRANSFORMER/minecraft@1.21.1/net.minecraft.client.MouseHandler.onPress(MouseHandler.java:95) ~[neoforge-21.1.219.jar%23190!/:?]
	at TRANSFORMER/minecraft@1.21.1/net.minecraft.client.MouseHandler.lambda$setup$4(MouseHandler.java:207) ~[neoforge-21.1.219.jar%23190!/:?]
	at TRANSFORMER/minecraft@1.21.1/net.minecraft.util.thread.BlockableEventLoop.execute(BlockableEventLoop.java:98) ~[neoforge-21.1.219.jar%23190!/:?]
	at TRANSFORMER/minecraft@1.21.1/net.minecraft.client.MouseHandler.lambda$setup$5(MouseHandler.java:207) ~[neoforge-21.1.219.jar%23190!/:?]
	at MC-BOOTSTRAP/org.lwjgl.glfw@3.3.3+5/org.lwjgl.glfw.GLFWMouseButtonCallbackI.callback(GLFWMouseButtonCallbackI.java:43) ~[lwjgl-glfw-3.3.3.jar%23172!/:build 5]
	at MC-BOOTSTRAP/org.lwjgl@3.3.3+5/org.lwjgl.system.JNI.invokeV(Native Method) ~[lwjgl-3.3.3.jar%23183!/:build 5]
	at MC-BOOTSTRAP/org.lwjgl.glfw@3.3.3+5/org.lwjgl.glfw.GLFW.glfwWaitEventsTimeout(GLFW.java:3509) ~[lwjgl-glfw-3.3.3.jar%23172!/:build 5]
	at TRANSFORMER/minecraft@1.21.1/com.mojang.blaze3d.systems.RenderSystem.limitDisplayFPS(RenderSystem.java:162) ~[neoforge-21.1.219.jar%23190!/:?]
	at TRANSFORMER/minecraft@1.21.1/net.minecraft.client.Minecraft.runTick(Minecraft.java:1226) ~[neoforge-21.1.219.jar%23190!/:?]
	at TRANSFORMER/minecraft@1.21.1/net.minecraft.client.Minecraft.run(Minecraft.java:813) ~[neoforge-21.1.219.jar%23190!/:?]
	at TRANSFORMER/minecraft@1.21.1/net.minecraft.client.main.Main.main(Main.java:230) ~[neoforge-21.1.219.jar%23190!/:?]
	at java.base/jdk.internal.reflect.DirectMethodHandleAccessor.invoke(DirectMethodHandleAccessor.java:103) ~[?:?]
	at java.base/java.lang.reflect.Method.invoke(Method.java:580) ~[?:?]
	at MC-BOOTSTRAP/fml_loader@4.0.42/net.neoforged.fml.loading.targets.CommonLaunchHandler.runTarget(CommonLaunchHandler.java:136) ~[loader-4.0.42.jar%23146!/:4.0]
	at MC-BOOTSTRAP/fml_loader@4.0.42/net.neoforged.fml.loading.targets.CommonLaunchHandler.clientService(CommonLaunchHandler.java:124) ~[loader-4.0.42.jar%23146!/:4.0]
	at MC-BOOTSTRAP/fml_loader@4.0.42/net.neoforged.fml.loading.targets.NeoForgeClientDevLaunchHandler.runService(NeoForgeClientDevLaunchHandler.java:23) ~[loader-4.0.42.jar%23146!/:4.0]
	at MC-BOOTSTRAP/fml_loader@4.0.42/net.neoforged.fml.loading.targets.CommonLaunchHandler.lambda$launchService$4(CommonLaunchHandler.java:118) ~[loader-4.0.42.jar%23146!/:4.0]
	at MC-BOOTSTRAP/cpw.mods.modlauncher@11.0.5/cpw.mods.modlauncher.LaunchServiceHandlerDecorator.launch(LaunchServiceHandlerDecorator.java:30) [modlauncher-11.0.5.jar%23128!/:?]
	at MC-BOOTSTRAP/cpw.mods.modlauncher@11.0.5/cpw.mods.modlauncher.LaunchServiceHandler.launch(LaunchServiceHandler.java:53) [modlauncher-11.0.5.jar%23128!/:?]
	at MC-BOOTSTRAP/cpw.mods.modlauncher@11.0.5/cpw.mods.modlauncher.LaunchServiceHandler.launch(LaunchServiceHandler.java:71) [modlauncher-11.0.5.jar%23128!/:?]
	at MC-BOOTSTRAP/cpw.mods.modlauncher@11.0.5/cpw.mods.modlauncher.Launcher.run(Launcher.java:103) [modlauncher-11.0.5.jar%23128!/:?]
	at MC-BOOTSTRAP/cpw.mods.modlauncher@11.0.5/cpw.mods.modlauncher.Launcher.main(Launcher.java:74) [modlauncher-11.0.5.jar%23128!/:?]
	at MC-BOOTSTRAP/cpw.mods.modlauncher@11.0.5/cpw.mods.modlauncher.BootstrapLaunchConsumer.accept(BootstrapLaunchConsumer.java:26) [modlauncher-11.0.5.jar%23128!/:?]
	at MC-BOOTSTRAP/cpw.mods.modlauncher@11.0.5/cpw.mods.modlauncher.BootstrapLaunchConsumer.accept(BootstrapLaunchConsumer.java:23) [modlauncher-11.0.5.jar%23128!/:?]
	at cpw.mods.bootstraplauncher@2.0.2/cpw.mods.bootstraplauncher.BootstrapLauncher.run(BootstrapLauncher.java:210) [bootstraplauncher-2.0.2.jar:?]
	at cpw.mods.bootstraplauncher@2.0.2/cpw.mods.bootstraplauncher.BootstrapLauncher.main(BootstrapLauncher.java:69) [bootstraplauncher-2.0.2.jar:?]
	at java.base/jdk.internal.reflect.DirectMethodHandleAccessor.invoke(DirectMethodHandleAccessor.java:103) ~[?:?]
	at java.base/java.lang.reflect.Method.invoke(Method.java:580) ~[?:?]
	at net.neoforged.devlaunch.Main.main(Main.java:57) [DevLaunch-1.0.2.jar:?]
[304月2026 15:45:27.507] [Render thread/ERROR] [net.minecraft.world.item.crafting.RecipeManager/]: Parsing error loading recipe create:crushing/deepslate_emerald_ore
com.google.gson.JsonParseException: Failed to parse either. First: No key amount in MapLike[{"chance":0.2,"item":"chemica:chromium_dust"}]; No key id in MapLike[{"chance":0.2,"item":"chemica:chromium_dust"}]; Second: Failed to parse either. First: No key id in MapLike[{"chance":0.2,"item":"chemica:chromium_dust"}]; Second: Failed to parse either. First: Not a JSON object: "chemica:chromium_dust"; Second: Compat cannot be deserialized; Failed to parse either. First: No key amount in MapLike[{"chance":0.125,"item":"minecraft:cobbled_deepslate"}]; No key id in MapLike[{"chance":0.125,"item":"minecraft:cobbled_deepslate"}]; Second: Failed to parse either. First: No key id in MapLike[{"chance":0.125,"item":"minecraft:cobbled_deepslate"}]; Second: Failed to parse either. First: Not a JSON object: "minecraft:cobbled_deepslate"; Second: Compat cannot be deserialized; Failed to parse either. First: No key amount in MapLike[{"chance":0.75,"item":"create:experience_nugget"}]; No key id in MapLike[{"chance":0.75,"item":"create:experience_nugget"}]; Second: Failed to parse either. First: No key id in MapLike[{"chance":0.75,"item":"create:experience_nugget"}]; Second: Failed to parse either. First: Not a JSON object: "create:experience_nugget"; Second: Compat cannot be deserialized; Failed to parse either. First: No key amount in MapLike[{"chance":0.75,"item":"minecraft:emerald"}]; No key id in MapLike[{"chance":0.75,"item":"minecraft:emerald"}]; Second: Failed to parse either. First: No key id in MapLike[{"chance":0.75,"item":"minecraft:emerald"}]; Second: Failed to parse either. First: Not a JSON object: "minecraft:emerald"; Second: Compat cannot be deserialized; Failed to parse either. First: No key amount in MapLike[{"count":1,"item":"minecraft:emerald"}]; No key id in MapLike[{"count":1,"item":"minecraft:emerald"}]; Second: Failed to parse either. First: No key id in MapLike[{"count":1,"item":"minecraft:emerald"}]; Second: Failed to parse either. First: Not a JSON object: "minecraft:emerald"; Second: Compat cannot be deserialized
	at MC-BOOTSTRAP/datafixerupper@8.0.16/com.mojang.serialization.DataResult$Error.getOrThrow(DataResult.java:287) ~[datafixerupper-8.0.16.jar%23121!/:?]
	at TRANSFORMER/minecraft@1.21.1/net.minecraft.world.item.crafting.RecipeManager.apply(RecipeManager.java:60) ~[neoforge-21.1.219.jar%23190!/:?]
	at TRANSFORMER/minecraft@1.21.1/net.minecraft.world.item.crafting.RecipeManager.apply(RecipeManager.java:36) ~[neoforge-21.1.219.jar%23190!/:?]
	at TRANSFORMER/minecraft@1.21.1/net.minecraft.server.packs.resources.SimplePreparableReloadListener.lambda$reload$1(SimplePreparableReloadListener.java:19) ~[neoforge-21.1.219.jar%23190!/:?]
	at java.base/java.util.concurrent.CompletableFuture$UniAccept.tryFire(CompletableFuture.java:718) ~[?:?]
	at java.base/java.util.concurrent.CompletableFuture$Completion.run(CompletableFuture.java:482) ~[?:?]
	at TRANSFORMER/minecraft@1.21.1/net.minecraft.server.packs.resources.SimpleReloadInstance.lambda$new$3(SimpleReloadInstance.java:86) ~[neoforge-21.1.219.jar%23190!/:?]
	at TRANSFORMER/minecraft@1.21.1/net.minecraft.util.thread.BlockableEventLoop.doRunTask(BlockableEventLoop.java:151) ~[neoforge-21.1.219.jar%23190!/:?]
	at TRANSFORMER/minecraft@1.21.1/net.minecraft.util.thread.ReentrantBlockableEventLoop.doRunTask(ReentrantBlockableEventLoop.java:24) ~[neoforge-21.1.219.jar%23190!/:?]
	at TRANSFORMER/minecraft@1.21.1/net.minecraft.util.thread.BlockableEventLoop.pollTask(BlockableEventLoop.java:122) ~[neoforge-21.1.219.jar%23190!/:?]
	at TRANSFORMER/minecraft@1.21.1/net.minecraft.util.thread.BlockableEventLoop.managedBlock(BlockableEventLoop.java:135) ~[neoforge-21.1.219.jar%23190!/:?]
	at TRANSFORMER/minecraft@1.21.1/net.minecraft.client.gui.screens.worldselection.WorldOpenFlows.loadWorldDataBlocking(WorldOpenFlows.java:201) ~[neoforge-21.1.219.jar%23190!/:?]
	at TRANSFORMER/minecraft@1.21.1/net.minecraft.client.gui.screens.worldselection.WorldOpenFlows.loadWorldStem(WorldOpenFlows.java:142) ~[neoforge-21.1.219.jar%23190!/:?]
	at TRANSFORMER/minecraft@1.21.1/net.minecraft.client.gui.screens.worldselection.WorldOpenFlows.openWorldLoadLevelStem(WorldOpenFlows.java:346) ~[neoforge-21.1.219.jar%23190!/:?]
	at TRANSFORMER/minecraft@1.21.1/net.minecraft.client.gui.screens.worldselection.WorldOpenFlows.openWorldCheckVersionCompatibility(WorldOpenFlows.java:335) ~[neoforge-21.1.219.jar%23190!/:?]
	at TRANSFORMER/minecraft@1.21.1/net.minecraft.client.gui.screens.worldselection.WorldOpenFlows.openWorldLoadLevelData(WorldOpenFlows.java:297) ~[neoforge-21.1.219.jar%23190!/:?]
	at TRANSFORMER/minecraft@1.21.1/net.minecraft.client.gui.screens.worldselection.WorldOpenFlows.openWorld(WorldOpenFlows.java:261) ~[neoforge-21.1.219.jar%23190!/:?]
	at TRANSFORMER/minecraft@1.21.1/net.minecraft.client.gui.screens.worldselection.WorldSelectionList$WorldListEntry.joinWorld(WorldSelectionList.java:498) ~[neoforge-21.1.219.jar%23190!/:?]
	at TRANSFORMER/minecraft@1.21.1/net.minecraft.client.gui.screens.worldselection.WorldSelectionList$WorldListEntry.mouseClicked(WorldSelectionList.java:481) ~[neoforge-21.1.219.jar%23190!/:?]
	at TRANSFORMER/minecraft@1.21.1/net.minecraft.client.gui.components.AbstractSelectionList.mouseClicked(AbstractSelectionList.java:303) ~[neoforge-21.1.219.jar%23190!/:?]
	at TRANSFORMER/minecraft@1.21.1/net.minecraft.client.gui.components.events.ContainerEventHandler.mouseClicked(ContainerEventHandler.java:43) ~[neoforge-21.1.219.jar%23190!/:?]
	at TRANSFORMER/minecraft@1.21.1/net.minecraft.client.MouseHandler.lambda$onPress$0(MouseHandler.java:98) ~[neoforge-21.1.219.jar%23190!/:?]
	at TRANSFORMER/minecraft@1.21.1/net.minecraft.client.gui.screens.Screen.wrapScreenError(Screen.java:451) ~[neoforge-21.1.219.jar%23190!/:?]
	at TRANSFORMER/minecraft@1.21.1/net.minecraft.client.MouseHandler.onPress(MouseHandler.java:95) ~[neoforge-21.1.219.jar%23190!/:?]
	at TRANSFORMER/minecraft@1.21.1/net.minecraft.client.MouseHandler.lambda$setup$4(MouseHandler.java:207) ~[neoforge-21.1.219.jar%23190!/:?]
	at TRANSFORMER/minecraft@1.21.1/net.minecraft.util.thread.BlockableEventLoop.execute(BlockableEventLoop.java:98) ~[neoforge-21.1.219.jar%23190!/:?]
	at TRANSFORMER/minecraft@1.21.1/net.minecraft.client.MouseHandler.lambda$setup$5(MouseHandler.java:207) ~[neoforge-21.1.219.jar%23190!/:?]
	at MC-BOOTSTRAP/org.lwjgl.glfw@3.3.3+5/org.lwjgl.glfw.GLFWMouseButtonCallbackI.callback(GLFWMouseButtonCallbackI.java:43) ~[lwjgl-glfw-3.3.3.jar%23172!/:build 5]
	at MC-BOOTSTRAP/org.lwjgl@3.3.3+5/org.lwjgl.system.JNI.invokeV(Native Method) ~[lwjgl-3.3.3.jar%23183!/:build 5]
	at MC-BOOTSTRAP/org.lwjgl.glfw@3.3.3+5/org.lwjgl.glfw.GLFW.glfwWaitEventsTimeout(GLFW.java:3509) ~[lwjgl-glfw-3.3.3.jar%23172!/:build 5]
	at TRANSFORMER/minecraft@1.21.1/com.mojang.blaze3d.systems.RenderSystem.limitDisplayFPS(RenderSystem.java:162) ~[neoforge-21.1.219.jar%23190!/:?]
	at TRANSFORMER/minecraft@1.21.1/net.minecraft.client.Minecraft.runTick(Minecraft.java:1226) ~[neoforge-21.1.219.jar%23190!/:?]
	at TRANSFORMER/minecraft@1.21.1/net.minecraft.client.Minecraft.run(Minecraft.java:813) ~[neoforge-21.1.219.jar%23190!/:?]
	at TRANSFORMER/minecraft@1.21.1/net.minecraft.client.main.Main.main(Main.java:230) ~[neoforge-21.1.219.jar%23190!/:?]
	at java.base/jdk.internal.reflect.DirectMethodHandleAccessor.invoke(DirectMethodHandleAccessor.java:103) ~[?:?]
	at java.base/java.lang.reflect.Method.invoke(Method.java:580) ~[?:?]
	at MC-BOOTSTRAP/fml_loader@4.0.42/net.neoforged.fml.loading.targets.CommonLaunchHandler.runTarget(CommonLaunchHandler.java:136) ~[loader-4.0.42.jar%23146!/:4.0]
	at MC-BOOTSTRAP/fml_loader@4.0.42/net.neoforged.fml.loading.targets.CommonLaunchHandler.clientService(CommonLaunchHandler.java:124) ~[loader-4.0.42.jar%23146!/:4.0]
	at MC-BOOTSTRAP/fml_loader@4.0.42/net.neoforged.fml.loading.targets.NeoForgeClientDevLaunchHandler.runService(NeoForgeClientDevLaunchHandler.java:23) ~[loader-4.0.42.jar%23146!/:4.0]
	at MC-BOOTSTRAP/fml_loader@4.0.42/net.neoforged.fml.loading.targets.CommonLaunchHandler.lambda$launchService$4(CommonLaunchHandler.java:118) ~[loader-4.0.42.jar%23146!/:4.0]
	at MC-BOOTSTRAP/cpw.mods.modlauncher@11.0.5/cpw.mods.modlauncher.LaunchServiceHandlerDecorator.launch(LaunchServiceHandlerDecorator.java:30) [modlauncher-11.0.5.jar%23128!/:?]
	at MC-BOOTSTRAP/cpw.mods.modlauncher@11.0.5/cpw.mods.modlauncher.LaunchServiceHandler.launch(LaunchServiceHandler.java:53) [modlauncher-11.0.5.jar%23128!/:?]
	at MC-BOOTSTRAP/cpw.mods.modlauncher@11.0.5/cpw.mods.modlauncher.LaunchServiceHandler.launch(LaunchServiceHandler.java:71) [modlauncher-11.0.5.jar%23128!/:?]
	at MC-BOOTSTRAP/cpw.mods.modlauncher@11.0.5/cpw.mods.modlauncher.Launcher.run(Launcher.java:103) [modlauncher-11.0.5.jar%23128!/:?]
	at MC-BOOTSTRAP/cpw.mods.modlauncher@11.0.5/cpw.mods.modlauncher.Launcher.main(Launcher.java:74) [modlauncher-11.0.5.jar%23128!/:?]
	at MC-BOOTSTRAP/cpw.mods.modlauncher@11.0.5/cpw.mods.modlauncher.BootstrapLaunchConsumer.accept(BootstrapLaunchConsumer.java:26) [modlauncher-11.0.5.jar%23128!/:?]
	at MC-BOOTSTRAP/cpw.mods.modlauncher@11.0.5/cpw.mods.modlauncher.BootstrapLaunchConsumer.accept(BootstrapLaunchConsumer.java:23) [modlauncher-11.0.5.jar%23128!/:?]
	at cpw.mods.bootstraplauncher@2.0.2/cpw.mods.bootstraplauncher.BootstrapLauncher.run(BootstrapLauncher.java:210) [bootstraplauncher-2.0.2.jar:?]
	at cpw.mods.bootstraplauncher@2.0.2/cpw.mods.bootstraplauncher.BootstrapLauncher.main(BootstrapLauncher.java:69) [bootstraplauncher-2.0.2.jar:?]
	at java.base/jdk.internal.reflect.DirectMethodHandleAccessor.invoke(DirectMethodHandleAccessor.java:103) ~[?:?]
	at java.base/java.lang.reflect.Method.invoke(Method.java:580) ~[?:?]
	at net.neoforged.devlaunch.Main.main(Main.java:57) [DevLaunch-1.0.2.jar:?]
[304月2026 15:45:27.523] [Render thread/ERROR] [net.minecraft.world.item.crafting.RecipeManager/]: Parsing error loading recipe create:crushing/emerald_ore
com.google.gson.JsonParseException: Failed to parse either. First: No key amount in MapLike[{"chance":0.2,"item":"chemica:chromium_dust"}]; No key id in MapLike[{"chance":0.2,"item":"chemica:chromium_dust"}]; Second: Failed to parse either. First: No key id in MapLike[{"chance":0.2,"item":"chemica:chromium_dust"}]; Second: Failed to parse either. First: Not a JSON object: "chemica:chromium_dust"; Second: Compat cannot be deserialized; Failed to parse either. First: No key amount in MapLike[{"chance":0.125,"item":"minecraft:cobblestone"}]; No key id in MapLike[{"chance":0.125,"item":"minecraft:cobblestone"}]; Second: Failed to parse either. First: No key id in MapLike[{"chance":0.125,"item":"minecraft:cobblestone"}]; Second: Failed to parse either. First: Not a JSON object: "minecraft:cobblestone"; Second: Compat cannot be deserialized; Failed to parse either. First: No key amount in MapLike[{"chance":0.75,"item":"create:experience_nugget"}]; No key id in MapLike[{"chance":0.75,"item":"create:experience_nugget"}]; Second: Failed to parse either. First: No key id in MapLike[{"chance":0.75,"item":"create:experience_nugget"}]; Second: Failed to parse either. First: Not a JSON object: "create:experience_nugget"; Second: Compat cannot be deserialized; Failed to parse either. First: No key amount in MapLike[{"chance":0.75,"item":"minecraft:emerald"}]; No key id in MapLike[{"chance":0.75,"item":"minecraft:emerald"}]; Second: Failed to parse either. First: No key id in MapLike[{"chance":0.75,"item":"minecraft:emerald"}]; Second: Failed to parse either. First: Not a JSON object: "minecraft:emerald"; Second: Compat cannot be deserialized; Failed to parse either. First: No key amount in MapLike[{"count":1,"item":"minecraft:emerald"}]; No key id in MapLike[{"count":1,"item":"minecraft:emerald"}]; Second: Failed to parse either. First: No key id in MapLike[{"count":1,"item":"minecraft:emerald"}]; Second: Failed to parse either. First: Not a JSON object: "minecraft:emerald"; Second: Compat cannot be deserialized
	at MC-BOOTSTRAP/datafixerupper@8.0.16/com.mojang.serialization.DataResult$Error.getOrThrow(DataResult.java:287) ~[datafixerupper-8.0.16.jar%23121!/:?]
	at TRANSFORMER/minecraft@1.21.1/net.minecraft.world.item.crafting.RecipeManager.apply(RecipeManager.java:60) ~[neoforge-21.1.219.jar%23190!/:?]
	at TRANSFORMER/minecraft@1.21.1/net.minecraft.world.item.crafting.RecipeManager.apply(RecipeManager.java:36) ~[neoforge-21.1.219.jar%23190!/:?]
	at TRANSFORMER/minecraft@1.21.1/net.minecraft.server.packs.resources.SimplePreparableReloadListener.lambda$reload$1(SimplePreparableReloadListener.java:19) ~[neoforge-21.1.219.jar%23190!/:?]
	at java.base/java.util.concurrent.CompletableFuture$UniAccept.tryFire(CompletableFuture.java:718) ~[?:?]
	at java.base/java.util.concurrent.CompletableFuture$Completion.run(CompletableFuture.java:482) ~[?:?]
	at TRANSFORMER/minecraft@1.21.1/net.minecraft.server.packs.resources.SimpleReloadInstance.lambda$new$3(SimpleReloadInstance.java:86) ~[neoforge-21.1.219.jar%23190!/:?]
	at TRANSFORMER/minecraft@1.21.1/net.minecraft.util.thread.BlockableEventLoop.doRunTask(BlockableEventLoop.java:151) ~[neoforge-21.1.219.jar%23190!/:?]
	at TRANSFORMER/minecraft@1.21.1/net.minecraft.util.thread.ReentrantBlockableEventLoop.doRunTask(ReentrantBlockableEventLoop.java:24) ~[neoforge-21.1.219.jar%23190!/:?]
	at TRANSFORMER/minecraft@1.21.1/net.minecraft.util.thread.BlockableEventLoop.pollTask(BlockableEventLoop.java:122) ~[neoforge-21.1.219.jar%23190!/:?]
	at TRANSFORMER/minecraft@1.21.1/net.minecraft.util.thread.BlockableEventLoop.managedBlock(BlockableEventLoop.java:135) ~[neoforge-21.1.219.jar%23190!/:?]
	at TRANSFORMER/minecraft@1.21.1/net.minecraft.client.gui.screens.worldselection.WorldOpenFlows.loadWorldDataBlocking(WorldOpenFlows.java:201) ~[neoforge-21.1.219.jar%23190!/:?]
	at TRANSFORMER/minecraft@1.21.1/net.minecraft.client.gui.screens.worldselection.WorldOpenFlows.loadWorldStem(WorldOpenFlows.java:142) ~[neoforge-21.1.219.jar%23190!/:?]
	at TRANSFORMER/minecraft@1.21.1/net.minecraft.client.gui.screens.worldselection.WorldOpenFlows.openWorldLoadLevelStem(WorldOpenFlows.java:346) ~[neoforge-21.1.219.jar%23190!/:?]
	at TRANSFORMER/minecraft@1.21.1/net.minecraft.client.gui.screens.worldselection.WorldOpenFlows.openWorldCheckVersionCompatibility(WorldOpenFlows.java:335) ~[neoforge-21.1.219.jar%23190!/:?]
	at TRANSFORMER/minecraft@1.21.1/net.minecraft.client.gui.screens.worldselection.WorldOpenFlows.openWorldLoadLevelData(WorldOpenFlows.java:297) ~[neoforge-21.1.219.jar%23190!/:?]
	at TRANSFORMER/minecraft@1.21.1/net.minecraft.client.gui.screens.worldselection.WorldOpenFlows.openWorld(WorldOpenFlows.java:261) ~[neoforge-21.1.219.jar%23190!/:?]
	at TRANSFORMER/minecraft@1.21.1/net.minecraft.client.gui.screens.worldselection.WorldSelectionList$WorldListEntry.joinWorld(WorldSelectionList.java:498) ~[neoforge-21.1.219.jar%23190!/:?]
	at TRANSFORMER/minecraft@1.21.1/net.minecraft.client.gui.screens.worldselection.WorldSelectionList$WorldListEntry.mouseClicked(WorldSelectionList.java:481) ~[neoforge-21.1.219.jar%23190!/:?]
	at TRANSFORMER/minecraft@1.21.1/net.minecraft.client.gui.components.AbstractSelectionList.mouseClicked(AbstractSelectionList.java:303) ~[neoforge-21.1.219.jar%23190!/:?]
	at TRANSFORMER/minecraft@1.21.1/net.minecraft.client.gui.components.events.ContainerEventHandler.mouseClicked(ContainerEventHandler.java:43) ~[neoforge-21.1.219.jar%23190!/:?]
	at TRANSFORMER/minecraft@1.21.1/net.minecraft.client.MouseHandler.lambda$onPress$0(MouseHandler.java:98) ~[neoforge-21.1.219.jar%23190!/:?]
	at TRANSFORMER/minecraft@1.21.1/net.minecraft.client.gui.screens.Screen.wrapScreenError(Screen.java:451) ~[neoforge-21.1.219.jar%23190!/:?]
	at TRANSFORMER/minecraft@1.21.1/net.minecraft.client.MouseHandler.onPress(MouseHandler.java:95) ~[neoforge-21.1.219.jar%23190!/:?]
	at TRANSFORMER/minecraft@1.21.1/net.minecraft.client.MouseHandler.lambda$setup$4(MouseHandler.java:207) ~[neoforge-21.1.219.jar%23190!/:?]
	at TRANSFORMER/minecraft@1.21.1/net.minecraft.util.thread.BlockableEventLoop.execute(BlockableEventLoop.java:98) ~[neoforge-21.1.219.jar%23190!/:?]
	at TRANSFORMER/minecraft@1.21.1/net.minecraft.client.MouseHandler.lambda$setup$5(MouseHandler.java:207) ~[neoforge-21.1.219.jar%23190!/:?]
	at MC-BOOTSTRAP/org.lwjgl.glfw@3.3.3+5/org.lwjgl.glfw.GLFWMouseButtonCallbackI.callback(GLFWMouseButtonCallbackI.java:43) ~[lwjgl-glfw-3.3.3.jar%23172!/:build 5]
	at MC-BOOTSTRAP/org.lwjgl@3.3.3+5/org.lwjgl.system.JNI.invokeV(Native Method) ~[lwjgl-3.3.3.jar%23183!/:build 5]
	at MC-BOOTSTRAP/org.lwjgl.glfw@3.3.3+5/org.lwjgl.glfw.GLFW.glfwWaitEventsTimeout(GLFW.java:3509) ~[lwjgl-glfw-3.3.3.jar%23172!/:build 5]
	at TRANSFORMER/minecraft@1.21.1/com.mojang.blaze3d.systems.RenderSystem.limitDisplayFPS(RenderSystem.java:162) ~[neoforge-21.1.219.jar%23190!/:?]
	at TRANSFORMER/minecraft@1.21.1/net.minecraft.client.Minecraft.runTick(Minecraft.java:1226) ~[neoforge-21.1.219.jar%23190!/:?]
	at TRANSFORMER/minecraft@1.21.1/net.minecraft.client.Minecraft.run(Minecraft.java:813) ~[neoforge-21.1.219.jar%23190!/:?]
	at TRANSFORMER/minecraft@1.21.1/net.minecraft.client.main.Main.main(Main.java:230) ~[neoforge-21.1.219.jar%23190!/:?]
	at java.base/jdk.internal.reflect.DirectMethodHandleAccessor.invoke(DirectMethodHandleAccessor.java:103) ~[?:?]
	at java.base/java.lang.reflect.Method.invoke(Method.java:580) ~[?:?]
	at MC-BOOTSTRAP/fml_loader@4.0.42/net.neoforged.fml.loading.targets.CommonLaunchHandler.runTarget(CommonLaunchHandler.java:136) ~[loader-4.0.42.jar%23146!/:4.0]
	at MC-BOOTSTRAP/fml_loader@4.0.42/net.neoforged.fml.loading.targets.CommonLaunchHandler.clientService(CommonLaunchHandler.java:124) ~[loader-4.0.42.jar%23146!/:4.0]
	at MC-BOOTSTRAP/fml_loader@4.0.42/net.neoforged.fml.loading.targets.NeoForgeClientDevLaunchHandler.runService(NeoForgeClientDevLaunchHandler.java:23) ~[loader-4.0.42.jar%23146!/:4.0]
	at MC-BOOTSTRAP/fml_loader@4.0.42/net.neoforged.fml.loading.targets.CommonLaunchHandler.lambda$launchService$4(CommonLaunchHandler.java:118) ~[loader-4.0.42.jar%23146!/:4.0]
	at MC-BOOTSTRAP/cpw.mods.modlauncher@11.0.5/cpw.mods.modlauncher.LaunchServiceHandlerDecorator.launch(LaunchServiceHandlerDecorator.java:30) [modlauncher-11.0.5.jar%23128!/:?]
	at MC-BOOTSTRAP/cpw.mods.modlauncher@11.0.5/cpw.mods.modlauncher.LaunchServiceHandler.launch(LaunchServiceHandler.java:53) [modlauncher-11.0.5.jar%23128!/:?]
	at MC-BOOTSTRAP/cpw.mods.modlauncher@11.0.5/cpw.mods.modlauncher.LaunchServiceHandler.launch(LaunchServiceHandler.java:71) [modlauncher-11.0.5.jar%23128!/:?]
	at MC-BOOTSTRAP/cpw.mods.modlauncher@11.0.5/cpw.mods.modlauncher.Launcher.run(Launcher.java:103) [modlauncher-11.0.5.jar%23128!/:?]
	at MC-BOOTSTRAP/cpw.mods.modlauncher@11.0.5/cpw.mods.modlauncher.Launcher.main(Launcher.java:74) [modlauncher-11.0.5.jar%23128!/:?]
	at MC-BOOTSTRAP/cpw.mods.modlauncher@11.0.5/cpw.mods.modlauncher.BootstrapLaunchConsumer.accept(BootstrapLaunchConsumer.java:26) [modlauncher-11.0.5.jar%23128!/:?]
	at MC-BOOTSTRAP/cpw.mods.modlauncher@11.0.5/cpw.mods.modlauncher.BootstrapLaunchConsumer.accept(BootstrapLaunchConsumer.java:23) [modlauncher-11.0.5.jar%23128!/:?]
	at cpw.mods.bootstraplauncher@2.0.2/cpw.mods.bootstraplauncher.BootstrapLauncher.run(BootstrapLauncher.java:210) [bootstraplauncher-2.0.2.jar:?]
	at cpw.mods.bootstraplauncher@2.0.2/cpw.mods.bootstraplauncher.BootstrapLauncher.main(BootstrapLauncher.java:69) [bootstraplauncher-2.0.2.jar:?]
	at java.base/jdk.internal.reflect.DirectMethodHandleAccessor.invoke(DirectMethodHandleAccessor.java:103) ~[?:?]
	at java.base/java.lang.reflect.Method.invoke(Method.java:580) ~[?:?]
	at net.neoforged.devlaunch.Main.main(Main.java:57) [DevLaunch-1.0.2.jar:?]
[304月2026 15:45:27.532] [Render thread/INFO] [net.minecraft.world.item.crafting.RecipeManager/]: Loaded 3684 recipes
[304月2026 15:45:27.843] [Render thread/INFO] [net.minecraft.advancements.AdvancementTree/]: Loaded 2979 advancements
[304月2026 15:45:27.847] [Render thread/INFO] [com.drmangotea.tfmg.TFMG/]: Added 12 Engine Fuel Types
[304月2026 15:45:27.863] [Render thread/WARN] [net.minecraft.core.MappedRegistry/]: Not all defined tags for registry ResourceKey[minecraft:root / minecraft:block] are present in data pack: minecraft:mineable/pickaxe
[304月2026 15:45:28.950] [Render thread/DEBUG] [net.neoforged.neoforge.common.CommonHooks/WP]: Gathered mod list to write to world save New World
[304月2026 15:45:28.998] [Render thread/DEBUG] [mixin/]: Mixing accessor.PotionBrewingAccessor from create.mixins.json into net.minecraft.world.item.alchemy.PotionBrewing
[304月2026 15:45:29.010] [Server thread/INFO] [net.minecraft.client.server.IntegratedServer/]: Starting integrated minecraft server version 1.21.1
[304月2026 15:45:29.010] [Server thread/INFO] [net.minecraft.server.MinecraftServer/]: Generating keypair
[304月2026 15:45:29.138] [Server thread/DEBUG] [net.neoforged.fml.config.ConfigTracker/CONFIG]: Loading configs type SERVER
[304月2026 15:45:29.140] [Server thread/DEBUG] [net.neoforged.neoforge.common.NeoForgeConfig/FORGEMOD]: Loaded NeoForge config file neoforge-server.toml
[304月2026 15:45:29.140] [Server thread/DEBUG] [net.neoforged.fml.config.ConfigTracker/CONFIG]: Loaded TOML config file D:\chemistry_mod_xample\Chemistrial\run\config\neoforge-server.toml
[304月2026 15:45:29.141] [Server thread/DEBUG] [net.neoforged.fml.config.ConfigTracker/CONFIG]: Watching TOML config file D:\chemistry_mod_xample\Chemistrial\run\config\neoforge-server.toml for changes
[304月2026 15:45:29.142] [Server thread/DEBUG] [net.neoforged.fml.config.ConfigTracker/CONFIG]: Loaded TOML config file D:\chemistry_mod_xample\Chemistrial\run\config\tfmg-server.toml
[304月2026 15:45:29.143] [Server thread/DEBUG] [net.neoforged.fml.config.ConfigTracker/CONFIG]: Watching TOML config file D:\chemistry_mod_xample\Chemistrial\run\config\tfmg-server.toml for changes
[304月2026 15:45:29.147] [Server thread/DEBUG] [net.neoforged.fml.config.ConfigTracker/CONFIG]: Loaded TOML config file D:\chemistry_mod_xample\Chemistrial\run\config\create-server.toml
[304月2026 15:45:29.147] [Server thread/DEBUG] [net.neoforged.fml.config.ConfigTracker/CONFIG]: Watching TOML config file D:\chemistry_mod_xample\Chemistrial\run\config\create-server.toml for changes
[304月2026 15:45:29.192] [Server thread/DEBUG] [mixin/]: Mixing accessor.BiomeManagerAccessor from ponder-common.mixins.json into net.minecraft.world.level.biome.BiomeManager
[304月2026 15:45:29.192] [Server thread/DEBUG] [mixin/]: ponder-common.mixins.json:accessor.BiomeManagerAccessor from mod ponder: Class version 65 required is higher than the class version supported by the current version of Mixin (JAVA_17 supports class version 61)
[304月2026 15:45:29.290] [Server thread/DEBUG] [mixin/]: Mixing light.LightEngineAccessor from flywheel.backend.mixins.json into net.minecraft.world.level.lighting.LightEngine
[304月2026 15:45:29.298] [Server thread/DEBUG] [mixin/]: Mixing light.LayerLightSectionStorageAccessor from flywheel.backend.mixins.json into net.minecraft.world.level.lighting.LayerLightSectionStorage
[304月2026 15:45:29.305] [Server thread/DEBUG] [mixin/]: Mixing light.SkyLightSectionStorageMixin from flywheel.backend.mixins.json into net.minecraft.world.level.lighting.SkyLightSectionStorage
[304月2026 15:45:29.315] [Server thread/DEBUG] [mixin/]: Mixing light.SkyDataLayerStorageMapAccessor from flywheel.backend.mixins.json into net.minecraft.world.level.lighting.SkyLightSectionStorage$SkyDataLayerStorageMap
[304月2026 15:45:29.377] [Server thread/DEBUG] [com.simibubi.create.Create/]: Prepared Redstone Network Space for minecraft:overworld
[304月2026 15:45:29.378] [Server thread/DEBUG] [com.simibubi.create.Create/]: Prepared Kinetic Network Space for minecraft:overworld
[304月2026 15:45:29.402] [Server thread/DEBUG] [com.simibubi.create.Create/]: Prepared Redstone Network Space for minecraft:the_end
[304月2026 15:45:29.402] [Server thread/DEBUG] [com.simibubi.create.Create/]: Prepared Kinetic Network Space for minecraft:the_end
[304月2026 15:45:29.408] [Server thread/DEBUG] [com.simibubi.create.Create/]: Prepared Redstone Network Space for minecraft:the_nether
[304月2026 15:45:29.408] [Server thread/DEBUG] [com.simibubi.create.Create/]: Prepared Kinetic Network Space for minecraft:the_nether
[304月2026 15:45:29.411] [Server thread/INFO] [net.minecraft.server.MinecraftServer/]: Preparing start region for dimension minecraft:overworld
[304月2026 15:45:29.652] [progressListener/INFO] [net.minecraft.server.level.progress.LoggerChunkProgressListener/]: 正在準備重生點區域：0%
[304月2026 15:45:29.696] [Server thread/INFO] [net.neoforged.neoforge.server.permission.PermissionAPI/]: Successfully initialized permission handler neoforge:default_handler
[304月2026 15:45:29.697] [Server thread/INFO] [net.twolucasplay.chemistrial.Chemistrial/]: HELLO from server starting
[304月2026 15:45:29.717] [progressListener/INFO] [net.minecraft.server.level.progress.LoggerChunkProgressListener/]: Time elapsed: 288 ms
[304月2026 15:45:29.821] [Server thread/INFO] [net.minecraft.client.server.IntegratedServer/]: Changing view distance to 12, from 10
[304月2026 15:45:29.822] [Server thread/INFO] [net.minecraft.client.server.IntegratedServer/]: Changing simulation distance to 12, from 0
[304月2026 15:45:29.858] [Render thread/DEBUG] [io.netty.channel.MultithreadEventLoopGroup/]: -Dio.netty.eventLoopThreads: 24
[304月2026 15:45:29.875] [Render thread/DEBUG] [io.netty.util.concurrent.GlobalEventExecutor/]: -Dio.netty.globalEventExecutor.quietPeriodSeconds: 1
[304月2026 15:45:29.892] [Render thread/DEBUG] [io.netty.channel.nio.NioEventLoop/]: -Dio.netty.noKeySetOptimization: false
[304月2026 15:45:29.892] [Render thread/DEBUG] [io.netty.channel.nio.NioEventLoop/]: -Dio.netty.selectorAutoRebuildThreshold: 512
[304月2026 15:45:29.898] [Render thread/DEBUG] [io.netty.util.internal.PlatformDependent/]: org.jctools-core.MpscChunkedArrayQueue: available
[304月2026 15:45:29.981] [Render thread/DEBUG] [io.netty.channel.DefaultChannelId/]: -Dio.netty.processId: 37348 (auto-detected)
[304月2026 15:45:29.987] [Render thread/DEBUG] [io.netty.util.NetUtil/]: -Djava.net.preferIPv4Stack: false
[304月2026 15:45:29.987] [Render thread/DEBUG] [io.netty.util.NetUtil/]: -Djava.net.preferIPv6Addresses: system
[304月2026 15:45:30.003] [Render thread/DEBUG] [io.netty.util.NetUtilInitializations/]: Loopback interface: loopback_0 (Software Loopback Interface 1, 0:0:0:0:0:0:0:1)
[304月2026 15:45:30.007] [Render thread/DEBUG] [io.netty.util.NetUtil/]: Failed to get SOMAXCONN from sysctl and file \proc\sys\net\core\somaxconn. Default: 200
[304月2026 15:45:30.010] [Render thread/DEBUG] [io.netty.channel.DefaultChannelId/]: -Dio.netty.machineId: 00:00:00:00:00:00:00:e0 (auto-detected)
[304月2026 15:45:30.077] [Render thread/DEBUG] [io.netty.util.Recycler/]: -Dio.netty.recycler.maxCapacityPerThread: 4096
[304月2026 15:45:30.077] [Render thread/DEBUG] [io.netty.util.Recycler/]: -Dio.netty.recycler.ratio: 8
[304月2026 15:45:30.077] [Render thread/DEBUG] [io.netty.util.Recycler/]: -Dio.netty.recycler.chunkSize: 32
[304月2026 15:45:30.077] [Render thread/DEBUG] [io.netty.util.Recycler/]: -Dio.netty.recycler.blocking: false
[304月2026 15:45:30.077] [Render thread/DEBUG] [io.netty.util.Recycler/]: -Dio.netty.recycler.batchFastThreadLocalOnly: true
[304月2026 15:45:30.259] [Netty Server IO #1/DEBUG] [net.neoforged.neoforge.network.filters.NetworkFilters/]: Injected net.neoforged.neoforge.network.filters.GenericPacketSplitter@3909868b into net.minecraft.network.Connection@6d1b19b6
[304月2026 15:45:30.273] [Netty Local Client IO #0/DEBUG] [net.neoforged.neoforge.network.filters.NetworkFilters/]: Injected net.neoforged.neoforge.network.filters.GenericPacketSplitter@5cf54797 into net.minecraft.network.Connection@22b37d3b
[304月2026 15:45:30.346] [Render thread/INFO] [com.simibubi.create.Create/]: Created 157 recipes which will be injected into the game
[304月2026 15:45:30.348] [Render thread/INFO] [com.simibubi.create.Create/]: Created 0 tags which will be injected into the game
[304月2026 15:45:30.607] [Render thread/DEBUG] [mixin/]: Mixing client.accessor.ClientPacketListenerAccessor from ponder-common.mixins.json into net.minecraft.client.multiplayer.ClientPacketListener
[304月2026 15:45:30.608] [Render thread/DEBUG] [mixin/]: ponder-common.mixins.json:client.accessor.ClientPacketListenerAccessor from mod ponder: Class version 65 required is higher than the class version supported by the current version of Mixin (JAVA_17 supports class version 61)
[304月2026 15:45:30.631] [Netty Server IO #1/DEBUG] [net.neoforged.neoforge.network.filters.NetworkFilters/]: Injected net.neoforged.neoforge.network.filters.GenericPacketSplitter@a0349aa into net.minecraft.network.Connection@6d1b19b6
[304月2026 15:45:30.708] [Server thread/INFO] [net.minecraft.server.players.PlayerList/]: Dev[local:E:87872f9c] logged in with entity id 1 at (13.0115529377977, -59.12619754587989, 26.66881412787235)
[304月2026 15:45:30.726] [Render thread/DEBUG] [mixin/]: Mixing ClientChunkCacheMixin from flywheel.impl.mixins.json into net.minecraft.client.multiplayer.ClientChunkCache
[304月2026 15:45:30.729] [Render thread/DEBUG] [mixin/]: flywheel.impl.mixins.json:ClientChunkCacheMixin from mod flywheel->@Inject::flywheel$onLightUpdate(Lnet/minecraft/world/level/LightLayer;Lnet/minecraft/core/SectionPos;Lorg/spongepowered/asm/mixin/injection/callback/CallbackInfo;)V doesn't use it's CallbackInfo
[304月2026 15:45:30.729] [Render thread/DEBUG] [mixin/]: flywheel.impl.mixins.json:ClientChunkCacheMixin from mod flywheel->@Inject::flywheel$onLightUpdate(Lnet/minecraft/world/level/LightLayer;Lnet/minecraft/core/SectionPos;Lorg/spongepowered/asm/mixin/injection/callback/CallbackInfo;)V has 0 override(s) in child classes
[304月2026 15:45:30.729] [Render thread/DEBUG] [mixin/]: flywheel.impl.mixins.json:ClientChunkCacheMixin from mod flywheel->@Inject::flywheel$onLightUpdate(Lnet/minecraft/world/level/LightLayer;Lnet/minecraft/core/SectionPos;Lorg/spongepowered/asm/mixin/injection/callback/CallbackInfo;)V won't be passed a CallbackInfo as a result
[304月2026 15:45:30.752] [Render thread/DEBUG] [com.simibubi.create.Create/]: Prepared Redstone Network Space for minecraft:overworld
[304月2026 15:45:30.752] [Render thread/DEBUG] [com.simibubi.create.Create/]: Prepared Kinetic Network Space for minecraft:overworld
[304月2026 15:45:30.754] [Server thread/INFO] [net.minecraft.server.MinecraftServer/]: Dev 加入了遊戲
[304月2026 15:45:30.774] [Render thread/DEBUG] [mixin/]: Mixing visualmanage.SectionCompilerMixin from flywheel.impl.mixins.json into net.minecraft.client.renderer.chunk.SectionCompiler
[304月2026 15:45:30.775] [Render thread/DEBUG] [mixin/]: flywheel.impl.mixins.json:visualmanage.SectionCompilerMixin from mod flywheel->@Inject::flywheel$tryAddBlockEntity(Ljava/lang/Object;Lnet/minecraft/world/level/block/entity/BlockEntity;Lorg/spongepowered/asm/mixin/injection/callback/CallbackInfo;)V does use it's CallbackInfo
[304月2026 15:45:30.916] [Render thread/INFO] [flywheel/]: Started 6 worker threads
[304月2026 15:45:31.001] [Render thread/INFO] [net.minecraft.advancements.AdvancementTree/]: Loaded 112 advancements
[304月2026 15:45:31.054] [Render thread/DEBUG] [mixin/]: Mixing ProjectileUtilMixin from create.mixins.json into net.minecraft.world.entity.projectile.ProjectileUtil
[304月2026 15:46:09.548] [Server thread/INFO] [net.minecraft.client.server.IntegratedServer/]: Saving and pausing game...
[304月2026 15:46:09.574] [Server thread/INFO] [net.minecraft.server.MinecraftServer/]: Saving chunks for level 'ServerLevel[New World]'/minecraft:overworld
[304月2026 15:46:09.579] [Server thread/INFO] [net.minecraft.server.MinecraftServer/]: Saving chunks for level 'ServerLevel[New World]'/minecraft:the_end
[304月2026 15:46:09.580] [Server thread/INFO] [net.minecraft.server.MinecraftServer/]: Saving chunks for level 'ServerLevel[New World]'/minecraft:the_nether
[304月2026 15:46:09.581] [Server thread/DEBUG] [net.neoforged.neoforge.common.CommonHooks/WP]: Gathered mod list to write to world save New World
[304月2026 15:47:19.497] [Server thread/INFO] [net.minecraft.client.server.IntegratedServer/]: Saving and pausing game...
[304月2026 15:47:19.507] [Server thread/INFO] [net.minecraft.server.MinecraftServer/]: Saving chunks for level 'ServerLevel[New World]'/minecraft:overworld
[304月2026 15:47:19.509] [Server thread/INFO] [net.minecraft.server.MinecraftServer/]: Saving chunks for level 'ServerLevel[New World]'/minecraft:the_end
[304月2026 15:47:19.509] [Server thread/INFO] [net.minecraft.server.MinecraftServer/]: Saving chunks for level 'ServerLevel[New World]'/minecraft:the_nether
[304月2026 15:47:19.511] [Server thread/DEBUG] [net.neoforged.neoforge.common.CommonHooks/WP]: Gathered mod list to write to world save New World
[304月2026 15:47:19.988] [Render thread/DEBUG] [com.simibubi.create.Create/]: Removed Redstone Network Space for minecraft:overworld
[304月2026 15:47:19.988] [Render thread/DEBUG] [com.simibubi.create.Create/]: Removed Kinetic Network Space for minecraft:overworld
[304月2026 15:47:20.000] [Server thread/INFO] [net.minecraft.server.network.ServerGamePacketListenerImpl/]: Dev lost connection: 連線中斷
[304月2026 15:47:20.000] [Server thread/INFO] [net.minecraft.server.MinecraftServer/]: Dev 離開了遊戲
[304月2026 15:47:20.014] [Server thread/INFO] [net.minecraft.server.network.ServerCommonPacketListenerImpl/]: Stopping singleplayer server as player logged out
[304月2026 15:47:20.055] [Server thread/INFO] [net.minecraft.server.MinecraftServer/]: Stopping server
[304月2026 15:47:20.056] [Server thread/INFO] [net.minecraft.server.MinecraftServer/]: Saving players
[304月2026 15:47:20.057] [Server thread/INFO] [net.minecraft.server.MinecraftServer/]: Saving worlds
[304月2026 15:47:20.181] [Server thread/INFO] [net.minecraft.server.MinecraftServer/]: Saving chunks for level 'ServerLevel[New World]'/minecraft:overworld
[304月2026 15:47:20.209] [Server thread/INFO] [net.minecraft.server.MinecraftServer/]: Saving chunks for level 'ServerLevel[New World]'/minecraft:the_end
[304月2026 15:47:20.214] [Server thread/INFO] [net.minecraft.server.MinecraftServer/]: Saving chunks for level 'ServerLevel[New World]'/minecraft:the_nether
[304月2026 15:47:20.220] [Server thread/DEBUG] [net.neoforged.neoforge.common.CommonHooks/WP]: Gathered mod list to write to world save New World
[304月2026 15:47:20.232] [Server thread/INFO] [net.minecraft.server.MinecraftServer/]: ThreadedAnvilChunkStorage (New World): All chunks are saved
[304月2026 15:47:20.232] [Server thread/INFO] [net.minecraft.server.MinecraftServer/]: ThreadedAnvilChunkStorage (DIM1): All chunks are saved
[304月2026 15:47:20.232] [Server thread/INFO] [net.minecraft.server.MinecraftServer/]: ThreadedAnvilChunkStorage (DIM-1): All chunks are saved
[304月2026 15:47:20.232] [Server thread/INFO] [net.minecraft.server.MinecraftServer/]: ThreadedAnvilChunkStorage: All dimensions are saved
[304月2026 15:47:20.234] [Server thread/DEBUG] [com.simibubi.create.Create/]: Removed Redstone Network Space for minecraft:overworld
[304月2026 15:47:20.234] [Server thread/DEBUG] [com.simibubi.create.Create/]: Removed Kinetic Network Space for minecraft:overworld
[304月2026 15:47:20.245] [Server thread/DEBUG] [com.simibubi.create.Create/]: Removed Redstone Network Space for minecraft:the_end
[304月2026 15:47:20.245] [Server thread/DEBUG] [com.simibubi.create.Create/]: Removed Kinetic Network Space for minecraft:the_end
[304月2026 15:47:20.246] [Server thread/DEBUG] [com.simibubi.create.Create/]: Removed Redstone Network Space for minecraft:the_nether
[304月2026 15:47:20.246] [Server thread/DEBUG] [com.simibubi.create.Create/]: Removed Kinetic Network Space for minecraft:the_nether
[304月2026 15:47:20.248] [Server thread/DEBUG] [net.neoforged.fml.config.ConfigTracker/CONFIG]: Unloading configs type SERVER
[304月2026 15:47:20.810] [Render thread/INFO] [net.minecraft.client.Minecraft/]: Stopping!
